fps_id,fps_name,owner_id,district,taluk,latitude,longitude,capacity_kg,warehouse_id,status,opening_hours,created_at
FPS-0001,Jan Seva Fair Price Shop 001,OFF-06001,BENGALURU_URBAN,BEN-Taluk-3,13.324897,77.887401,918,WH-001,ACTIVE,09:00-18:00,2024-08-20
FPS-0002,Laxmi Fair Price Shop 002,OFF-06002,MYSURU,MYS-Taluk-4,12.130101,76.464161,3500,WH-002,ACTIVE,09:00-18:00,2023-07-07
FPS-0003,Samridhi Fair Price Shop 003,OFF-06003,TUMAKURU,TUM-Taluk-1,13.395854,76.927554,3000,WH-003,ACTIVE,09:00-18:00,2024-06-27
FPS-0004,Vikas Fair Price Shop 004,OFF-06004,MANDYA,MAN-Taluk-4,12.423851,76.793313,3000,WH-004,SUSPENDED,09:00-18:00,2023-02-16
FPS-0005,Ujala Fair Price Shop 005,OFF-06005,HASSAN,HAS-Taluk-2,13.237108,76.220089,3500,WH-005,ACTIVE,09:00-18:00,2024-03-30
FPS-0006,Bharat Fair Price Shop 006,OFF-06006,SHIVAMOGGA,SHI-Taluk-4,13.862575,75.561869,2000,WH-006,ACTIVE,09:00-18:00,2024-09-22
FPS-0007,Surya Fair Price Shop 007,OFF-06007,BENGALURU_URBAN,BEN-Taluk-3,12.690828,77.559077,2500,WH-007,ACTIVE,09:00-18:00,2024-02-25
FPS-0008,Grama Fair Price Shop 008,OFF-06008,MYSURU,MYS-Taluk-1,12.528687,76.325398,2000,WH-008,ACTIVE,09:00-18:00,2023-11-23
FPS-0009,Santosh Fair Price Shop 009,OFF-06009,TUMAKURU,TUM-Taluk-1,13.39894,77.095383,2000,WH-009,ACTIVE,09:00-18:00,2023-05-10
FPS-0010,Ganga Fair Price Shop 010,OFF-06010,MANDYA,MAN-Taluk-2,12.882361,76.981326,2500,WH-010,ACTIVE,09:00-18:00,2024-02-01
FPS-0011,Grama Fair Price Shop 011,OFF-06011,HASSAN,HAS-Taluk-2,12.869214,76.296243,2500,WH-011,ACTIVE,09:00-18:00,2023-12-20
FPS-0012,Samridhi Fair Price Shop 012,OFF-06012,SHIVAMOGGA,SHI-Taluk-4,13.786001,75.670479,3000,WH-012,ACTIVE,09:00-18:00,2024-01-28
FPS-0013,Jai Karnataka Fair Price Shop 013,OFF-06013,BENGALURU_URBAN,BEN-Taluk-2,12.893299,77.496665,2000,WH-013,ACTIVE,09:00-18:00,2023-07-07
FPS-0014,Namma Fair Price Shop 014,OFF-06014,MYSURU,MYS-Taluk-1,12.356649,76.736884,2000,WH-014,ACTIVE,09:00-18:00,2023-12-23
FPS-0015,Bharat Fair Price Shop 015,OFF-06015,TUMAKURU,TUM-Taluk-3,13.608955,76.816619,2500,WH-015,ACTIVE,09:00-18:00,2024-04-09
FPS-0016,Surya Fair Price Shop 016,OFF-06016,MANDYA,MAN-Taluk-3,12.450702,76.634937,3000,WH-016,ACTIVE,09:00-18:00,2023-07-31
FPS-0017,Bharat Fair Price Shop 017,OFF-06017,HASSAN,HAS-Taluk-4,13.254894,75.66061,2000,WH-017,SUSPENDED,09:00-18:00,2024-05-11
FPS-0018,Grama Fair Price Shop 018,OFF-06018,SHIVAMOGGA,SHI-Taluk-3,13.490515,75.662928,1500,WH-018,ACTIVE,09:00-18:00,2023-07-16
FPS-0019,Anna Fair Price Shop 019,OFF-06019,BENGALURU_URBAN,BEN-Taluk-3,12.853278,77.763,3500,WH-019,ACTIVE,09:00-18:00,2024-03-28
FPS-0020,Samridhi Fair Price Shop 020,OFF-06020,MYSURU,MYS-Taluk-3,12.33417,76.401894,2500,WH-020,SUSPENDED,09:00-18:00,2024-10-19
FPS-0021,Vikas Fair Price Shop 021,OFF-06021,TUMAKURU,TUM-Taluk-1,13.702627,76.909885,1500,WH-021,ACTIVE,09:00-18:00,2024-11-23
FPS-0022,Bharat Fair Price Shop 022,OFF-06022,MANDYA,MAN-Taluk-1,12.380402,76.660675,2500,WH-022,ACTIVE,09:00-18:00,2024-07-15
FPS-0023,Kaveri Fair Price Shop 023,OFF-06023,HASSAN,HAS-Taluk-2,12.727105,76.17995,2000,WH-023,ACTIVE,09:00-18:00,2023-10-02
FPS-0024,Surya Fair Price Shop 024,OFF-06024,SHIVAMOGGA,SHI-Taluk-1,13.710228,75.811105,2000,WH-024,SUSPENDED,09:00-18:00,2023-10-31
FPS-0025,Sahyadri Fair Price Shop 025,OFF-06025,BENGALURU_URBAN,BEN-Taluk-4,13.01763,77.719348,2500,WH-025,ACTIVE,09:00-18:00,2023-01-01
FPS-0026,Namma Fair Price Shop 026,OFF-06026,BENGALURU_URBAN,BEN-Taluk-1,13.227358,77.885902,1200,WH-001,SUSPENDED,09:00-18:00,2023-03-04
FPS-0027,Anna Fair Price Shop 027,OFF-06027,MYSURU,MYS-Taluk-4,12.203743,76.742832,1200,WH-002,ACTIVE,09:00-18:00,2023-10-05
FPS-0028,Tunga Fair Price Shop 028,OFF-06028,TUMAKURU,TUM-Taluk-4,13.168105,77.072903,2500,WH-003,ACTIVE,09:00-18:00,2024-10-04
FPS-0029,Santosh Fair Price Shop 029,OFF-06029,MANDYA,MAN-Taluk-2,12.580035,76.886493,2000,WH-004,SUSPENDED,09:00-18:00,2024-11-09
FPS-0030,Santosh Fair Price Shop 030,OFF-06030,HASSAN,HAS-Taluk-3,13.222006,76.069235,3500,WH-005,SUSPENDED,09:00-18:00,2024-03-14
FPS-0031,Kaveri Fair Price Shop 031,OFF-06031,SHIVAMOGGA,SHI-Taluk-1,14.003727,75.408361,2500,WH-006,ACTIVE,09:00-18:00,2024-02-19
FPS-0032,Santosh Fair Price Shop 032,OFF-06032,BENGALURU_URBAN,BEN-Taluk-1,12.548978,77.659959,1500,WH-007,ACTIVE,09:00-18:00,2024-08-17
FPS-0033,Sahyadri Fair Price Shop 033,OFF-06033,MYSURU,MYS-Taluk-1,12.685042,76.509636,3000,WH-008,SUSPENDED,09:00-18:00,2024-11-13
FPS-0034,Ganga Fair Price Shop 034,OFF-06034,TUMAKURU,TUM-Taluk-3,13.700795,77.101495,1500,WH-009,ACTIVE,09:00-18:00,2023-09-02
FPS-0035,Chamundi Fair Price Shop 035,OFF-06035,MANDYA,MAN-Taluk-4,12.680423,77.110194,2000,WH-010,ACTIVE,09:00-18:00,2024-05-29
FPS-0036,Jan Seva Fair Price Shop 036,OFF-06036,HASSAN,HAS-Taluk-1,12.726912,76.114724,2500,WH-011,ACTIVE,09:00-18:00,2024-11-13
FPS-0037,Bharat Fair Price Shop 037,OFF-06037,SHIVAMOGGA,SHI-Taluk-1,13.679177,75.814942,2000,WH-012,ACTIVE,09:00-18:00,2023-06-05
FPS-0038,Surya Fair Price Shop 038,OFF-06038,BENGALURU_URBAN,BEN-Taluk-2,12.778585,77.541761,834,WH-013,SUSPENDED,09:00-18:00,2023-06-12
FPS-0039,Jai Karnataka Fair Price Shop 039,OFF-06039,MYSURU,MYS-Taluk-2,12.390759,76.713601,2000,WH-014,ACTIVE,09:00-18:00,2023-02-09
FPS-0040,Samridhi Fair Price Shop 040,OFF-06040,TUMAKURU,TUM-Taluk-1,13.453789,77.130441,1200,WH-015,ACTIVE,09:00-18:00,2023-11-18
FPS-0041,Santosh Fair Price Shop 041,OFF-06041,MANDYA,MAN-Taluk-4,12.392558,76.482157,2000,WH-016,ACTIVE,09:00-18:00,2024-09-11
FPS-0042,Tunga Fair Price Shop 042,OFF-06042,HASSAN,HAS-Taluk-4,13.314624,75.860998,3500,WH-017,SUSPENDED,09:00-18:00,2024-04-19
FPS-0043,Kaveri Fair Price Shop 043,OFF-06043,SHIVAMOGGA,SHI-Taluk-1,13.483826,75.823625,2500,WH-018,ACTIVE,09:00-18:00,2023-07-22
FPS-0044,Jai Karnataka Fair Price Shop 044,OFF-06044,BENGALURU_URBAN,BEN-Taluk-4,12.982294,77.939703,2000,WH-019,ACTIVE,09:00-18:00,2024-02-25
FPS-0045,Anna Fair Price Shop 045,OFF-06045,MYSURU,MYS-Taluk-2,12.211528,76.451185,2000,WH-020,ACTIVE,09:00-18:00,2023-07-01
FPS-0046,Namma Fair Price Shop 046,OFF-06046,TUMAKURU,TUM-Taluk-4,13.432882,76.979219,2500,WH-021,ACTIVE,09:00-18:00,2023-03-11
FPS-0047,Ganga Fair Price Shop 047,OFF-06047,MANDYA,MAN-Taluk-1,12.256944,76.516062,2500,WH-022,ACTIVE,09:00-18:00,2023-07-22
FPS-0048,Namma Fair Price Shop 048,OFF-06048,HASSAN,HAS-Taluk-4,13.007541,76.108485,1500,WH-023,ACTIVE,09:00-18:00,2023-05-13
FPS-0049,Laxmi Fair Price Shop 049,OFF-06049,SHIVAMOGGA,SHI-Taluk-2,13.580672,75.851626,3000,WH-024,ACTIVE,09:00-18:00,2023-05-31
FPS-0050,Anna Fair Price Shop 050,OFF-06050,BENGALURU_URBAN,BEN-Taluk-2,13.011557,77.772253,1500,WH-025,ACTIVE,09:00-18:00,2023-05-29
FPS-0051,Jan Seva Fair Price Shop 051,OFF-06051,BENGALURU_URBAN,BEN-Taluk-1,13.299143,77.915673,3500,WH-001,ACTIVE,09:00-18:00,2023-02-25
FPS-0052,Samridhi Fair Price Shop 052,OFF-06052,MYSURU,MYS-Taluk-4,11.951184,76.620292,2000,WH-002,ACTIVE,09:00-18:00,2023-09-27
FPS-0053,Jai Karnataka Fair Price Shop 053,OFF-06053,TUMAKURU,TUM-Taluk-1,13.375308,76.884907,1200,WH-003,SUSPENDED,09:00-18:00,2024-10-19
FPS-0054,Laxmi Fair Price Shop 054,OFF-06054,MANDYA,MAN-Taluk-4,12.566547,76.696545,2000,WH-004,ACTIVE,09:00-18:00,2023-06-09
FPS-0055,Bharat Fair Price Shop 055,OFF-06055,HASSAN,HAS-Taluk-3,13.254,76.189834,1500,WH-005,ACTIVE,09:00-18:00,2024-02-26
FPS-0056,Bharat Fair Price Shop 056,OFF-06056,SHIVAMOGGA,SHI-Taluk-1,14.16453,75.313848,2500,WH-006,SUSPENDED,09:00-18:00,2023-11-15
FPS-0057,Sahyadri Fair Price Shop 057,OFF-06057,BENGALURU_URBAN,BEN-Taluk-1,12.69967,77.492279,2500,WH-007,ACTIVE,09:00-18:00,2023-02-25
FPS-0058,Jai Karnataka Fair Price Shop 058,OFF-06058,MYSURU,MYS-Taluk-4,12.614965,76.569057,2500,WH-008,ACTIVE,09:00-18:00,2023-08-14
FPS-0059,Chamundi Fair Price Shop 059,OFF-06059,TUMAKURU,TUM-Taluk-4,13.694955,77.015696,2000,WH-009,ACTIVE,09:00-18:00,2024-08-12
FPS-0060,Ganga Fair Price Shop 060,OFF-06060,MANDYA,MAN-Taluk-3,13.000102,77.221362,2500,WH-010,ACTIVE,09:00-18:00,2023-07-07
FPS-0061,Laxmi Fair Price Shop 061,OFF-06061,HASSAN,HAS-Taluk-2,12.814612,76.2243,2500,WH-011,ACTIVE,09:00-18:00,2024-11-25
FPS-0062,Namma Fair Price Shop 062,OFF-06062,SHIVAMOGGA,SHI-Taluk-2,13.668943,75.766819,2000,WH-012,SUSPENDED,09:00-18:00,2023-02-12
FPS-0063,Ganga Fair Price Shop 063,OFF-06063,BENGALURU_URBAN,BEN-Taluk-3,12.908824,77.610842,2000,WH-013,ACTIVE,09:00-18:00,2023-09-13
FPS-0064,Jai Karnataka Fair Price Shop 064,OFF-06064,MYSURU,MYS-Taluk-1,12.209402,76.738124,3000,WH-014,ACTIVE,09:00-18:00,2024-06-14
FPS-0065,Jan Seva Fair Price Shop 065,OFF-06065,TUMAKURU,TUM-Taluk-1,13.462093,76.97375,1200,WH-015,ACTIVE,09:00-18:00,2024-02-23
FPS-0066,Santosh Fair Price Shop 066,OFF-06066,MANDYA,MAN-Taluk-4,12.421959,76.599243,2500,WH-016,ACTIVE,09:00-18:00,2023-12-17
FPS-0067,Tunga Fair Price Shop 067,OFF-06067,HASSAN,HAS-Taluk-1,13.018857,75.737454,3000,WH-017,ACTIVE,09:00-18:00,2024-01-14
FPS-0068,Ganga Fair Price Shop 068,OFF-06068,SHIVAMOGGA,SHI-Taluk-1,13.517587,75.619412,2000,WH-018,SUSPENDED,09:00-18:00,2023-08-23
FPS-0069,Surya Fair Price Shop 069,OFF-06069,BENGALURU_URBAN,BEN-Taluk-3,12.825642,77.729623,3500,WH-019,ACTIVE,09:00-18:00,2024-10-28
FPS-0070,Ganga Fair Price Shop 070,OFF-06070,MYSURU,MYS-Taluk-2,12.219077,76.533868,2000,WH-020,SUSPENDED,09:00-18:00,2023-08-10
FPS-0071,Shakti Fair Price Shop 071,OFF-06071,TUMAKURU,TUM-Taluk-4,13.595487,76.959273,3000,WH-021,SUSPENDED,09:00-18:00,2024-04-09
FPS-0072,Sahyadri Fair Price Shop 072,OFF-06072,MANDYA,MAN-Taluk-4,12.510789,76.499635,1500,WH-022,ACTIVE,09:00-18:00,2024-05-07
FPS-0073,Grama Fair Price Shop 073,OFF-06073,HASSAN,HAS-Taluk-2,12.860163,75.932287,3000,WH-023,ACTIVE,09:00-18:00,2024-02-22
FPS-0074,Santosh Fair Price Shop 074,OFF-06074,SHIVAMOGGA,SHI-Taluk-4,13.625154,75.834175,2000,WH-024,ACTIVE,09:00-18:00,2024-02-16
FPS-0075,Ujala Fair Price Shop 075,OFF-06075,BENGALURU_URBAN,BEN-Taluk-2,12.917704,77.765902,1013,WH-025,ACTIVE,09:00-18:00,2024-08-10
FPS-0076,Anna Fair Price Shop 076,OFF-06076,BENGALURU_URBAN,BEN-Taluk-1,13.420928,77.733705,3000,WH-001,ACTIVE,09:00-18:00,2023-10-28
FPS-0077,Santosh Fair Price Shop 077,OFF-06077,MYSURU,MYS-Taluk-4,11.947305,76.45004,2500,WH-002,ACTIVE,09:00-18:00,2024-08-29
FPS-0078,Vikas Fair Price Shop 078,OFF-06078,TUMAKURU,TUM-Taluk-3,13.418285,76.964807,2000,WH-003,ACTIVE,09:00-18:00,2024-10-17
FPS-0079,Surya Fair Price Shop 079,OFF-06079,MANDYA,MAN-Taluk-2,12.444037,76.802378,2500,WH-004,ACTIVE,09:00-18:00,2024-05-20
FPS-0080,Laxmi Fair Price Shop 080,OFF-06080,HASSAN,HAS-Taluk-4,13.261738,76.31788,2000,WH-005,ACTIVE,09:00-18:00,2024-02-29
FPS-0081,Bharat Fair Price Shop 081,OFF-06081,SHIVAMOGGA,SHI-Taluk-2,14.110555,75.367652,2000,WH-006,ACTIVE,09:00-18:00,2023-06-26
FPS-0082,Shakti Fair Price Shop 082,OFF-06082,BENGALURU_URBAN,BEN-Taluk-4,12.54943,77.663588,2000,WH-007,SUSPENDED,09:00-18:00,2024-05-25
FPS-0083,Surya Fair Price Shop 083,OFF-06083,MYSURU,MYS-Taluk-3,12.711831,76.255158,2500,WH-008,SUSPENDED,09:00-18:00,2024-06-20
FPS-0084,Samridhi Fair Price Shop 084,OFF-06084,TUMAKURU,TUM-Taluk-4,13.679691,77.040588,1500,WH-009,ACTIVE,09:00-18:00,2023-12-01
FPS-0085,Sahyadri Fair Price Shop 085,OFF-06085,MANDYA,MAN-Taluk-4,12.648322,77.076549,2000,WH-010,SUSPENDED,09:00-18:00,2024-07-14
FPS-0086,Kaveri Fair Price Shop 086,OFF-06086,HASSAN,HAS-Taluk-3,12.671075,76.271815,3500,WH-011,ACTIVE,09:00-18:00,2024-11-18
FPS-0087,Anna Fair Price Shop 087,OFF-06087,SHIVAMOGGA,SHI-Taluk-4,13.668713,75.469139,2000,WH-012,ACTIVE,09:00-18:00,2024-09-21
FPS-0088,Vikas Fair Price Shop 088,OFF-06088,BENGALURU_URBAN,BEN-Taluk-4,12.643904,77.452014,1500,WH-013,SUSPENDED,09:00-18:00,2024-02-15
FPS-0089,Vikas Fair Price Shop 089,OFF-06089,MYSURU,MYS-Taluk-2,12.326085,76.921817,2000,WH-014,ACTIVE,09:00-18:00,2023-03-23
FPS-0090,Kaveri Fair Price Shop 090,OFF-06090,TUMAKURU,TUM-Taluk-4,13.420376,76.952789,1500,WH-015,ACTIVE,09:00-18:00,2024-03-25
FPS-0091,Anna Fair Price Shop 091,OFF-06091,MANDYA,MAN-Taluk-4,12.503681,76.673071,3000,WH-016,ACTIVE,09:00-18:00,2023-09-20
FPS-0092,Namma Fair Price Shop 092,OFF-06092,HASSAN,HAS-Taluk-4,13.331002,75.708381,1200,WH-017,SUSPENDED,09:00-18:00,2024-10-12
FPS-0093,Kaveri Fair Price Shop 093,OFF-06093,SHIVAMOGGA,SHI-Taluk-1,13.770157,75.907351,1500,WH-018,ACTIVE,09:00-18:00,2023-09-11
FPS-0094,Tunga Fair Price Shop 094,OFF-06094,BENGALURU_URBAN,BEN-Taluk-4,12.764455,77.969764,3000,WH-019,ACTIVE,09:00-18:00,2023-01-24
FPS-0095,Chamundi Fair Price Shop 095,OFF-06095,MYSURU,MYS-Taluk-1,12.251287,76.525094,1500,WH-020,ACTIVE,09:00-18:00,2023-04-18
FPS-0096,Santosh Fair Price Shop 096,OFF-06096,TUMAKURU,TUM-Taluk-1,13.764024,76.870868,2000,WH-021,ACTIVE,09:00-18:00,2024-04-28
FPS-0097,Surya Fair Price Shop 097,OFF-06097,MANDYA,MAN-Taluk-4,12.471674,76.707016,1500,WH-022,ACTIVE,09:00-18:00,2024-07-11
FPS-0098,Chamundi Fair Price Shop 098,OFF-06098,HASSAN,HAS-Taluk-2,13.034712,75.939967,1500,WH-023,ACTIVE,09:00-18:00,2024-10-25
FPS-0099,Anna Fair Price Shop 099,OFF-06099,SHIVAMOGGA,SHI-Taluk-2,13.562481,75.899334,3000,WH-024,ACTIVE,09:00-18:00,2024-11-17
FPS-0100,Bharat Fair Price Shop 100,OFF-06100,BENGALURU_URBAN,BEN-Taluk-3,12.880108,77.590886,2500,WH-025,SUSPENDED,09:00-18:00,2024-10-11
FPS-0101,Jai Karnataka Fair Price Shop 101,OFF-06101,BENGALURU_URBAN,BEN-Taluk-4,13.29748,77.778821,1200,WH-001,SUSPENDED,09:00-18:00,2024-05-09
FPS-0102,Jan Seva Fair Price Shop 102,OFF-06102,MYSURU,MYS-Taluk-4,12.25058,76.480988,1500,WH-002,SUSPENDED,09:00-18:00,2024-04-14
FPS-0103,Jan Seva Fair Price Shop 103,OFF-06103,TUMAKURU,TUM-Taluk-3,13.174595,77.022936,3000,WH-003,ACTIVE,09:00-18:00,2023-11-11
FPS-0104,Grama Fair Price Shop 104,OFF-06104,MANDYA,MAN-Taluk-1,12.451835,76.716587,2500,WH-004,SUSPENDED,09:00-18:00,2023-03-12
FPS-0105,Santosh Fair Price Shop 105,OFF-06105,HASSAN,HAS-Taluk-4,13.25214,76.270001,2500,WH-005,ACTIVE,09:00-18:00,2024-01-31
FPS-0106,Sahyadri Fair Price Shop 106,OFF-06106,SHIVAMOGGA,SHI-Taluk-2,13.894832,75.563596,2500,WH-006,ACTIVE,09:00-18:00,2023-04-05
FPS-0107,Grama Fair Price Shop 107,OFF-06107,BENGALURU_URBAN,BEN-Taluk-4,12.564214,77.615477,1500,WH-007,ACTIVE,09:00-18:00,2023-07-30
FPS-0108,Shakti Fair Price Shop 108,OFF-06108,MYSURU,MYS-Taluk-3,12.726473,76.287449,3500,WH-008,SUSPENDED,09:00-18:00,2023-05-08
FPS-0109,Namma Fair Price Shop 109,OFF-06109,TUMAKURU,TUM-Taluk-1,13.694531,76.812886,3000,WH-009,ACTIVE,09:00-18:00,2024-07-21
FPS-0110,Shakti Fair Price Shop 110,OFF-06110,MANDYA,MAN-Taluk-3,12.882114,76.944876,1500,WH-010,ACTIVE,09:00-18:00,2024-08-10
FPS-0111,Vikas Fair Price Shop 111,OFF-06111,HASSAN,HAS-Taluk-3,12.75579,76.023185,3000,WH-011,ACTIVE,09:00-18:00,2023-05-30
FPS-0112,Anna Fair Price Shop 112,OFF-06112,SHIVAMOGGA,SHI-Taluk-4,13.821049,75.530525,926,WH-012,ACTIVE,09:00-18:00,2023-02-08
FPS-0113,Tunga Fair Price Shop 113,OFF-06113,BENGALURU_URBAN,BEN-Taluk-3,12.973306,77.715912,2500,WH-013,ACTIVE,09:00-18:00,2024-02-11
FPS-0114,Anna Fair Price Shop 114,OFF-06114,MYSURU,MYS-Taluk-4,12.441691,76.942173,3000,WH-014,ACTIVE,09:00-18:00,2024-08-16
FPS-0115,Shakti Fair Price Shop 115,OFF-06115,TUMAKURU,TUM-Taluk-2,13.627282,77.022142,2000,WH-015,SUSPENDED,09:00-18:00,2024-06-24
FPS-0116,Jan Seva Fair Price Shop 116,OFF-06116,MANDYA,MAN-Taluk-4,12.334699,76.590894,1500,WH-016,ACTIVE,09:00-18:00,2023-10-08
FPS-0117,Annapurna Fair Price Shop 117,OFF-06117,HASSAN,HAS-Taluk-2,13.073833,75.878258,1500,WH-017,SUSPENDED,09:00-18:00,2024-07-25
FPS-0118,Laxmi Fair Price Shop 118,OFF-06118,SHIVAMOGGA,SHI-Taluk-2,13.821389,75.850761,1500,WH-018,SUSPENDED,09:00-18:00,2024-06-06
FPS-0119,Surya Fair Price Shop 119,OFF-06119,BENGALURU_URBAN,BEN-Taluk-2,12.917298,77.875446,1500,WH-019,ACTIVE,09:00-18:00,2024-08-03
FPS-0120,Grama Fair Price Shop 120,OFF-06120,MYSURU,MYS-Taluk-4,12.349446,76.444963,3500,WH-020,SUSPENDED,09:00-18:00,2024-09-13
FPS-0121,Surya Fair Price Shop 121,OFF-06121,TUMAKURU,TUM-Taluk-1,13.498861,76.969267,2000,WH-021,ACTIVE,09:00-18:00,2023-08-27
FPS-0122,Bharat Fair Price Shop 122,OFF-06122,MANDYA,MAN-Taluk-2,12.586101,76.695135,2500,WH-022,SUSPENDED,09:00-18:00,2024-03-15
FPS-0123,Jai Karnataka Fair Price Shop 123,OFF-06123,HASSAN,HAS-Taluk-1,12.910871,76.078985,2000,WH-023,ACTIVE,09:00-18:00,2023-04-16
FPS-0124,Surya Fair Price Shop 124,OFF-06124,SHIVAMOGGA,SHI-Taluk-1,13.700247,75.78751,2500,WH-024,ACTIVE,09:00-18:00,2023-09-26
FPS-0125,Chamundi Fair Price Shop 125,OFF-06125,BENGALURU_URBAN,BEN-Taluk-4,13.021112,77.503125,1200,WH-025,ACTIVE,09:00-18:00,2023-08-08
FPS-0126,Shakti Fair Price Shop 126,OFF-06126,BENGALURU_URBAN,BEN-Taluk-3,13.128155,77.587492,2500,WH-001,ACTIVE,09:00-18:00,2024-11-10
FPS-0127,Jan Seva Fair Price Shop 127,OFF-06127,MYSURU,MYS-Taluk-4,12.070386,76.482706,2500,WH-002,ACTIVE,09:00-18:00,2024-04-29
FPS-0128,Laxmi Fair Price Shop 128,OFF-06128,TUMAKURU,TUM-Taluk-4,13.235026,76.746995,2000,WH-003,ACTIVE,09:00-18:00,2024-09-14
FPS-0129,Grama Fair Price Shop 129,OFF-06129,MANDYA,MAN-Taluk-1,12.431362,76.904414,2500,WH-004,ACTIVE,09:00-18:00,2024-07-01
FPS-0130,Vikas Fair Price Shop 130,OFF-06130,HASSAN,HAS-Taluk-2,13.392114,76.309062,3000,WH-005,SUSPENDED,09:00-18:00,2023-06-14
FPS-0131,Tunga Fair Price Shop 131,OFF-06131,SHIVAMOGGA,SHI-Taluk-4,14.136805,75.561537,1200,WH-006,ACTIVE,09:00-18:00,2023-06-30
FPS-0132,Vikas Fair Price Shop 132,OFF-06132,BENGALURU_URBAN,BEN-Taluk-4,12.568844,77.686868,1200,WH-007,ACTIVE,09:00-18:00,2024-06-10
FPS-0133,Sahyadri Fair Price Shop 133,OFF-06133,MYSURU,MYS-Taluk-1,12.634061,76.340051,2000,WH-008,SUSPENDED,09:00-18:00,2024-08-05
FPS-0134,Bharat Fair Price Shop 134,OFF-06134,TUMAKURU,TUM-Taluk-2,13.415691,76.896398,2000,WH-009,SUSPENDED,09:00-18:00,2024-11-20
FPS-0135,Santosh Fair Price Shop 135,OFF-06135,MANDYA,MAN-Taluk-1,12.779285,77.042022,2000,WH-010,ACTIVE,09:00-18:00,2023-10-17
FPS-0136,Anna Fair Price Shop 136,OFF-06136,HASSAN,HAS-Taluk-1,12.787626,76.038059,2000,WH-011,SUSPENDED,09:00-18:00,2023-09-18
FPS-0137,Surya Fair Price Shop 137,OFF-06137,SHIVAMOGGA,SHI-Taluk-4,13.69482,75.516316,2000,WH-012,ACTIVE,09:00-18:00,2023-12-29
FPS-0138,Namma Fair Price Shop 138,OFF-06138,BENGALURU_URBAN,BEN-Taluk-1,12.687499,77.453099,1500,WH-013,ACTIVE,09:00-18:00,2023-06-02
FPS-0139,Sahyadri Fair Price Shop 139,OFF-06139,MYSURU,MYS-Taluk-2,12.313231,76.797098,2500,WH-014,SUSPENDED,09:00-18:00,2024-02-28
FPS-0140,Laxmi Fair Price Shop 140,OFF-06140,TUMAKURU,TUM-Taluk-3,13.405809,76.920186,2500,WH-015,ACTIVE,09:00-18:00,2023-07-16
FPS-0141,Surya Fair Price Shop 141,OFF-06141,MANDYA,MAN-Taluk-3,12.530503,76.597509,3000,WH-016,ACTIVE,09:00-18:00,2023-11-12
FPS-0142,Jai Karnataka Fair Price Shop 142,OFF-06142,HASSAN,HAS-Taluk-1,13.210799,75.831594,2000,WH-017,SUSPENDED,09:00-18:00,2024-05-07
FPS-0143,Samridhi Fair Price Shop 143,OFF-06143,SHIVAMOGGA,SHI-Taluk-4,13.498156,75.756693,3000,WH-018,SUSPENDED,09:00-18:00,2023-10-14
FPS-0144,Samridhi Fair Price Shop 144,OFF-06144,BENGALURU_URBAN,BEN-Taluk-2,13.027553,77.910657,2000,WH-019,ACTIVE,09:00-18:00,2023-03-30
FPS-0145,Shakti Fair Price Shop 145,OFF-06145,MYSURU,MYS-Taluk-4,12.30451,76.406394,3000,WH-020,SUSPENDED,09:00-18:00,2024-06-27
FPS-0146,Bharat Fair Price Shop 146,OFF-06146,TUMAKURU,TUM-Taluk-1,13.735311,76.765046,2000,WH-021,SUSPENDED,09:00-18:00,2023-12-05
FPS-0147,Jan Seva Fair Price Shop 147,OFF-06147,MANDYA,MAN-Taluk-3,12.331407,76.595132,2500,WH-022,ACTIVE,09:00-18:00,2023-05-08
FPS-0148,Tunga Fair Price Shop 148,OFF-06148,HASSAN,HAS-Taluk-1,12.8846,76.057684,1500,WH-023,ACTIVE,09:00-18:00,2024-04-22
FPS-0149,Ganga Fair Price Shop 149,OFF-06149,SHIVAMOGGA,SHI-Taluk-4,13.804879,75.967329,952,WH-024,ACTIVE,09:00-18:00,2024-07-14
FPS-0150,Ganga Fair Price Shop 150,OFF-06150,BENGALURU_URBAN,BEN-Taluk-1,12.974714,77.70278,1200,WH-025,SUSPENDED,09:00-18:00,2023-02-24
FPS-0151,Bharat Fair Price Shop 151,OFF-06151,BENGALURU_URBAN,BEN-Taluk-2,13.151598,77.764509,3000,WH-001,ACTIVE,09:00-18:00,2023-02-17
FPS-0152,Laxmi Fair Price Shop 152,OFF-06152,MYSURU,MYS-Taluk-3,12.212922,76.468282,2000,WH-002,SUSPENDED,09:00-18:00,2023-01-25
FPS-0153,Samridhi Fair Price Shop 153,OFF-06153,TUMAKURU,TUM-Taluk-3,13.289502,76.989106,2000,WH-003,ACTIVE,09:00-18:00,2024-02-02
FPS-0154,Chamundi Fair Price Shop 154,OFF-06154,MANDYA,MAN-Taluk-2,12.39983,76.734618,2500,WH-004,ACTIVE,09:00-18:00,2023-11-23
FPS-0155,Vikas Fair Price Shop 155,OFF-06155,HASSAN,HAS-Taluk-3,13.288476,76.381533,2000,WH-005,ACTIVE,09:00-18:00,2024-08-08
FPS-0156,Grama Fair Price Shop 156,OFF-06156,SHIVAMOGGA,SHI-Taluk-3,14.046609,75.302262,1200,WH-006,ACTIVE,09:00-18:00,2024-04-06
FPS-0157,Samridhi Fair Price Shop 157,OFF-06157,BENGALURU_URBAN,BEN-Taluk-4,12.737549,77.410039,3000,WH-007,ACTIVE,09:00-18:00,2023-01-27
FPS-0158,Anna Fair Price Shop 158,OFF-06158,MYSURU,MYS-Taluk-4,12.725324,76.519225,1500,WH-008,ACTIVE,09:00-18:00,2024-07-08
FPS-0159,Namma Fair Price Shop 159,OFF-06159,TUMAKURU,TUM-Taluk-3,13.593234,76.830739,2000,WH-009,SUSPENDED,09:00-18:00,2024-08-02
FPS-0160,Anna Fair Price Shop 160,OFF-06160,MANDYA,MAN-Taluk-2,12.72001,77.00597,2500,WH-010,SUSPENDED,09:00-18:00,2023-10-20
FPS-0161,Ujala Fair Price Shop 161,OFF-06161,HASSAN,HAS-Taluk-2,12.810145,76.166144,1500,WH-011,SUSPENDED,09:00-18:00,2023-08-10
FPS-0162,Tunga Fair Price Shop 162,OFF-06162,SHIVAMOGGA,SHI-Taluk-4,13.827119,75.500116,1200,WH-012,ACTIVE,09:00-18:00,2024-08-02
FPS-0163,Jai Karnataka Fair Price Shop 163,OFF-06163,BENGALURU_URBAN,BEN-Taluk-3,12.807702,77.494456,1500,WH-013,ACTIVE,09:00-18:00,2023-11-09
FPS-0164,Bharat Fair Price Shop 164,OFF-06164,MYSURU,MYS-Taluk-4,12.47401,76.797116,3000,WH-014,ACTIVE,09:00-18:00,2023-03-26
FPS-0165,Chamundi Fair Price Shop 165,OFF-06165,TUMAKURU,TUM-Taluk-4,13.462417,76.815036,2500,WH-015,ACTIVE,09:00-18:00,2024-07-27
FPS-0166,Chamundi Fair Price Shop 166,OFF-06166,MANDYA,MAN-Taluk-3,12.461113,76.723592,3000,WH-016,ACTIVE,09:00-18:00,2023-11-21
FPS-0167,Samridhi Fair Price Shop 167,OFF-06167,HASSAN,HAS-Taluk-1,12.998617,75.957954,1500,WH-017,SUSPENDED,09:00-18:00,2024-10-10
FPS-0168,Samridhi Fair Price Shop 168,OFF-06168,SHIVAMOGGA,SHI-Taluk-2,13.529592,75.847304,1200,WH-018,ACTIVE,09:00-18:00,2024-10-17
FPS-0169,Ujala Fair Price Shop 169,OFF-06169,BENGALURU_URBAN,BEN-Taluk-4,12.892019,77.819669,2000,WH-019,ACTIVE,09:00-18:00,2024-08-21
FPS-0170,Ganga Fair Price Shop 170,OFF-06170,MYSURU,MYS-Taluk-4,12.355515,76.483443,2000,WH-020,SUSPENDED,09:00-18:00,2023-08-15
FPS-0171,Grama Fair Price Shop 171,OFF-06171,TUMAKURU,TUM-Taluk-3,13.419877,76.899282,2000,WH-021,ACTIVE,09:00-18:00,2024-02-02
FPS-0172,Vikas Fair Price Shop 172,OFF-06172,MANDYA,MAN-Taluk-1,12.383777,76.496815,2500,WH-022,ACTIVE,09:00-18:00,2024-06-20
FPS-0173,Laxmi Fair Price Shop 173,OFF-06173,HASSAN,HAS-Taluk-2,12.723846,76.118706,1200,WH-023,ACTIVE,09:00-18:00,2023-06-11
FPS-0174,Jai Karnataka Fair Price Shop 174,OFF-06174,SHIVAMOGGA,SHI-Taluk-1,13.511869,75.801384,3500,WH-024,ACTIVE,09:00-18:00,2023-06-26
FPS-0175,Santosh Fair Price Shop 175,OFF-06175,BENGALURU_URBAN,BEN-Taluk-1,13.018978,77.652775,2000,WH-025,ACTIVE,09:00-18:00,2023-09-12
FPS-0176,Sahyadri Fair Price Shop 176,OFF-06176,BENGALURU_URBAN,BEN-Taluk-1,13.310423,77.852706,2000,WH-001,SUSPENDED,09:00-18:00,2023-01-22
FPS-0177,Kaveri Fair Price Shop 177,OFF-06177,MYSURU,MYS-Taluk-2,12.261356,76.62791,2500,WH-002,SUSPENDED,09:00-18:00,2024-05-16
FPS-0178,Ujala Fair Price Shop 178,OFF-06178,TUMAKURU,TUM-Taluk-4,13.410077,77.046951,2000,WH-003,ACTIVE,09:00-18:00,2024-08-16
FPS-0179,Ujala Fair Price Shop 179,OFF-06179,MANDYA,MAN-Taluk-3,12.655854,76.909239,2000,WH-004,SUSPENDED,09:00-18:00,2023-01-26
FPS-0180,Anna Fair Price Shop 180,OFF-06180,HASSAN,HAS-Taluk-2,13.235743,76.19526,1500,WH-005,SUSPENDED,09:00-18:00,2024-02-28
FPS-0181,Tunga Fair Price Shop 181,OFF-06181,SHIVAMOGGA,SHI-Taluk-4,14.022747,75.406812,1500,WH-006,ACTIVE,09:00-18:00,2024-01-28
FPS-0182,Jai Karnataka Fair Price Shop 182,OFF-06182,BENGALURU_URBAN,BEN-Taluk-4,12.671775,77.51403,2500,WH-007,ACTIVE,09:00-18:00,2023-12-11
FPS-0183,Shakti Fair Price Shop 183,OFF-06183,MYSURU,MYS-Taluk-1,12.510652,76.486078,1200,WH-008,ACTIVE,09:00-18:00,2023-05-26
FPS-0184,Samridhi Fair Price Shop 184,OFF-06184,TUMAKURU,TUM-Taluk-3,13.466907,76.863041,2000,WH-009,SUSPENDED,09:00-18:00,2024-09-07
FPS-0185,Samridhi Fair Price Shop 185,OFF-06185,MANDYA,MAN-Taluk-2,12.984543,77.183515,2000,WH-010,ACTIVE,09:00-18:00,2023-08-20
FPS-0186,Namma Fair Price Shop 186,OFF-06186,HASSAN,HAS-Taluk-4,12.795115,76.222079,1093,WH-011,SUSPENDED,09:00-18:00,2024-11-23
FPS-0187,Jai Karnataka Fair Price Shop 187,OFF-06187,SHIVAMOGGA,SHI-Taluk-1,13.618484,75.739899,2000,WH-012,ACTIVE,09:00-18:00,2024-06-08
FPS-0188,Tunga Fair Price Shop 188,OFF-06188,BENGALURU_URBAN,BEN-Taluk-3,12.816527,77.663953,1500,WH-013,ACTIVE,09:00-18:00,2023-03-04
FPS-0189,Laxmi Fair Price Shop 189,OFF-06189,MYSURU,MYS-Taluk-3,12.255484,77.047413,2000,WH-014,ACTIVE,09:00-18:00,2023-06-05
FPS-0190,Annapurna Fair Price Shop 190,OFF-06190,TUMAKURU,TUM-Taluk-2,13.711813,77.044247,1200,WH-015,ACTIVE,09:00-18:00,2024-01-30
FPS-0191,Bharat Fair Price Shop 191,OFF-06191,MANDYA,MAN-Taluk-2,12.639382,76.736283,2000,WH-016,ACTIVE,09:00-18:00,2024-08-21
FPS-0192,Kaveri Fair Price Shop 192,OFF-06192,HASSAN,HAS-Taluk-1,13.283421,75.775291,2500,WH-017,ACTIVE,09:00-18:00,2024-09-20
FPS-0193,Jan Seva Fair Price Shop 193,OFF-06193,SHIVAMOGGA,SHI-Taluk-2,13.653039,75.586188,1500,WH-018,ACTIVE,09:00-18:00,2023-08-28
FPS-0194,Samridhi Fair Price Shop 194,OFF-06194,BENGALURU_URBAN,BEN-Taluk-1,12.809316,77.631111,2500,WH-019,SUSPENDED,09:00-18:00,2023-08-29
FPS-0195,Surya Fair Price Shop 195,OFF-06195,MYSURU,MYS-Taluk-4,12.338351,76.280272,2000,WH-020,ACTIVE,09:00-18:00,2023-09-17
FPS-0196,Chamundi Fair Price Shop 196,OFF-06196,TUMAKURU,TUM-Taluk-2,13.427107,76.87427,2000,WH-021,ACTIVE,09:00-18:00,2024-02-29
FPS-0197,Anna Fair Price Shop 197,OFF-06197,MANDYA,MAN-Taluk-1,12.37878,76.539558,1200,WH-022,SUSPENDED,09:00-18:00,2024-10-31
FPS-0198,Santosh Fair Price Shop 198,OFF-06198,HASSAN,HAS-Taluk-3,12.719314,76.050757,3000,WH-023,ACTIVE,09:00-18:00,2024-10-25
FPS-0199,Shakti Fair Price Shop 199,OFF-06199,SHIVAMOGGA,SHI-Taluk-3,13.646521,75.977578,2000,WH-024,ACTIVE,09:00-18:00,2024-02-03
FPS-0200,Ganga Fair Price Shop 200,OFF-06200,BENGALURU_URBAN,BEN-Taluk-2,13.142411,77.504397,2500,WH-025,ACTIVE,09:00-18:00,2023-11-10
FPS-0201,Ujala Fair Price Shop 201,OFF-06201,BENGALURU_URBAN,BEN-Taluk-2,13.408913,77.80074,2500,WH-001,ACTIVE,09:00-18:00,2024-01-07
FPS-0202,Kaveri Fair Price Shop 202,OFF-06202,MYSURU,MYS-Taluk-4,12.026111,76.590971,1500,WH-002,SUSPENDED,09:00-18:00,2023-07-30
FPS-0203,Namma Fair Price Shop 203,OFF-06203,TUMAKURU,TUM-Taluk-2,13.377194,76.737131,3500,WH-003,ACTIVE,09:00-18:00,2023-12-11
FPS-0204,Kaveri Fair Price Shop 204,OFF-06204,MANDYA,MAN-Taluk-2,12.576922,76.636332,1500,WH-004,SUSPENDED,09:00-18:00,2023-02-19
FPS-0205,Grama Fair Price Shop 205,OFF-06205,HASSAN,HAS-Taluk-1,13.217233,76.066193,3000,WH-005,ACTIVE,09:00-18:00,2023-11-10
FPS-0206,Jai Karnataka Fair Price Shop 206,OFF-06206,SHIVAMOGGA,SHI-Taluk-3,13.920736,75.397149,3000,WH-006,SUSPENDED,09:00-18:00,2023-10-13
FPS-0207,Jan Seva Fair Price Shop 207,OFF-06207,BENGALURU_URBAN,BEN-Taluk-2,12.864262,77.549871,2500,WH-007,ACTIVE,09:00-18:00,2024-10-26
FPS-0208,Chamundi Fair Price Shop 208,OFF-06208,MYSURU,MYS-Taluk-1,12.680703,76.371436,1200,WH-008,ACTIVE,09:00-18:00,2023-03-22
FPS-0209,Samridhi Fair Price Shop 209,OFF-06209,TUMAKURU,TUM-Taluk-2,13.452591,76.799717,2000,WH-009,SUSPENDED,09:00-18:00,2024-01-04
FPS-0210,Vikas Fair Price Shop 210,OFF-06210,MANDYA,MAN-Taluk-4,12.663145,77.207424,1500,WH-010,SUSPENDED,09:00-18:00,2023-04-01
FPS-0211,Shakti Fair Price Shop 211,OFF-06211,HASSAN,HAS-Taluk-1,12.894878,76.131575,1200,WH-011,ACTIVE,09:00-18:00,2024-11-29
FPS-0212,Grama Fair Price Shop 212,OFF-06212,SHIVAMOGGA,SHI-Taluk-1,13.900979,75.621159,2000,WH-012,ACTIVE,09:00-18:00,2024-04-20
FPS-0213,Samridhi Fair Price Shop 213,OFF-06213,BENGALURU_URBAN,BEN-Taluk-2,12.637804,77.490235,2000,WH-013,ACTIVE,09:00-18:00,2024-07-06
FPS-0214,Ganga Fair Price Shop 214,OFF-06214,MYSURU,MYS-Taluk-1,12.328848,76.887999,1500,WH-014,SUSPENDED,09:00-18:00,2024-09-03
FPS-0215,Laxmi Fair Price Shop 215,OFF-06215,TUMAKURU,TUM-Taluk-1,13.519428,76.921876,2000,WH-015,ACTIVE,09:00-18:00,2024-06-09
FPS-0216,Jai Karnataka Fair Price Shop 216,OFF-06216,MANDYA,MAN-Taluk-3,12.649694,76.524329,2500,WH-016,ACTIVE,09:00-18:00,2023-07-22
FPS-0217,Annapurna Fair Price Shop 217,OFF-06217,HASSAN,HAS-Taluk-1,13.135498,75.908333,2500,WH-017,SUSPENDED,09:00-18:00,2024-10-26
FPS-0218,Shakti Fair Price Shop 218,OFF-06218,SHIVAMOGGA,SHI-Taluk-1,13.670001,75.862045,2500,WH-018,ACTIVE,09:00-18:00,2023-09-06
FPS-0219,Shakti Fair Price Shop 219,OFF-06219,BENGALURU_URBAN,BEN-Taluk-1,13.032,77.940773,1500,WH-019,ACTIVE,09:00-18:00,2023-11-10
FPS-0220,Ganga Fair Price Shop 220,OFF-06220,MYSURU,MYS-Taluk-1,12.341991,76.49557,3000,WH-020,ACTIVE,09:00-18:00,2023-09-03
FPS-0221,Bharat Fair Price Shop 221,OFF-06221,TUMAKURU,TUM-Taluk-2,13.633916,76.759029,1500,WH-021,ACTIVE,09:00-18:00,2024-09-21
FPS-0222,Grama Fair Price Shop 222,OFF-06222,MANDYA,MAN-Taluk-2,12.531162,76.811502,2000,WH-022,ACTIVE,09:00-18:00,2023-05-10
FPS-0223,Shakti Fair Price Shop 223,OFF-06223,HASSAN,HAS-Taluk-3,12.715323,76.172745,1062,WH-023,ACTIVE,09:00-18:00,2023-06-10
FPS-0224,Annapurna Fair Price Shop 224,OFF-06224,SHIVAMOGGA,SHI-Taluk-1,13.629575,75.794459,3000,WH-024,SUSPENDED,09:00-18:00,2023-07-10
FPS-0225,Jai Karnataka Fair Price Shop 225,OFF-06225,BENGALURU_URBAN,BEN-Taluk-4,12.860417,77.530341,2000,WH-025,ACTIVE,09:00-18:00,2023-09-08
FPS-0226,Namma Fair Price Shop 226,OFF-06226,BENGALURU_URBAN,BEN-Taluk-1,13.234872,77.861664,1500,WH-001,ACTIVE,09:00-18:00,2024-03-28
FPS-0227,Laxmi Fair Price Shop 227,OFF-06227,MYSURU,MYS-Taluk-2,12.052485,76.633838,2500,WH-002,ACTIVE,09:00-18:00,2024-03-20
FPS-0228,Sahyadri Fair Price Shop 228,OFF-06228,TUMAKURU,TUM-Taluk-2,13.486669,76.966816,1500,WH-003,SUSPENDED,09:00-18:00,2023-11-22
FPS-0229,Anna Fair Price Shop 229,OFF-06229,MANDYA,MAN-Taluk-3,12.587087,76.842812,1500,WH-004,ACTIVE,09:00-18:00,2024-04-19
FPS-0230,Ujala Fair Price Shop 230,OFF-06230,HASSAN,HAS-Taluk-3,13.254926,76.036882,1500,WH-005,ACTIVE,09:00-18:00,2024-02-14
FPS-0231,Grama Fair Price Shop 231,OFF-06231,SHIVAMOGGA,SHI-Taluk-3,14.13689,75.35281,3000,WH-006,SUSPENDED,09:00-18:00,2023-07-12
FPS-0232,Surya Fair Price Shop 232,OFF-06232,BENGALURU_URBAN,BEN-Taluk-2,12.798667,77.647201,1500,WH-007,ACTIVE,09:00-18:00,2024-07-17
FPS-0233,Ganga Fair Price Shop 233,OFF-06233,MYSURU,MYS-Taluk-3,12.73793,76.386742,1200,WH-008,SUSPENDED,09:00-18:00,2024-10-04
FPS-0234,Jai Karnataka Fair Price Shop 234,OFF-06234,TUMAKURU,TUM-Taluk-4,13.454356,76.841807,2500,WH-009,ACTIVE,09:00-18:00,2024-06-05
FPS-0235,Surya Fair Price Shop 235,OFF-06235,MANDYA,MAN-Taluk-4,12.682882,77.152382,1500,WH-010,ACTIVE,09:00-18:00,2024-02-05
FPS-0236,Jai Karnataka Fair Price Shop 236,OFF-06236,HASSAN,HAS-Taluk-3,12.661776,76.177654,3000,WH-011,ACTIVE,09:00-18:00,2024-09-03
FPS-0237,Anna Fair Price Shop 237,OFF-06237,SHIVAMOGGA,SHI-Taluk-2,13.890664,75.704212,3000,WH-012,ACTIVE,09:00-18:00,2024-10-26
FPS-0238,Namma Fair Price Shop 238,OFF-06238,BENGALURU_URBAN,BEN-Taluk-3,12.663755,77.455586,2500,WH-013,ACTIVE,09:00-18:00,2024-01-04
FPS-0239,Vikas Fair Price Shop 239,OFF-06239,MYSURU,MYS-Taluk-2,12.283201,77.010073,3000,WH-014,ACTIVE,09:00-18:00,2024-06-25
FPS-0240,Bharat Fair Price Shop 240,OFF-06240,TUMAKURU,TUM-Taluk-3,13.418903,76.840118,1500,WH-015,ACTIVE,09:00-18:00,2024-02-06
FPS-0241,Anna Fair Price Shop 241,OFF-06241,MANDYA,MAN-Taluk-4,12.381297,76.544283,3500,WH-016,ACTIVE,09:00-18:00,2024-11-01
FPS-0242,Annapurna Fair Price Shop 242,OFF-06242,HASSAN,HAS-Taluk-4,13.094669,75.741395,2500,WH-017,ACTIVE,09:00-18:00,2023-10-07
FPS-0243,Kaveri Fair Price Shop 243,OFF-06243,SHIVAMOGGA,SHI-Taluk-3,13.680692,75.789313,2500,WH-018,SUSPENDED,09:00-18:00,2023-12-13
FPS-0244,Jan Seva Fair Price Shop 244,OFF-06244,BENGALURU_URBAN,BEN-Taluk-2,12.734986,77.775407,1500,WH-019,ACTIVE,09:00-18:00,2024-01-30
FPS-0245,Grama Fair Price Shop 245,OFF-06245,MYSURU,MYS-Taluk-1,12.185472,76.277628,1200,WH-020,ACTIVE,09:00-18:00,2023-05-06
FPS-0246,Tunga Fair Price Shop 246,OFF-06246,TUMAKURU,TUM-Taluk-2,13.683829,76.805501,2500,WH-021,SUSPENDED,09:00-18:00,2024-07-01
FPS-0247,Vikas Fair Price Shop 247,OFF-06247,MANDYA,MAN-Taluk-1,12.283098,76.472207,2000,WH-022,ACTIVE,09:00-18:00,2023-02-19
FPS-0248,Grama Fair Price Shop 248,OFF-06248,HASSAN,HAS-Taluk-1,12.797317,76.064379,1500,WH-023,ACTIVE,09:00-18:00,2024-03-13
FPS-0249,Laxmi Fair Price Shop 249,OFF-06249,SHIVAMOGGA,SHI-Taluk-4,13.724589,75.641912,2000,WH-024,SUSPENDED,09:00-18:00,2024-06-19
FPS-0250,Vikas Fair Price Shop 250,OFF-06250,BENGALURU_URBAN,BEN-Taluk-4,13.097917,77.672032,2500,WH-025,ACTIVE,09:00-18:00,2023-04-30
FPS-0251,Grama Fair Price Shop 251,OFF-06251,BENGALURU_URBAN,BEN-Taluk-1,13.457837,77.732198,2000,WH-001,ACTIVE,09:00-18:00,2024-02-17
FPS-0252,Kaveri Fair Price Shop 252,OFF-06252,MYSURU,MYS-Taluk-4,12.152537,76.638926,2000,WH-002,ACTIVE,09:00-18:00,2024-04-29
FPS-0253,Santosh Fair Price Shop 253,OFF-06253,TUMAKURU,TUM-Taluk-2,13.267826,76.957885,3000,WH-003,ACTIVE,09:00-18:00,2023-08-28
FPS-0254,Chamundi Fair Price Shop 254,OFF-06254,MANDYA,MAN-Taluk-2,12.670306,76.803073,2500,WH-004,ACTIVE,09:00-18:00,2023-10-16
FPS-0255,Ujala Fair Price Shop 255,OFF-06255,HASSAN,HAS-Taluk-1,13.388102,76.039513,1500,WH-005,SUSPENDED,09:00-18:00,2023-04-27
FPS-0256,Kaveri Fair Price Shop 256,OFF-06256,SHIVAMOGGA,SHI-Taluk-2,14.174601,75.234126,2500,WH-006,ACTIVE,09:00-18:00,2023-04-30
FPS-0257,Santosh Fair Price Shop 257,OFF-06257,BENGALURU_URBAN,BEN-Taluk-4,12.647093,77.542682,2000,WH-007,ACTIVE,09:00-18:00,2023-04-20
FPS-0258,Annapurna Fair Price Shop 258,OFF-06258,MYSURU,MYS-Taluk-2,12.414278,76.312101,1500,WH-008,ACTIVE,09:00-18:00,2023-10-03
FPS-0259,Namma Fair Price Shop 259,OFF-06259,TUMAKURU,TUM-Taluk-3,13.598217,77.155492,2500,WH-009,SUSPENDED,09:00-18:00,2024-05-04
FPS-0260,Santosh Fair Price Shop 260,OFF-06260,MANDYA,MAN-Taluk-3,12.946822,77.20041,805,WH-010,ACTIVE,09:00-18:00,2024-01-29
FPS-0261,Namma Fair Price Shop 261,OFF-06261,HASSAN,HAS-Taluk-2,12.790295,76.216493,1500,WH-011,SUSPENDED,09:00-18:00,2024-08-19
FPS-0262,Laxmi Fair Price Shop 262,OFF-06262,SHIVAMOGGA,SHI-Taluk-1,13.819608,75.742769,2000,WH-012,ACTIVE,09:00-18:00,2024-11-05
FPS-0263,Tunga Fair Price Shop 263,OFF-06263,BENGALURU_URBAN,BEN-Taluk-1,12.651772,77.748991,2500,WH-013,ACTIVE,09:00-18:00,2023-12-04
FPS-0264,Shakti Fair Price Shop 264,OFF-06264,MYSURU,MYS-Taluk-3,12.164955,76.753933,2500,WH-014,ACTIVE,09:00-18:00,2023-05-16
FPS-0265,Sahyadri Fair Price Shop 265,OFF-06265,TUMAKURU,TUM-Taluk-1,13.452281,76.910842,1500,WH-015,ACTIVE,09:00-18:00,2024-08-26
FPS-0266,Shakti Fair Price Shop 266,OFF-06266,MANDYA,MAN-Taluk-3,12.514365,76.60295,2500,WH-016,ACTIVE,09:00-18:00,2024-09-05
FPS-0267,Surya Fair Price Shop 267,OFF-06267,HASSAN,HAS-Taluk-1,13.161475,75.658826,3000,WH-017,ACTIVE,09:00-18:00,2023-09-02
FPS-0268,Jan Seva Fair Price Shop 268,OFF-06268,SHIVAMOGGA,SHI-Taluk-2,13.527199,75.582277,3000,WH-018,SUSPENDED,09:00-18:00,2024-10-17
FPS-0269,Santosh Fair Price Shop 269,OFF-06269,BENGALURU_URBAN,BEN-Taluk-3,12.828111,77.67288,2500,WH-019,ACTIVE,09:00-18:00,2024-05-24
FPS-0270,Ujala Fair Price Shop 270,OFF-06270,MYSURU,MYS-Taluk-2,12.079547,76.294454,2000,WH-020,ACTIVE,09:00-18:00,2023-11-27
FPS-0271,Chamundi Fair Price Shop 271,OFF-06271,TUMAKURU,TUM-Taluk-3,13.416343,76.671459,1200,WH-021,ACTIVE,09:00-18:00,2024-09-07
FPS-0272,Surya Fair Price Shop 272,OFF-06272,MANDYA,MAN-Taluk-4,12.336515,76.483271,1200,WH-022,SUSPENDED,09:00-18:00,2023-02-14
FPS-0273,Jan Seva Fair Price Shop 273,OFF-06273,HASSAN,HAS-Taluk-4,13.008525,75.921453,1500,WH-023,ACTIVE,09:00-18:00,2023-06-12
FPS-0274,Kaveri Fair Price Shop 274,OFF-06274,SHIVAMOGGA,SHI-Taluk-3,13.850201,75.884766,2500,WH-024,ACTIVE,09:00-18:00,2023-09-22
FPS-0275,Namma Fair Price Shop 275,OFF-06275,BENGALURU_URBAN,BEN-Taluk-2,13.025569,77.810208,2000,WH-025,ACTIVE,09:00-18:00,2024-01-10
FPS-0276,Shakti Fair Price Shop 276,OFF-06276,BENGALURU_URBAN,BEN-Taluk-2,13.102801,77.861035,1500,WH-001,ACTIVE,09:00-18:00,2024-06-02
FPS-0277,Grama Fair Price Shop 277,OFF-06277,MYSURU,MYS-Taluk-4,12.234343,76.645853,1500,WH-002,ACTIVE,09:00-18:00,2024-02-19
FPS-0278,Jan Seva Fair Price Shop 278,OFF-06278,TUMAKURU,TUM-Taluk-4,13.283478,76.922824,2000,WH-003,ACTIVE,09:00-18:00,2024-09-28
FPS-0279,Ganga Fair Price Shop 279,OFF-06279,MANDYA,MAN-Taluk-3,12.652298,76.892851,1500,WH-004,ACTIVE,09:00-18:00,2024-10-24
FPS-0280,Kaveri Fair Price Shop 280,OFF-06280,HASSAN,HAS-Taluk-2,13.319746,76.224959,2000,WH-005,ACTIVE,09:00-18:00,2024-08-17
FPS-0281,Kaveri Fair Price Shop 281,OFF-06281,SHIVAMOGGA,SHI-Taluk-4,13.897775,75.359071,1500,WH-006,ACTIVE,09:00-18:00,2023-07-29
FPS-0282,Jan Seva Fair Price Shop 282,OFF-06282,BENGALURU_URBAN,BEN-Taluk-1,12.616425,77.423646,1500,WH-007,ACTIVE,09:00-18:00,2023-08-30
FPS-0283,Surya Fair Price Shop 283,OFF-06283,MYSURU,MYS-Taluk-4,12.436089,76.45042,1500,WH-008,ACTIVE,09:00-18:00,2023-09-14
FPS-0284,Kaveri Fair Price Shop 284,OFF-06284,TUMAKURU,TUM-Taluk-4,13.620718,77.149358,1500,WH-009,ACTIVE,09:00-18:00,2023-09-12
FPS-0285,Vikas Fair Price Shop 285,OFF-06285,MANDYA,MAN-Taluk-1,12.922832,77.055414,2500,WH-010,ACTIVE,09:00-18:00,2024-09-12
FPS-0286,Samridhi Fair Price Shop 286,OFF-06286,HASSAN,HAS-Taluk-3,12.609597,76.306007,1200,WH-011,ACTIVE,09:00-18:00,2023-06-04
FPS-0287,Ganga Fair Price Shop 287,OFF-06287,SHIVAMOGGA,SHI-Taluk-2,13.876055,75.58077,1500,WH-012,ACTIVE,09:00-18:00,2024-04-09
FPS-0288,Kaveri Fair Price Shop 288,OFF-06288,BENGALURU_URBAN,BEN-Taluk-1,12.848696,77.597419,2000,WH-013,ACTIVE,09:00-18:00,2023-12-28
FPS-0289,Surya Fair Price Shop 289,OFF-06289,MYSURU,MYS-Taluk-4,12.314825,76.864861,3000,WH-014,SUSPENDED,09:00-18:00,2024-08-13
FPS-0290,Laxmi Fair Price Shop 290,OFF-06290,TUMAKURU,TUM-Taluk-2,13.387829,76.833429,2000,WH-015,SUSPENDED,09:00-18:00,2024-08-15
FPS-0291,Surya Fair Price Shop 291,OFF-06291,MANDYA,MAN-Taluk-1,12.427274,76.457255,2500,WH-016,SUSPENDED,09:00-18:00,2023-02-17
FPS-0292,Ujala Fair Price Shop 292,OFF-06292,HASSAN,HAS-Taluk-1,13.125397,75.898039,2000,WH-017,ACTIVE,09:00-18:00,2023-12-04
FPS-0293,Jan Seva Fair Price Shop 293,OFF-06293,SHIVAMOGGA,SHI-Taluk-4,13.481391,75.841962,2500,WH-018,ACTIVE,09:00-18:00,2023-01-15
FPS-0294,Grama Fair Price Shop 294,OFF-06294,BENGALURU_URBAN,BEN-Taluk-4,13.046713,77.683643,2500,WH-019,SUSPENDED,09:00-18:00,2024-09-19
FPS-0295,Vikas Fair Price Shop 295,OFF-06295,MYSURU,MYS-Taluk-2,12.431947,76.515129,2500,WH-020,ACTIVE,09:00-18:00,2023-06-23
FPS-0296,Samridhi Fair Price Shop 296,OFF-06296,TUMAKURU,TUM-Taluk-4,13.580689,76.686824,1200,WH-021,SUSPENDED,09:00-18:00,2023-10-17
FPS-0297,Ganga Fair Price Shop 297,OFF-06297,MANDYA,MAN-Taluk-4,12.510653,76.601386,947,WH-022,ACTIVE,09:00-18:00,2024-10-01
FPS-0298,Bharat Fair Price Shop 298,OFF-06298,HASSAN,HAS-Taluk-3,12.862515,76.043309,1500,WH-023,ACTIVE,09:00-18:00,2023-12-12
FPS-0299,Ganga Fair Price Shop 299,OFF-06299,SHIVAMOGGA,SHI-Taluk-2,13.633717,75.778224,1500,WH-024,ACTIVE,09:00-18:00,2023-03-07
FPS-0300,Tunga Fair Price Shop 300,OFF-06300,BENGALURU_URBAN,BEN-Taluk-3,13.156719,77.664084,2000,WH-025,SUSPENDED,09:00-18:00,2023-02-05
FPS-0301,Jan Seva Fair Price Shop 301,OFF-06301,BENGALURU_URBAN,BEN-Taluk-2,13.291689,77.785895,2500,WH-001,ACTIVE,09:00-18:00,2024-11-27
FPS-0302,Kaveri Fair Price Shop 302,OFF-06302,MYSURU,MYS-Taluk-1,12.193984,76.550132,3000,WH-002,ACTIVE,09:00-18:00,2023-07-22
FPS-0303,Surya Fair Price Shop 303,OFF-06303,TUMAKURU,TUM-Taluk-3,13.292211,76.915689,1200,WH-003,SUSPENDED,09:00-18:00,2023-11-03
FPS-0304,Shakti Fair Price Shop 304,OFF-06304,MANDYA,MAN-Taluk-1,12.552161,76.981742,1500,WH-004,ACTIVE,09:00-18:00,2023-03-20
FPS-0305,Santosh Fair Price Shop 305,OFF-06305,HASSAN,HAS-Taluk-3,13.488492,76.393998,3000,WH-005,SUSPENDED,09:00-18:00,2024-03-08
FPS-0306,Laxmi Fair Price Shop 306,OFF-06306,SHIVAMOGGA,SHI-Taluk-3,13.832433,75.356242,2000,WH-006,ACTIVE,09:00-18:00,2023-07-31
FPS-0307,Kaveri Fair Price Shop 307,OFF-06307,BENGALURU_URBAN,BEN-Taluk-2,12.641995,77.39418,1500,WH-007,ACTIVE,09:00-18:00,2024-08-29
FPS-0308,Santosh Fair Price Shop 308,OFF-06308,MYSURU,MYS-Taluk-2,12.645112,76.435847,2000,WH-008,SUSPENDED,09:00-18:00,2024-01-19
FPS-0309,Samridhi Fair Price Shop 309,OFF-06309,TUMAKURU,TUM-Taluk-4,13.584892,77.138357,2500,WH-009,ACTIVE,09:00-18:00,2024-01-03
FPS-0310,Anna Fair Price Shop 310,OFF-06310,MANDYA,MAN-Taluk-1,12.778817,77.00048,2000,WH-010,SUSPENDED,09:00-18:00,2023-12-24
FPS-0311,Laxmi Fair Price Shop 311,OFF-06311,HASSAN,HAS-Taluk-4,12.579304,76.261257,2000,WH-011,ACTIVE,09:00-18:00,2023-04-16
FPS-0312,Kaveri Fair Price Shop 312,OFF-06312,SHIVAMOGGA,SHI-Taluk-3,13.652583,75.591934,2000,WH-012,SUSPENDED,09:00-18:00,2024-10-16
FPS-0313,Jan Seva Fair Price Shop 313,OFF-06313,BENGALURU_URBAN,BEN-Taluk-1,12.891993,77.443938,2500,WH-013,ACTIVE,09:00-18:00,2023-05-26
FPS-0314,Anna Fair Price Shop 314,OFF-06314,MYSURU,MYS-Taluk-1,12.331478,76.942202,1200,WH-014,ACTIVE,09:00-18:00,2024-03-24
FPS-0315,Santosh Fair Price Shop 315,OFF-06315,TUMAKURU,TUM-Taluk-3,13.447733,77.013066,1500,WH-015,ACTIVE,09:00-18:00,2023-07-22
FPS-0316,Tunga Fair Price Shop 316,OFF-06316,MANDYA,MAN-Taluk-2,12.378784,76.601186,2000,WH-016,SUSPENDED,09:00-18:00,2024-09-16
FPS-0317,Samridhi Fair Price Shop 317,OFF-06317,HASSAN,HAS-Taluk-4,13.195917,75.932657,2500,WH-017,ACTIVE,09:00-18:00,2024-05-04
FPS-0318,Bharat Fair Price Shop 318,OFF-06318,SHIVAMOGGA,SHI-Taluk-4,13.652222,75.721233,1500,WH-018,SUSPENDED,09:00-18:00,2024-01-01
FPS-0319,Laxmi Fair Price Shop 319,OFF-06319,BENGALURU_URBAN,BEN-Taluk-1,12.991743,77.886312,2000,WH-019,ACTIVE,09:00-18:00,2023-03-19
FPS-0320,Anna Fair Price Shop 320,OFF-06320,MYSURU,MYS-Taluk-2,12.10674,76.407903,2000,WH-020,ACTIVE,09:00-18:00,2024-08-12
FPS-0321,Ganga Fair Price Shop 321,OFF-06321,TUMAKURU,TUM-Taluk-1,13.47617,76.758005,3000,WH-021,ACTIVE,09:00-18:00,2023-01-26
FPS-0322,Sahyadri Fair Price Shop 322,OFF-06322,MANDYA,MAN-Taluk-3,12.53076,76.511105,2000,WH-022,SUSPENDED,09:00-18:00,2023-06-30
FPS-0323,Annapurna Fair Price Shop 323,OFF-06323,HASSAN,HAS-Taluk-2,12.845827,75.974994,1500,WH-023,SUSPENDED,09:00-18:00,2023-09-04
FPS-0324,Santosh Fair Price Shop 324,OFF-06324,SHIVAMOGGA,SHI-Taluk-4,13.757596,75.977577,2000,WH-024,ACTIVE,09:00-18:00,2024-09-01
FPS-0325,Sahyadri Fair Price Shop 325,OFF-06325,BENGALURU_URBAN,BEN-Taluk-3,13.199207,77.569063,2000,WH-025,ACTIVE,09:00-18:00,2024-10-18
FPS-0326,Ujala Fair Price Shop 326,OFF-06326,BENGALURU_URBAN,BEN-Taluk-4,13.17759,77.86355,2000,WH-001,ACTIVE,09:00-18:00,2023-08-02
FPS-0327,Jan Seva Fair Price Shop 327,OFF-06327,MYSURU,MYS-Taluk-2,12.067484,76.684396,2000,WH-002,SUSPENDED,09:00-18:00,2023-04-24
FPS-0328,Annapurna Fair Price Shop 328,OFF-06328,TUMAKURU,TUM-Taluk-1,13.173659,76.968851,2000,WH-003,ACTIVE,09:00-18:00,2023-08-28
FPS-0329,Grama Fair Price Shop 329,OFF-06329,MANDYA,MAN-Taluk-2,12.347132,76.934894,1500,WH-004,ACTIVE,09:00-18:00,2024-01-03
FPS-0330,Chamundi Fair Price Shop 330,OFF-06330,HASSAN,HAS-Taluk-4,13.392411,76.196393,2000,WH-005,ACTIVE,09:00-18:00,2024-09-28
FPS-0331,Tunga Fair Price Shop 331,OFF-06331,SHIVAMOGGA,SHI-Taluk-4,13.937535,75.567429,1500,WH-006,SUSPENDED,09:00-18:00,2023-02-12
FPS-0332,Annapurna Fair Price Shop 332,OFF-06332,BENGALURU_URBAN,BEN-Taluk-1,12.677135,77.482634,3500,WH-007,ACTIVE,09:00-18:00,2023-06-25
FPS-0333,Kaveri Fair Price Shop 333,OFF-06333,MYSURU,MYS-Taluk-4,12.422852,76.234514,2000,WH-008,ACTIVE,09:00-18:00,2024-11-22
FPS-0334,Kaveri Fair Price Shop 334,OFF-06334,TUMAKURU,TUM-Taluk-4,13.401981,77.086188,1085,WH-009,ACTIVE,09:00-18:00,2023-07-29
FPS-0335,Santosh Fair Price Shop 335,OFF-06335,MANDYA,MAN-Taluk-1,12.781168,77.166424,3000,WH-010,ACTIVE,09:00-18:00,2024-03-11
FPS-0336,Surya Fair Price Shop 336,OFF-06336,HASSAN,HAS-Taluk-4,12.638655,76.229015,3000,WH-011,ACTIVE,09:00-18:00,2024-07-19
FPS-0337,Grama Fair Price Shop 337,OFF-06337,SHIVAMOGGA,SHI-Taluk-3,13.663236,75.574372,1200,WH-012,ACTIVE,09:00-18:00,2023-11-12
FPS-0338,Shakti Fair Price Shop 338,OFF-06338,BENGALURU_URBAN,BEN-Taluk-2,12.690688,77.499674,3000,WH-013,ACTIVE,09:00-18:00,2023-12-13
FPS-0339,Jan Seva Fair Price Shop 339,OFF-06339,MYSURU,MYS-Taluk-2,12.454621,76.774598,1500,WH-014,ACTIVE,09:00-18:00,2023-10-04
FPS-0340,Ganga Fair Price Shop 340,OFF-06340,TUMAKURU,TUM-Taluk-2,13.603673,76.787261,2000,WH-015,ACTIVE,09:00-18:00,2023-11-21
FPS-0341,Grama Fair Price Shop 341,OFF-06341,MANDYA,MAN-Taluk-1,12.465842,76.397389,2000,WH-016,ACTIVE,09:00-18:00,2024-06-26
FPS-0342,Surya Fair Price Shop 342,OFF-06342,HASSAN,HAS-Taluk-1,13.071735,75.956488,2500,WH-017,SUSPENDED,09:00-18:00,2024-05-08
FPS-0343,Laxmi Fair Price Shop 343,OFF-06343,SHIVAMOGGA,SHI-Taluk-1,13.562725,75.84845,2000,WH-018,ACTIVE,09:00-18:00,2023-04-12
FPS-0344,Bharat Fair Price Shop 344,OFF-06344,BENGALURU_URBAN,BEN-Taluk-3,12.735165,77.863993,1500,WH-019,ACTIVE,09:00-18:00,2024-03-03
FPS-0345,Ujala Fair Price Shop 345,OFF-06345,MYSURU,MYS-Taluk-1,12.344035,76.293069,1500,WH-020,SUSPENDED,09:00-18:00,2023-03-09
FPS-0346,Jan Seva Fair Price Shop 346,OFF-06346,TUMAKURU,TUM-Taluk-1,13.732334,76.820321,3000,WH-021,ACTIVE,09:00-18:00,2023-12-13
FPS-0347,Santosh Fair Price Shop 347,OFF-06347,MANDYA,MAN-Taluk-1,12.533629,76.553786,1500,WH-022,ACTIVE,09:00-18:00,2023-11-26
FPS-0348,Santosh Fair Price Shop 348,OFF-06348,HASSAN,HAS-Taluk-1,12.960216,75.930836,1500,WH-023,ACTIVE,09:00-18:00,2024-08-11
FPS-0349,Laxmi Fair Price Shop 349,OFF-06349,SHIVAMOGGA,SHI-Taluk-2,13.850042,75.752583,2000,WH-024,ACTIVE,09:00-18:00,2023-04-04
FPS-0350,Anna Fair Price Shop 350,OFF-06350,BENGALURU_URBAN,BEN-Taluk-1,12.943868,77.660963,2500,WH-025,SUSPENDED,09:00-18:00,2023-01-23
FPS-0351,Jan Seva Fair Price Shop 351,OFF-06351,BENGALURU_URBAN,BEN-Taluk-2,13.145037,77.928976,2000,WH-001,SUSPENDED,09:00-18:00,2024-06-29
FPS-0352,Shakti Fair Price Shop 352,OFF-06352,MYSURU,MYS-Taluk-3,12.110416,76.572282,3000,WH-002,ACTIVE,09:00-18:00,2024-07-30
FPS-0353,Samridhi Fair Price Shop 353,OFF-06353,TUMAKURU,TUM-Taluk-4,13.196502,76.988818,2500,WH-003,ACTIVE,09:00-18:00,2023-04-07
FPS-0354,Kaveri Fair Price Shop 354,OFF-06354,MANDYA,MAN-Taluk-4,12.660191,76.631991,3500,WH-004,ACTIVE,09:00-18:00,2023-07-23
FPS-0355,Chamundi Fair Price Shop 355,OFF-06355,HASSAN,HAS-Taluk-1,13.427937,76.175023,2000,WH-005,ACTIVE,09:00-18:00,2023-10-21
FPS-0356,Surya Fair Price Shop 356,OFF-06356,SHIVAMOGGA,SHI-Taluk-1,14.054452,75.339605,2000,WH-006,SUSPENDED,09:00-18:00,2023-12-26
FPS-0357,Laxmi Fair Price Shop 357,OFF-06357,BENGALURU_URBAN,BEN-Taluk-2,12.593705,77.546943,3500,WH-007,ACTIVE,09:00-18:00,2024-12-01
FPS-0358,Kaveri Fair Price Shop 358,OFF-06358,MYSURU,MYS-Taluk-1,12.720039,76.248289,2500,WH-008,ACTIVE,09:00-18:00,2024-08-14
FPS-0359,Namma Fair Price Shop 359,OFF-06359,TUMAKURU,TUM-Taluk-3,13.726549,77.062156,2500,WH-009,ACTIVE,09:00-18:00,2024-08-21
FPS-0360,Anna Fair Price Shop 360,OFF-06360,MANDYA,MAN-Taluk-2,12.858455,76.978743,2000,WH-010,ACTIVE,09:00-18:00,2023-10-30
FPS-0361,Jan Seva Fair Price Shop 361,OFF-06361,HASSAN,HAS-Taluk-3,12.626625,76.206486,1500,WH-011,SUSPENDED,09:00-18:00,2024-01-04
FPS-0362,Laxmi Fair Price Shop 362,OFF-06362,SHIVAMOGGA,SHI-Taluk-1,13.69556,75.591333,1500,WH-012,SUSPENDED,09:00-18:00,2023-03-02
FPS-0363,Anna Fair Price Shop 363,OFF-06363,BENGALURU_URBAN,BEN-Taluk-2,12.719996,77.503472,3000,WH-013,SUSPENDED,09:00-18:00,2023-02-11
FPS-0364,Surya Fair Price Shop 364,OFF-06364,MYSURU,MYS-Taluk-3,12.417474,77.058453,2000,WH-014,ACTIVE,09:00-18:00,2024-11-01
FPS-0365,Santosh Fair Price Shop 365,OFF-06365,TUMAKURU,TUM-Taluk-4,13.490673,76.967888,2000,WH-015,ACTIVE,09:00-18:00,2023-08-21
FPS-0366,Namma Fair Price Shop 366,OFF-06366,MANDYA,MAN-Taluk-2,12.5821,76.59684,1200,WH-016,ACTIVE,09:00-18:00,2023-01-06
FPS-0367,Jai Karnataka Fair Price Shop 367,OFF-06367,HASSAN,HAS-Taluk-3,13.1966,75.781412,1500,WH-017,ACTIVE,09:00-18:00,2023-01-07
FPS-0368,Shakti Fair Price Shop 368,OFF-06368,SHIVAMOGGA,SHI-Taluk-1,13.507161,75.925757,2500,WH-018,SUSPENDED,09:00-18:00,2024-03-12
FPS-0369,Tunga Fair Price Shop 369,OFF-06369,BENGALURU_URBAN,BEN-Taluk-4,12.803392,77.85454,1500,WH-019,ACTIVE,09:00-18:00,2024-02-05
FPS-0370,Ganga Fair Price Shop 370,OFF-06370,MYSURU,MYS-Taluk-1,12.391279,76.328147,3500,WH-020,ACTIVE,09:00-18:00,2023-08-06
FPS-0371,Kaveri Fair Price Shop 371,OFF-06371,TUMAKURU,TUM-Taluk-4,13.755103,76.889826,1045,WH-021,ACTIVE,09:00-18:00,2024-09-09
FPS-0372,Ganga Fair Price Shop 372,OFF-06372,MANDYA,MAN-Taluk-2,12.381178,76.481638,1500,WH-022,ACTIVE,09:00-18:00,2024-10-16
FPS-0373,Samridhi Fair Price Shop 373,OFF-06373,HASSAN,HAS-Taluk-4,12.903101,75.95645,2500,WH-023,ACTIVE,09:00-18:00,2023-07-24
FPS-0374,Vikas Fair Price Shop 374,OFF-06374,SHIVAMOGGA,SHI-Taluk-2,13.520238,75.889353,2500,WH-024,ACTIVE,09:00-18:00,2024-07-17
FPS-0375,Vikas Fair Price Shop 375,OFF-06375,BENGALURU_URBAN,BEN-Taluk-2,13.155987,77.507277,2000,WH-025,SUSPENDED,09:00-18:00,2024-03-15
FPS-0376,Ujala Fair Price Shop 376,OFF-06376,BENGALURU_URBAN,BEN-Taluk-1,13.113907,77.735482,3500,WH-001,ACTIVE,09:00-18:00,2024-10-21
FPS-0377,Tunga Fair Price Shop 377,OFF-06377,MYSURU,MYS-Taluk-3,12.210284,76.652631,1200,WH-002,ACTIVE,09:00-18:00,2023-03-08
FPS-0378,Bharat Fair Price Shop 378,OFF-06378,TUMAKURU,TUM-Taluk-4,13.37205,76.954128,2000,WH-003,ACTIVE,09:00-18:00,2024-06-03
FPS-0379,Shakti Fair Price Shop 379,OFF-06379,MANDYA,MAN-Taluk-2,12.385105,76.758319,1200,WH-004,SUSPENDED,09:00-18:00,2024-11-04
FPS-0380,Tunga Fair Price Shop 380,OFF-06380,HASSAN,HAS-Taluk-4,13.488831,76.299121,2000,WH-005,SUSPENDED,09:00-18:00,2023-02-06
FPS-0381,Namma Fair Price Shop 381,OFF-06381,SHIVAMOGGA,SHI-Taluk-4,14.085646,75.580703,2000,WH-006,ACTIVE,09:00-18:00,2024-10-07
FPS-0382,Tunga Fair Price Shop 382,OFF-06382,BENGALURU_URBAN,BEN-Taluk-1,12.620885,77.419314,2500,WH-007,SUSPENDED,09:00-18:00,2023-01-22
FPS-0383,Vikas Fair Price Shop 383,OFF-06383,MYSURU,MYS-Taluk-4,12.73888,76.27292,2000,WH-008,SUSPENDED,09:00-18:00,2024-04-06
FPS-0384,Jai Karnataka Fair Price Shop 384,OFF-06384,TUMAKURU,TUM-Taluk-3,13.594804,76.977254,2000,WH-009,ACTIVE,09:00-18:00,2024-08-21
FPS-0385,Jai Karnataka Fair Price Shop 385,OFF-06385,MANDYA,MAN-Taluk-2,12.877474,76.992307,3000,WH-010,SUSPENDED,09:00-18:00,2024-08-14
FPS-0386,Kaveri Fair Price Shop 386,OFF-06386,HASSAN,HAS-Taluk-1,12.926892,76.155199,3000,WH-011,ACTIVE,09:00-18:00,2024-08-07
FPS-0387,Laxmi Fair Price Shop 387,OFF-06387,SHIVAMOGGA,SHI-Taluk-4,13.911249,75.489818,1500,WH-012,ACTIVE,09:00-18:00,2023-09-01
FPS-0388,Jai Karnataka Fair Price Shop 388,OFF-06388,BENGALURU_URBAN,BEN-Taluk-4,12.812036,77.405986,2000,WH-013,ACTIVE,09:00-18:00,2024-10-07
FPS-0389,Surya Fair Price Shop 389,OFF-06389,MYSURU,MYS-Taluk-1,12.178367,76.983094,2000,WH-014,ACTIVE,09:00-18:00,2024-04-21
FPS-0390,Sahyadri Fair Price Shop 390,OFF-06390,TUMAKURU,TUM-Taluk-4,13.386521,76.903626,1500,WH-015,ACTIVE,09:00-18:00,2024-01-21
FPS-0391,Chamundi Fair Price Shop 391,OFF-06391,MANDYA,MAN-Taluk-3,12.604202,76.578335,2000,WH-016,ACTIVE,09:00-18:00,2023-07-29
FPS-0392,Surya Fair Price Shop 392,OFF-06392,HASSAN,HAS-Taluk-1,13.244932,75.745123,3000,WH-017,SUSPENDED,09:00-18:00,2023-04-09
FPS-0393,Santosh Fair Price Shop 393,OFF-06393,SHIVAMOGGA,SHI-Taluk-4,13.719214,75.696379,3500,WH-018,ACTIVE,09:00-18:00,2023-07-31
FPS-0394,Shakti Fair Price Shop 394,OFF-06394,BENGALURU_URBAN,BEN-Taluk-2,12.752123,77.701706,1500,WH-019,ACTIVE,09:00-18:00,2023-10-31
FPS-0395,Vikas Fair Price Shop 395,OFF-06395,MYSURU,MYS-Taluk-2,12.119954,76.585259,1500,WH-020,ACTIVE,09:00-18:00,2023-03-03
FPS-0396,Santosh Fair Price Shop 396,OFF-06396,TUMAKURU,TUM-Taluk-1,13.59761,77.004875,1500,WH-021,ACTIVE,09:00-18:00,2024-07-13
FPS-0397,Samridhi Fair Price Shop 397,OFF-06397,MANDYA,MAN-Taluk-4,12.267873,76.481475,2000,WH-022,ACTIVE,09:00-18:00,2023-12-20
FPS-0398,Chamundi Fair Price Shop 398,OFF-06398,HASSAN,HAS-Taluk-3,12.849213,76.024624,2000,WH-023,ACTIVE,09:00-18:00,2024-03-04
FPS-0399,Kaveri Fair Price Shop 399,OFF-06399,SHIVAMOGGA,SHI-Taluk-1,13.647769,75.925108,2000,WH-024,ACTIVE,09:00-18:00,2024-08-04
FPS-0400,Laxmi Fair Price Shop 400,OFF-06400,BENGALURU_URBAN,BEN-Taluk-3,12.996288,77.711652,1500,WH-025,SUSPENDED,09:00-18:00,2024-06-20
FPS-0401,Anna Fair Price Shop 401,OFF-06401,BENGALURU_URBAN,BEN-Taluk-1,13.154594,77.580855,2000,WH-001,ACTIVE,09:00-18:00,2024-10-19
FPS-0402,Ganga Fair Price Shop 402,OFF-06402,MYSURU,MYS-Taluk-4,12.020309,76.636463,1200,WH-002,ACTIVE,09:00-18:00,2024-09-08
FPS-0403,Santosh Fair Price Shop 403,OFF-06403,TUMAKURU,TUM-Taluk-4,13.279713,76.883791,3500,WH-003,SUSPENDED,09:00-18:00,2023-08-23
FPS-0404,Sahyadri Fair Price Shop 404,OFF-06404,MANDYA,MAN-Taluk-2,12.67463,76.769892,2000,WH-004,ACTIVE,09:00-18:00,2023-03-22
FPS-0405,Vikas Fair Price Shop 405,OFF-06405,HASSAN,HAS-Taluk-4,13.50498,76.159457,2000,WH-005,ACTIVE,09:00-18:00,2023-03-19
FPS-0406,Tunga Fair Price Shop 406,OFF-06406,SHIVAMOGGA,SHI-Taluk-3,13.907382,75.374055,3000,WH-006,ACTIVE,09:00-18:00,2024-04-07
FPS-0407,Shakti Fair Price Shop 407,OFF-06407,BENGALURU_URBAN,BEN-Taluk-2,12.82496,77.528355,3500,WH-007,ACTIVE,09:00-18:00,2023-05-30
FPS-0408,Kaveri Fair Price Shop 408,OFF-06408,MYSURU,MYS-Taluk-3,12.662189,76.422791,958,WH-008,ACTIVE,09:00-18:00,2024-06-07
FPS-0409,Kaveri Fair Price Shop 409,OFF-06409,TUMAKURU,TUM-Taluk-3,13.60208,76.964536,2500,WH-009,ACTIVE,09:00-18:00,2024-05-14
FPS-0410,Ganga Fair Price Shop 410,OFF-06410,MANDYA,MAN-Taluk-1,12.704992,76.90065,2000,WH-010,ACTIVE,09:00-18:00,2024-08-01
FPS-0411,Ujala Fair Price Shop 411,OFF-06411,HASSAN,HAS-Taluk-2,12.817478,76.311581,2500,WH-011,ACTIVE,09:00-18:00,2024-06-02
FPS-0412,Kaveri Fair Price Shop 412,OFF-06412,SHIVAMOGGA,SHI-Taluk-3,13.616288,75.715421,1500,WH-012,SUSPENDED,09:00-18:00,2023-02-07
FPS-0413,Grama Fair Price Shop 413,OFF-06413,BENGALURU_URBAN,BEN-Taluk-3,12.62065,77.639149,2000,WH-013,SUSPENDED,09:00-18:00,2024-06-24
FPS-0414,Vikas Fair Price Shop 414,OFF-06414,MYSURU,MYS-Taluk-2,12.354429,76.937592,3000,WH-014,ACTIVE,09:00-18:00,2024-07-17
FPS-0415,Grama Fair Price Shop 415,OFF-06415,TUMAKURU,TUM-Taluk-2,13.480616,76.869987,3500,WH-015,SUSPENDED,09:00-18:00,2024-01-17
FPS-0416,Tunga Fair Price Shop 416,OFF-06416,MANDYA,MAN-Taluk-1,12.404862,76.705942,2000,WH-016,SUSPENDED,09:00-18:00,2023-01-26
FPS-0417,Bharat Fair Price Shop 417,OFF-06417,HASSAN,HAS-Taluk-2,13.229214,75.713491,2500,WH-017,ACTIVE,09:00-18:00,2023-01-22
FPS-0418,Sahyadri Fair Price Shop 418,OFF-06418,SHIVAMOGGA,SHI-Taluk-3,13.524703,75.851544,2500,WH-018,ACTIVE,09:00-18:00,2023-09-25
FPS-0419,Santosh Fair Price Shop 419,OFF-06419,BENGALURU_URBAN,BEN-Taluk-3,12.805051,77.846649,3500,WH-019,ACTIVE,09:00-18:00,2023-08-28
FPS-0420,Jan Seva Fair Price Shop 420,OFF-06420,MYSURU,MYS-Taluk-1,12.09427,76.335311,1200,WH-020,ACTIVE,09:00-18:00,2023-09-21
FPS-0421,Vikas Fair Price Shop 421,OFF-06421,TUMAKURU,TUM-Taluk-2,13.734681,76.931264,2000,WH-021,ACTIVE,09:00-18:00,2024-07-26
FPS-0422,Bharat Fair Price Shop 422,OFF-06422,MANDYA,MAN-Taluk-2,12.325545,76.799709,1200,WH-022,ACTIVE,09:00-18:00,2023-08-04
FPS-0423,Samridhi Fair Price Shop 423,OFF-06423,HASSAN,HAS-Taluk-1,12.719925,75.922776,1500,WH-023,ACTIVE,09:00-18:00,2023-01-10
FPS-0424,Shakti Fair Price Shop 424,OFF-06424,SHIVAMOGGA,SHI-Taluk-3,13.804274,75.763988,2000,WH-024,ACTIVE,09:00-18:00,2024-08-16
FPS-0425,Ujala Fair Price Shop 425,OFF-06425,BENGALURU_URBAN,BEN-Taluk-4,12.863208,77.696789,1500,WH-025,ACTIVE,09:00-18:00,2024-05-28
FPS-0426,Jai Karnataka Fair Price Shop 426,OFF-06426,BENGALURU_URBAN,BEN-Taluk-1,13.413368,77.820393,3000,WH-001,ACTIVE,09:00-18:00,2024-06-13
FPS-0427,Anna Fair Price Shop 427,OFF-06427,MYSURU,MYS-Taluk-4,12.167961,76.722494,2000,WH-002,SUSPENDED,09:00-18:00,2023-08-14
FPS-0428,Samridhi Fair Price Shop 428,OFF-06428,TUMAKURU,TUM-Taluk-1,13.16838,77.040492,2000,WH-003,ACTIVE,09:00-18:00,2024-04-25
FPS-0429,Vikas Fair Price Shop 429,OFF-06429,MANDYA,MAN-Taluk-3,12.47573,76.774962,3000,WH-004,ACTIVE,09:00-18:00,2024-07-19
FPS-0430,Tunga Fair Price Shop 430,OFF-06430,HASSAN,HAS-Taluk-1,13.243469,76.083239,2500,WH-005,ACTIVE,09:00-18:00,2023-07-08
FPS-0431,Ganga Fair Price Shop 431,OFF-06431,SHIVAMOGGA,SHI-Taluk-4,14.022107,75.239731,2500,WH-006,SUSPENDED,09:00-18:00,2023-05-16
FPS-0432,Annapurna Fair Price Shop 432,OFF-06432,BENGALURU_URBAN,BEN-Taluk-2,12.671301,77.379341,2500,WH-007,ACTIVE,09:00-18:00,2023-08-28
FPS-0433,Surya Fair Price Shop 433,OFF-06433,MYSURU,MYS-Taluk-2,12.414658,76.411854,2000,WH-008,SUSPENDED,09:00-18:00,2024-01-03
FPS-0434,Laxmi Fair Price Shop 434,OFF-06434,TUMAKURU,TUM-Taluk-2,13.625488,77.009753,2000,WH-009,ACTIVE,09:00-18:00,2023-01-26
FPS-0435,Ganga Fair Price Shop 435,OFF-06435,MANDYA,MAN-Taluk-1,12.839531,76.971735,2000,WH-010,ACTIVE,09:00-18:00,2023-05-01
FPS-0436,Anna Fair Price Shop 436,OFF-06436,HASSAN,HAS-Taluk-2,12.832027,76.148606,2500,WH-011,SUSPENDED,09:00-18:00,2023-04-03
FPS-0437,Samridhi Fair Price Shop 437,OFF-06437,SHIVAMOGGA,SHI-Taluk-1,13.829193,75.666469,3000,WH-012,ACTIVE,09:00-18:00,2023-09-20
FPS-0438,Annapurna Fair Price Shop 438,OFF-06438,BENGALURU_URBAN,BEN-Taluk-1,12.694288,77.432305,2000,WH-013,ACTIVE,09:00-18:00,2023-06-17
FPS-0439,Jai Karnataka Fair Price Shop 439,OFF-06439,MYSURU,MYS-Taluk-3,12.272349,77.016712,2000,WH-014,ACTIVE,09:00-18:00,2023-02-24
FPS-0440,Anna Fair Price Shop 440,OFF-06440,TUMAKURU,TUM-Taluk-3,13.642382,76.99989,2500,WH-015,ACTIVE,09:00-18:00,2023-12-15
FPS-0441,Annapurna Fair Price Shop 441,OFF-06441,MANDYA,MAN-Taluk-1,12.58847,76.400846,2000,WH-016,ACTIVE,09:00-18:00,2023-02-06
FPS-0442,Tunga Fair Price Shop 442,OFF-06442,HASSAN,HAS-Taluk-3,13.152817,75.996131,2500,WH-017,ACTIVE,09:00-18:00,2023-09-28
FPS-0443,Jan Seva Fair Price Shop 443,OFF-06443,SHIVAMOGGA,SHI-Taluk-1,13.546403,75.874343,1200,WH-018,ACTIVE,09:00-18:00,2023-12-28
FPS-0444,Laxmi Fair Price Shop 444,OFF-06444,BENGALURU_URBAN,BEN-Taluk-2,12.845401,77.738133,2000,WH-019,ACTIVE,09:00-18:00,2024-02-12
FPS-0445,Namma Fair Price Shop 445,OFF-06445,MYSURU,MYS-Taluk-4,12.265171,76.386901,966,WH-020,ACTIVE,09:00-18:00,2023-12-20
FPS-0446,Santosh Fair Price Shop 446,OFF-06446,TUMAKURU,TUM-Taluk-1,13.532219,76.946113,2500,WH-021,ACTIVE,09:00-18:00,2023-08-15
FPS-0447,Jan Seva Fair Price Shop 447,OFF-06447,MANDYA,MAN-Taluk-3,12.565728,76.590072,1500,WH-022,ACTIVE,09:00-18:00,2023-04-11
FPS-0448,Surya Fair Price Shop 448,OFF-06448,HASSAN,HAS-Taluk-2,12.912017,76.157683,3000,WH-023,ACTIVE,09:00-18:00,2023-12-17
FPS-0449,Jan Seva Fair Price Shop 449,OFF-06449,SHIVAMOGGA,SHI-Taluk-1,13.692275,75.998079,2500,WH-024,ACTIVE,09:00-18:00,2024-07-20
FPS-0450,Laxmi Fair Price Shop 450,OFF-06450,BENGALURU_URBAN,BEN-Taluk-1,13.050239,77.565972,2500,WH-025,SUSPENDED,09:00-18:00,2024-05-02
FPS-0451,Sahyadri Fair Price Shop 451,OFF-06451,BENGALURU_URBAN,BEN-Taluk-1,13.125661,77.624954,2000,WH-001,ACTIVE,09:00-18:00,2023-07-07
FPS-0452,Bharat Fair Price Shop 452,OFF-06452,MYSURU,MYS-Taluk-1,12.194421,76.433211,3000,WH-002,ACTIVE,09:00-18:00,2024-10-24
FPS-0453,Chamundi Fair Price Shop 453,OFF-06453,TUMAKURU,TUM-Taluk-4,13.309301,76.904724,3500,WH-003,SUSPENDED,09:00-18:00,2024-09-19
FPS-0454,Samridhi Fair Price Shop 454,OFF-06454,MANDYA,MAN-Taluk-3,12.38026,76.635442,3000,WH-004,ACTIVE,09:00-18:00,2023-08-05
FPS-0455,Shakti Fair Price Shop 455,OFF-06455,HASSAN,HAS-Taluk-2,13.279023,76.121192,3000,WH-005,SUSPENDED,09:00-18:00,2024-08-15
FPS-0456,Ganga Fair Price Shop 456,OFF-06456,SHIVAMOGGA,SHI-Taluk-1,14.093528,75.243401,2000,WH-006,ACTIVE,09:00-18:00,2024-02-26
FPS-0457,Tunga Fair Price Shop 457,OFF-06457,BENGALURU_URBAN,BEN-Taluk-2,12.857697,77.563575,1500,WH-007,SUSPENDED,09:00-18:00,2023-08-29
FPS-0458,Sahyadri Fair Price Shop 458,OFF-06458,MYSURU,MYS-Taluk-1,12.479288,76.314886,2000,WH-008,ACTIVE,09:00-18:00,2023-06-17
FPS-0459,Bharat Fair Price Shop 459,OFF-06459,TUMAKURU,TUM-Taluk-3,13.447931,76.8102,3000,WH-009,SUSPENDED,09:00-18:00,2024-11-09
FPS-0460,Vikas Fair Price Shop 460,OFF-06460,MANDYA,MAN-Taluk-2,12.862764,77.15481,1500,WH-010,ACTIVE,09:00-18:00,2024-10-09
FPS-0461,Namma Fair Price Shop 461,OFF-06461,HASSAN,HAS-Taluk-1,12.679212,76.150233,1500,WH-011,SUSPENDED,09:00-18:00,2023-10-14
FPS-0462,Kaveri Fair Price Shop 462,OFF-06462,SHIVAMOGGA,SHI-Taluk-1,13.701084,75.786022,2500,WH-012,ACTIVE,09:00-18:00,2023-07-25
FPS-0463,Shakti Fair Price Shop 463,OFF-06463,BENGALURU_URBAN,BEN-Taluk-4,12.653431,77.497561,1500,WH-013,ACTIVE,09:00-18:00,2023-12-08
FPS-0464,Anna Fair Price Shop 464,OFF-06464,MYSURU,MYS-Taluk-4,12.3024,76.997658,2500,WH-014,ACTIVE,09:00-18:00,2024-08-27
FPS-0465,Annapurna Fair Price Shop 465,OFF-06465,TUMAKURU,TUM-Taluk-4,13.535357,77.121063,1200,WH-015,SUSPENDED,09:00-18:00,2023-09-24
FPS-0466,Surya Fair Price Shop 466,OFF-06466,MANDYA,MAN-Taluk-2,12.602823,76.664583,1500,WH-016,ACTIVE,09:00-18:00,2023-06-21
FPS-0467,Samridhi Fair Price Shop 467,OFF-06467,HASSAN,HAS-Taluk-3,13.093759,75.710134,3000,WH-017,SUSPENDED,09:00-18:00,2024-11-27
FPS-0468,Grama Fair Price Shop 468,OFF-06468,SHIVAMOGGA,SHI-Taluk-1,13.773323,75.889436,1500,WH-018,ACTIVE,09:00-18:00,2024-05-17
FPS-0469,Ujala Fair Price Shop 469,OFF-06469,BENGALURU_URBAN,BEN-Taluk-1,12.759134,77.778792,3000,WH-019,SUSPENDED,09:00-18:00,2024-11-21
FPS-0470,Sahyadri Fair Price Shop 470,OFF-06470,MYSURU,MYS-Taluk-3,12.274428,76.5161,1200,WH-020,ACTIVE,09:00-18:00,2024-05-08
FPS-0471,Ganga Fair Price Shop 471,OFF-06471,TUMAKURU,TUM-Taluk-4,13.560747,76.651243,2500,WH-021,ACTIVE,09:00-18:00,2024-12-01
FPS-0472,Jai Karnataka Fair Price Shop 472,OFF-06472,MANDYA,MAN-Taluk-4,12.561147,76.556727,1500,WH-022,ACTIVE,09:00-18:00,2024-05-14
FPS-0473,Vikas Fair Price Shop 473,OFF-06473,HASSAN,HAS-Taluk-3,12.802743,75.956676,2500,WH-023,SUSPENDED,09:00-18:00,2023-08-20
FPS-0474,Vikas Fair Price Shop 474,OFF-06474,SHIVAMOGGA,SHI-Taluk-1,13.552843,75.763542,1500,WH-024,SUSPENDED,09:00-18:00,2024-09-13
FPS-0475,Chamundi Fair Price Shop 475,OFF-06475,BENGALURU_URBAN,BEN-Taluk-2,12.967789,77.680648,2500,WH-025,ACTIVE,09:00-18:00,2023-10-14
FPS-0476,Bharat Fair Price Shop 476,OFF-06476,BENGALURU_URBAN,BEN-Taluk-2,13.29692,77.78069,2500,WH-001,ACTIVE,09:00-18:00,2024-10-18
FPS-0477,Vikas Fair Price Shop 477,OFF-06477,MYSURU,MYS-Taluk-4,12.169732,76.524413,2000,WH-002,ACTIVE,09:00-18:00,2024-11-27
FPS-0478,Tunga Fair Price Shop 478,OFF-06478,TUMAKURU,TUM-Taluk-3,13.345301,76.94658,2500,WH-003,ACTIVE,09:00-18:00,2024-07-08
FPS-0479,Shakti Fair Price Shop 479,OFF-06479,MANDYA,MAN-Taluk-1,12.451308,76.731004,1500,WH-004,SUSPENDED,09:00-18:00,2024-05-13
FPS-0480,Ganga Fair Price Shop 480,OFF-06480,HASSAN,HAS-Taluk-2,13.397839,76.204326,2500,WH-005,SUSPENDED,09:00-18:00,2023-07-20
FPS-0481,Vikas Fair Price Shop 481,OFF-06481,SHIVAMOGGA,SHI-Taluk-2,13.943093,75.301993,1500,WH-006,ACTIVE,09:00-18:00,2023-04-16
FPS-0482,Ganga Fair Price Shop 482,OFF-06482,BENGALURU_URBAN,BEN-Taluk-3,12.822367,77.606856,1095,WH-007,SUSPENDED,09:00-18:00,2024-01-12
FPS-0483,Shakti Fair Price Shop 483,OFF-06483,MYSURU,MYS-Taluk-2,12.680854,76.256923,1500,WH-008,ACTIVE,09:00-18:00,2024-11-26
FPS-0484,Namma Fair Price Shop 484,OFF-06484,TUMAKURU,TUM-Taluk-3,13.485008,77.045199,2500,WH-009,ACTIVE,09:00-18:00,2024-11-15
FPS-0485,Jai Karnataka Fair Price Shop 485,OFF-06485,MANDYA,MAN-Taluk-4,12.988504,77.030946,2500,WH-010,ACTIVE,09:00-18:00,2023-03-03
FPS-0486,Ujala Fair Price Shop 486,OFF-06486,HASSAN,HAS-Taluk-3,12.744545,76.204359,3500,WH-011,ACTIVE,09:00-18:00,2024-09-18
FPS-0487,Annapurna Fair Price Shop 487,OFF-06487,SHIVAMOGGA,SHI-Taluk-1,13.616544,75.71093,1500,WH-012,ACTIVE,09:00-18:00,2024-09-22
FPS-0488,Laxmi Fair Price Shop 488,OFF-06488,BENGALURU_URBAN,BEN-Taluk-2,12.648004,77.676808,3000,WH-013,ACTIVE,09:00-18:00,2023-02-26
FPS-0489,Jan Seva Fair Price Shop 489,OFF-06489,MYSURU,MYS-Taluk-1,12.44733,76.864485,1500,WH-014,ACTIVE,09:00-18:00,2024-06-04
FPS-0490,Santosh Fair Price Shop 490,OFF-06490,TUMAKURU,TUM-Taluk-3,13.508785,76.882593,2000,WH-015,ACTIVE,09:00-18:00,2024-10-06
FPS-0491,Namma Fair Price Shop 491,OFF-06491,MANDYA,MAN-Taluk-1,12.585915,76.505311,2500,WH-016,ACTIVE,09:00-18:00,2023-07-16
FPS-0492,Shakti Fair Price Shop 492,OFF-06492,HASSAN,HAS-Taluk-2,13.226155,75.748465,1500,WH-017,ACTIVE,09:00-18:00,2023-04-14
FPS-0493,Tunga Fair Price Shop 493,OFF-06493,SHIVAMOGGA,SHI-Taluk-3,13.664934,75.73333,2000,WH-018,SUSPENDED,09:00-18:00,2024-01-04
FPS-0494,Chamundi Fair Price Shop 494,OFF-06494,BENGALURU_URBAN,BEN-Taluk-2,12.926775,77.881977,3000,WH-019,ACTIVE,09:00-18:00,2023-12-25
FPS-0495,Ganga Fair Price Shop 495,OFF-06495,MYSURU,MYS-Taluk-2,12.184569,76.33358,2000,WH-020,SUSPENDED,09:00-18:00,2023-03-12
FPS-0496,Anna Fair Price Shop 496,OFF-06496,TUMAKURU,TUM-Taluk-2,13.42709,76.651173,2000,WH-021,ACTIVE,09:00-18:00,2023-08-18
FPS-0497,Santosh Fair Price Shop 497,OFF-06497,MANDYA,MAN-Taluk-4,12.546632,76.599224,1200,WH-022,SUSPENDED,09:00-18:00,2023-10-11
FPS-0498,Laxmi Fair Price Shop 498,OFF-06498,HASSAN,HAS-Taluk-3,12.732756,76.157621,3000,WH-023,ACTIVE,09:00-18:00,2024-01-22
FPS-0499,Bharat Fair Price Shop 499,OFF-06499,SHIVAMOGGA,SHI-Taluk-4,13.733576,75.940107,3500,WH-024,ACTIVE,09:00-18:00,2023-11-26
FPS-0500,Tunga Fair Price Shop 500,OFF-06500,BENGALURU_URBAN,BEN-Taluk-2,13.167455,77.660256,1500,WH-025,ACTIVE,09:00-18:00,2023-05-28
FPS-0501,Santosh Fair Price Shop 501,OFF-06501,BENGALURU_URBAN,BEN-Taluk-4,13.136688,77.601702,2500,WH-001,ACTIVE,09:00-18:00,2024-05-05
FPS-0502,Sahyadri Fair Price Shop 502,OFF-06502,MYSURU,MYS-Taluk-2,12.244607,76.508871,2000,WH-002,ACTIVE,09:00-18:00,2023-07-30
FPS-0503,Vikas Fair Price Shop 503,OFF-06503,TUMAKURU,TUM-Taluk-1,13.155418,76.896168,1500,WH-003,ACTIVE,09:00-18:00,2023-07-22
FPS-0504,Tunga Fair Price Shop 504,OFF-06504,MANDYA,MAN-Taluk-4,12.559751,76.863845,2500,WH-004,ACTIVE,09:00-18:00,2023-12-26
FPS-0505,Grama Fair Price Shop 505,OFF-06505,HASSAN,HAS-Taluk-2,13.223445,76.305995,2000,WH-005,ACTIVE,09:00-18:00,2023-09-03
FPS-0506,Jan Seva Fair Price Shop 506,OFF-06506,SHIVAMOGGA,SHI-Taluk-4,14.174766,75.565177,1200,WH-006,SUSPENDED,09:00-18:00,2023-12-10
FPS-0507,Laxmi Fair Price Shop 507,OFF-06507,BENGALURU_URBAN,BEN-Taluk-1,12.741234,77.522262,2500,WH-007,SUSPENDED,09:00-18:00,2023-08-23
FPS-0508,Tunga Fair Price Shop 508,OFF-06508,MYSURU,MYS-Taluk-4,12.735829,76.433225,3000,WH-008,SUSPENDED,09:00-18:00,2023-09-10
FPS-0509,Vikas Fair Price Shop 509,OFF-06509,TUMAKURU,TUM-Taluk-4,13.544975,77.100703,1200,WH-009,ACTIVE,09:00-18:00,2024-10-31
FPS-0510,Kaveri Fair Price Shop 510,OFF-06510,MANDYA,MAN-Taluk-1,12.954649,77.024402,2500,WH-010,ACTIVE,09:00-18:00,2024-03-01
FPS-0511,Santosh Fair Price Shop 511,OFF-06511,HASSAN,HAS-Taluk-4,12.663496,76.298598,2000,WH-011,ACTIVE,09:00-18:00,2023-04-05
FPS-0512,Annapurna Fair Price Shop 512,OFF-06512,SHIVAMOGGA,SHI-Taluk-4,13.920792,75.801113,2000,WH-012,ACTIVE,09:00-18:00,2023-06-12
FPS-0513,Samridhi Fair Price Shop 513,OFF-06513,BENGALURU_URBAN,BEN-Taluk-3,12.910683,77.638171,2000,WH-013,SUSPENDED,09:00-18:00,2023-07-03
FPS-0514,Annapurna Fair Price Shop 514,OFF-06514,MYSURU,MYS-Taluk-3,12.442498,76.741918,2000,WH-014,ACTIVE,09:00-18:00,2023-11-26
FPS-0515,Chamundi Fair Price Shop 515,OFF-06515,TUMAKURU,TUM-Taluk-4,13.618932,77.006275,1200,WH-015,ACTIVE,09:00-18:00,2023-08-03
FPS-0516,Annapurna Fair Price Shop 516,OFF-06516,MANDYA,MAN-Taluk-2,12.432937,76.53011,1500,WH-016,ACTIVE,09:00-18:00,2023-01-14
FPS-0517,Namma Fair Price Shop 517,OFF-06517,HASSAN,HAS-Taluk-3,13.118593,75.72327,2500,WH-017,ACTIVE,09:00-18:00,2024-08-03
FPS-0518,Surya Fair Price Shop 518,OFF-06518,SHIVAMOGGA,SHI-Taluk-4,13.569249,75.657943,2500,WH-018,SUSPENDED,09:00-18:00,2024-06-09
FPS-0519,Jan Seva Fair Price Shop 519,OFF-06519,BENGALURU_URBAN,BEN-Taluk-2,12.741408,77.736194,944,WH-019,ACTIVE,09:00-18:00,2024-03-05
FPS-0520,Grama Fair Price Shop 520,OFF-06520,MYSURU,MYS-Taluk-2,12.085119,76.433188,3000,WH-020,SUSPENDED,09:00-18:00,2024-05-09
FPS-0521,Jai Karnataka Fair Price Shop 521,OFF-06521,TUMAKURU,TUM-Taluk-2,13.624564,76.674386,2000,WH-021,ACTIVE,09:00-18:00,2023-04-10
FPS-0522,Jan Seva Fair Price Shop 522,OFF-06522,MANDYA,MAN-Taluk-3,12.574427,76.591895,2000,WH-022,ACTIVE,09:00-18:00,2024-05-16
FPS-0523,Annapurna Fair Price Shop 523,OFF-06523,HASSAN,HAS-Taluk-2,12.87844,75.980008,2000,WH-023,ACTIVE,09:00-18:00,2024-10-16
FPS-0524,Ujala Fair Price Shop 524,OFF-06524,SHIVAMOGGA,SHI-Taluk-4,13.812878,75.846952,2000,WH-024,ACTIVE,09:00-18:00,2023-12-04
FPS-0525,Shakti Fair Price Shop 525,OFF-06525,BENGALURU_URBAN,BEN-Taluk-3,13.022477,77.812943,3000,WH-025,ACTIVE,09:00-18:00,2024-07-01
FPS-0526,Surya Fair Price Shop 526,OFF-06526,BENGALURU_URBAN,BEN-Taluk-2,13.176326,77.907343,2000,WH-001,ACTIVE,09:00-18:00,2023-08-02
FPS-0527,Sahyadri Fair Price Shop 527,OFF-06527,MYSURU,MYS-Taluk-2,12.222885,76.501199,3500,WH-002,ACTIVE,09:00-18:00,2024-01-23
FPS-0528,Santosh Fair Price Shop 528,OFF-06528,TUMAKURU,TUM-Taluk-3,13.302632,76.831589,1200,WH-003,ACTIVE,09:00-18:00,2024-09-04
FPS-0529,Laxmi Fair Price Shop 529,OFF-06529,MANDYA,MAN-Taluk-4,12.62002,76.976617,1200,WH-004,SUSPENDED,09:00-18:00,2024-08-24
FPS-0530,Samridhi Fair Price Shop 530,OFF-06530,HASSAN,HAS-Taluk-1,13.253705,76.389198,2000,WH-005,ACTIVE,09:00-18:00,2024-04-15
FPS-0531,Laxmi Fair Price Shop 531,OFF-06531,SHIVAMOGGA,SHI-Taluk-2,14.072808,75.513227,1200,WH-006,ACTIVE,09:00-18:00,2024-10-20
FPS-0532,Anna Fair Price Shop 532,OFF-06532,BENGALURU_URBAN,BEN-Taluk-4,12.875429,77.496092,1500,WH-007,ACTIVE,09:00-18:00,2024-01-08
FPS-0533,Ganga Fair Price Shop 533,OFF-06533,MYSURU,MYS-Taluk-1,12.739784,76.340394,3000,WH-008,ACTIVE,09:00-18:00,2024-08-30
FPS-0534,Tunga Fair Price Shop 534,OFF-06534,TUMAKURU,TUM-Taluk-4,13.435971,76.929619,3000,WH-009,ACTIVE,09:00-18:00,2023-02-04
FPS-0535,Annapurna Fair Price Shop 535,OFF-06535,MANDYA,MAN-Taluk-1,12.87203,77.119267,3000,WH-010,ACTIVE,09:00-18:00,2023-04-04
FPS-0536,Jai Karnataka Fair Price Shop 536,OFF-06536,HASSAN,HAS-Taluk-3,12.631563,76.213694,1200,WH-011,SUSPENDED,09:00-18:00,2023-12-17
FPS-0537,Samridhi Fair Price Shop 537,OFF-06537,SHIVAMOGGA,SHI-Taluk-4,13.822648,75.748357,2000,WH-012,ACTIVE,09:00-18:00,2023-06-26
FPS-0538,Ganga Fair Price Shop 538,OFF-06538,BENGALURU_URBAN,BEN-Taluk-3,12.801898,77.531503,2000,WH-013,ACTIVE,09:00-18:00,2024-06-29
FPS-0539,Shakti Fair Price Shop 539,OFF-06539,MYSURU,MYS-Taluk-4,12.290594,77.055111,1200,WH-014,ACTIVE,09:00-18:00,2024-05-22
FPS-0540,Ganga Fair Price Shop 540,OFF-06540,TUMAKURU,TUM-Taluk-4,13.449251,76.853923,1500,WH-015,ACTIVE,09:00-18:00,2023-09-04
FPS-0541,Surya Fair Price Shop 541,OFF-06541,MANDYA,MAN-Taluk-3,12.447911,76.60914,1500,WH-016,ACTIVE,09:00-18:00,2024-07-01
FPS-0542,Shakti Fair Price Shop 542,OFF-06542,HASSAN,HAS-Taluk-2,13.1012,75.670459,2500,WH-017,SUSPENDED,09:00-18:00,2024-05-04
FPS-0543,Anna Fair Price Shop 543,OFF-06543,SHIVAMOGGA,SHI-Taluk-4,13.773977,75.78324,1200,WH-018,ACTIVE,09:00-18:00,2024-10-11
FPS-0544,Laxmi Fair Price Shop 544,OFF-06544,BENGALURU_URBAN,BEN-Taluk-4,13.062655,77.773172,2500,WH-019,SUSPENDED,09:00-18:00,2024-07-23
FPS-0545,Laxmi Fair Price Shop 545,OFF-06545,MYSURU,MYS-Taluk-4,12.234519,76.586961,1500,WH-020,SUSPENDED,09:00-18:00,2023-06-20
FPS-0546,Samridhi Fair Price Shop 546,OFF-06546,TUMAKURU,TUM-Taluk-2,13.733374,76.822965,2000,WH-021,SUSPENDED,09:00-18:00,2023-03-15
FPS-0547,Laxmi Fair Price Shop 547,OFF-06547,MANDYA,MAN-Taluk-2,12.55403,76.569354,1200,WH-022,ACTIVE,09:00-18:00,2023-07-15
FPS-0548,Vikas Fair Price Shop 548,OFF-06548,HASSAN,HAS-Taluk-1,12.874125,76.172703,3000,WH-023,ACTIVE,09:00-18:00,2023-11-23
FPS-0549,Chamundi Fair Price Shop 549,OFF-06549,SHIVAMOGGA,SHI-Taluk-4,13.703524,75.716019,2000,WH-024,ACTIVE,09:00-18:00,2024-11-06
FPS-0550,Jan Seva Fair Price Shop 550,OFF-06550,BENGALURU_URBAN,BEN-Taluk-1,13.130915,77.527061,1200,WH-025,SUSPENDED,09:00-18:00,2024-06-29
FPS-0551,Annapurna Fair Price Shop 551,OFF-06551,BENGALURU_URBAN,BEN-Taluk-2,13.129951,77.642695,3000,WH-001,SUSPENDED,09:00-18:00,2024-02-11
FPS-0552,Sahyadri Fair Price Shop 552,OFF-06552,MYSURU,MYS-Taluk-3,11.983831,76.536295,2000,WH-002,ACTIVE,09:00-18:00,2023-09-23
FPS-0553,Jan Seva Fair Price Shop 553,OFF-06553,TUMAKURU,TUM-Taluk-2,13.374277,76.781972,2500,WH-003,ACTIVE,09:00-18:00,2024-06-10
FPS-0554,Namma Fair Price Shop 554,OFF-06554,MANDYA,MAN-Taluk-1,12.560305,76.856624,2500,WH-004,ACTIVE,09:00-18:00,2024-01-22
FPS-0555,Jai Karnataka Fair Price Shop 555,OFF-06555,HASSAN,HAS-Taluk-4,13.190211,76.353029,3500,WH-005,ACTIVE,09:00-18:00,2024-01-09
FPS-0556,Tunga Fair Price Shop 556,OFF-06556,SHIVAMOGGA,SHI-Taluk-2,13.92227,75.580968,808,WH-006,ACTIVE,09:00-18:00,2024-06-16
FPS-0557,Namma Fair Price Shop 557,OFF-06557,BENGALURU_URBAN,BEN-Taluk-2,12.651002,77.508772,2500,WH-007,ACTIVE,09:00-18:00,2024-01-26
FPS-0558,Bharat Fair Price Shop 558,OFF-06558,MYSURU,MYS-Taluk-1,12.503736,76.303868,2000,WH-008,ACTIVE,09:00-18:00,2023-09-23
FPS-0559,Samridhi Fair Price Shop 559,OFF-06559,TUMAKURU,TUM-Taluk-1,13.642429,76.893498,1500,WH-009,ACTIVE,09:00-18:00,2023-04-22
FPS-0560,Chamundi Fair Price Shop 560,OFF-06560,MANDYA,MAN-Taluk-4,12.893788,76.938376,2500,WH-010,ACTIVE,09:00-18:00,2024-05-20
FPS-0561,Kaveri Fair Price Shop 561,OFF-06561,HASSAN,HAS-Taluk-3,12.647269,76.076532,2000,WH-011,ACTIVE,09:00-18:00,2024-11-29
FPS-0562,Chamundi Fair Price Shop 562,OFF-06562,SHIVAMOGGA,SHI-Taluk-1,13.792173,75.532188,2500,WH-012,SUSPENDED,09:00-18:00,2023-03-31
FPS-0563,Jan Seva Fair Price Shop 563,OFF-06563,BENGALURU_URBAN,BEN-Taluk-3,12.687937,77.685141,3000,WH-013,SUSPENDED,09:00-18:00,2023-06-02
FPS-0564,Sahyadri Fair Price Shop 564,OFF-06564,MYSURU,MYS-Taluk-2,12.463981,77.017653,3000,WH-014,ACTIVE,09:00-18:00,2024-01-23
FPS-0565,Namma Fair Price Shop 565,OFF-06565,TUMAKURU,TUM-Taluk-4,13.598004,77.039966,3000,WH-015,ACTIVE,09:00-18:00,2023-03-06
FPS-0566,Surya Fair Price Shop 566,OFF-06566,MANDYA,MAN-Taluk-1,12.667038,76.655128,2000,WH-016,ACTIVE,09:00-18:00,2023-02-15
FPS-0567,Jan Seva Fair Price Shop 567,OFF-06567,HASSAN,HAS-Taluk-3,13.236037,75.920872,2000,WH-017,ACTIVE,09:00-18:00,2023-06-05
FPS-0568,Ganga Fair Price Shop 568,OFF-06568,SHIVAMOGGA,SHI-Taluk-4,13.818415,75.621833,3000,WH-018,ACTIVE,09:00-18:00,2024-02-09
FPS-0569,Vikas Fair Price Shop 569,OFF-06569,BENGALURU_URBAN,BEN-Taluk-4,12.834494,77.723364,2500,WH-019,ACTIVE,09:00-18:00,2024-09-15
FPS-0570,Anna Fair Price Shop 570,OFF-06570,MYSURU,MYS-Taluk-3,12.153009,76.446728,2000,WH-020,ACTIVE,09:00-18:00,2024-03-30
FPS-0571,Jai Karnataka Fair Price Shop 571,OFF-06571,TUMAKURU,TUM-Taluk-4,13.441424,77.008179,3000,WH-021,ACTIVE,09:00-18:00,2024-05-13
FPS-0572,Vikas Fair Price Shop 572,OFF-06572,MANDYA,MAN-Taluk-2,12.52708,76.682755,2000,WH-022,ACTIVE,09:00-18:00,2024-05-14
FPS-0573,Shakti Fair Price Shop 573,OFF-06573,HASSAN,HAS-Taluk-4,12.740099,76.191044,2500,WH-023,SUSPENDED,09:00-18:00,2024-10-02
FPS-0574,Surya Fair Price Shop 574,OFF-06574,SHIVAMOGGA,SHI-Taluk-3,13.594093,75.825695,3000,WH-024,ACTIVE,09:00-18:00,2024-07-24
FPS-0575,Kaveri Fair Price Shop 575,OFF-06575,BENGALURU_URBAN,BEN-Taluk-4,12.880986,77.482765,2000,WH-025,ACTIVE,09:00-18:00,2024-08-15
FPS-0576,Tunga Fair Price Shop 576,OFF-06576,BENGALURU_URBAN,BEN-Taluk-3,13.395476,77.847148,2000,WH-001,ACTIVE,09:00-18:00,2024-01-23
FPS-0577,Ganga Fair Price Shop 577,OFF-06577,MYSURU,MYS-Taluk-1,12.027927,76.714024,2000,WH-002,ACTIVE,09:00-18:00,2024-08-29
FPS-0578,Bharat Fair Price Shop 578,OFF-06578,TUMAKURU,TUM-Taluk-4,13.388219,76.744785,2000,WH-003,SUSPENDED,09:00-18:00,2023-12-07
FPS-0579,Ujala Fair Price Shop 579,OFF-06579,MANDYA,MAN-Taluk-2,12.545473,76.92839,2000,WH-004,SUSPENDED,09:00-18:00,2024-09-03
FPS-0580,Samridhi Fair Price Shop 580,OFF-06580,HASSAN,HAS-Taluk-1,13.469282,76.301483,1200,WH-005,SUSPENDED,09:00-18:00,2024-05-16
FPS-0581,Ujala Fair Price Shop 581,OFF-06581,SHIVAMOGGA,SHI-Taluk-2,14.094895,75.36465,1500,WH-006,ACTIVE,09:00-18:00,2024-06-27
FPS-0582,Annapurna Fair Price Shop 582,OFF-06582,BENGALURU_URBAN,BEN-Taluk-4,12.706248,77.696131,2500,WH-007,ACTIVE,09:00-18:00,2024-08-14
FPS-0583,Chamundi Fair Price Shop 583,OFF-06583,MYSURU,MYS-Taluk-1,12.513328,76.264959,2000,WH-008,ACTIVE,09:00-18:00,2023-11-30
FPS-0584,Anna Fair Price Shop 584,OFF-06584,TUMAKURU,TUM-Taluk-3,13.701371,77.062416,2000,WH-009,ACTIVE,09:00-18:00,2024-03-21
FPS-0585,Bharat Fair Price Shop 585,OFF-06585,MANDYA,MAN-Taluk-2,12.768443,77.194862,2500,WH-010,ACTIVE,09:00-18:00,2023-03-18
FPS-0586,Anna Fair Price Shop 586,OFF-06586,HASSAN,HAS-Taluk-3,12.873315,76.00271,1200,WH-011,SUSPENDED,09:00-18:00,2023-12-28
FPS-0587,Bharat Fair Price Shop 587,OFF-06587,SHIVAMOGGA,SHI-Taluk-1,13.806957,75.525312,2000,WH-012,ACTIVE,09:00-18:00,2023-09-04
FPS-0588,Kaveri Fair Price Shop 588,OFF-06588,BENGALURU_URBAN,BEN-Taluk-2,12.783134,77.626103,2500,WH-013,ACTIVE,09:00-18:00,2024-10-09
FPS-0589,Sahyadri Fair Price Shop 589,OFF-06589,MYSURU,MYS-Taluk-4,12.144756,76.758829,2000,WH-014,SUSPENDED,09:00-18:00,2023-07-03
FPS-0590,Jan Seva Fair Price Shop 590,OFF-06590,TUMAKURU,TUM-Taluk-2,13.674952,76.963346,2500,WH-015,ACTIVE,09:00-18:00,2024-04-01
FPS-0591,Sahyadri Fair Price Shop 591,OFF-06591,MANDYA,MAN-Taluk-4,12.620082,76.656664,2500,WH-016,SUSPENDED,09:00-18:00,2023-06-17
FPS-0592,Jan Seva Fair Price Shop 592,OFF-06592,HASSAN,HAS-Taluk-4,13.148447,75.675344,1500,WH-017,ACTIVE,09:00-18:00,2024-11-01
FPS-0593,Anna Fair Price Shop 593,OFF-06593,SHIVAMOGGA,SHI-Taluk-4,13.654962,75.790071,942,WH-018,SUSPENDED,09:00-18:00,2024-01-28
FPS-0594,Namma Fair Price Shop 594,OFF-06594,BENGALURU_URBAN,BEN-Taluk-4,12.845172,77.850105,1500,WH-019,ACTIVE,09:00-18:00,2024-08-08
FPS-0595,Anna Fair Price Shop 595,OFF-06595,MYSURU,MYS-Taluk-1,12.155351,76.535887,2000,WH-020,SUSPENDED,09:00-18:00,2023-04-19
FPS-0596,Annapurna Fair Price Shop 596,OFF-06596,TUMAKURU,TUM-Taluk-2,13.435463,76.753208,2500,WH-021,ACTIVE,09:00-18:00,2023-06-26
FPS-0597,Bharat Fair Price Shop 597,OFF-06597,MANDYA,MAN-Taluk-3,12.457986,76.53676,3500,WH-022,ACTIVE,09:00-18:00,2024-02-12
FPS-0598,Chamundi Fair Price Shop 598,OFF-06598,HASSAN,HAS-Taluk-4,12.73298,75.878333,3000,WH-023,ACTIVE,09:00-18:00,2024-07-17
FPS-0599,Santosh Fair Price Shop 599,OFF-06599,SHIVAMOGGA,SHI-Taluk-3,13.834976,75.702197,3000,WH-024,ACTIVE,09:00-18:00,2023-04-16
FPS-0600,Kaveri Fair Price Shop 600,OFF-06600,BENGALURU_URBAN,BEN-Taluk-4,12.882301,77.796974,1500,WH-025,ACTIVE,09:00-18:00,2023-05-27
