officer_id,employee_code,name,role,district,phone,status
OFF-00001,EMP202100001,Balhaar Halder,DISTRICT_OFFICER,MYSURU,9000050997,ACTIVE
OFF-00002,EMP202200002,Chakradev Dugar,DISTRICT_OFFICER,TUMAKURU,9000051994,ACTIVE
OFF-00003,EMP202300003,Ikshita Guha,DISTRICT_OFFICER,MANDYA,9000052991,ACTIVE
OFF-00004,EMP202400004,Eta Bobal,DISTRICT_OFFICER,HASSAN,9000053988,ACTIVE
OFF-00005,EMP202500005,Bhavini Boase,DISTRICT_OFFICER,SHIVAMOGGA,9000054985,ACTIVE
OFF-00006,EMP202000006,Rushil Bala,DISTRICT_OFFICER,BENGALURU_URBAN,9000055982,ACTIVE
OFF-00007,EMP202100007,Panini Mangal,FIELD_FOOD_INSPECTOR,MYSURU,9000056979,ACTIVE
OFF-00008,EMP202200008,Yashodhara Dass,FIELD_FOOD_INSPECTOR,TUMAKURU,9000057976,ACTIVE
OFF-00009,EMP202300009,Radha Bhalla,FIELD_FOOD_INSPECTOR,MANDYA,9000058973,ACTIVE
OFF-00010,EMP202400010,Raghav Samra,FIELD_FOOD_INSPECTOR,HASSAN,9000059970,ACTIVE
OFF-00011,EMP202500011,Samar Goswami,FIELD_FOOD_INSPECTOR,SHIVAMOGGA,9000060967,ACTIVE
OFF-00012,EMP202000012,David Devi,FIELD_FOOD_INSPECTOR,BENGALURU_URBAN,9000061964,ACTIVE
OFF-00013,EMP202100013,Meghana Raja,FIELD_FOOD_INSPECTOR,MYSURU,9000062961,ACTIVE
OFF-00014,EMP202200014,Reyansh Hari,FIELD_FOOD_INSPECTOR,TUMAKURU,9000063958,ACTIVE
OFF-00015,EMP202300015,Sachi Dasgupta,FIELD_FOOD_INSPECTOR,MANDYA,9000064955,ACTIVE
OFF-00016,EMP202400016,Chakradev Sodhi,FIELD_FOOD_INSPECTOR,HASSAN,9000065952,ACTIVE
OFF-00017,EMP202500017,Raghav Roy,FIELD_FOOD_INSPECTOR,SHIVAMOGGA,9000066949,ACTIVE
OFF-00018,EMP202000018,Balvan Goyal,FIELD_FOOD_INSPECTOR,BENGALURU_URBAN,9000067946,ACTIVE
OFF-00019,EMP202100019,Lavanya Anand,FIELD_FOOD_INSPECTOR,MYSURU,9000068943,ACTIVE
OFF-00020,EMP202200020,Jonathan Setty,FIELD_FOOD_INSPECTOR,TUMAKURU,9000069940,ACTIVE
OFF-00021,EMP202300021,Nakul Ram,FIELD_FOOD_INSPECTOR,MANDYA,9000070937,ACTIVE
OFF-00022,EMP202400022,Pratyush Dara,FIELD_FOOD_INSPECTOR,HASSAN,9000071934,ACTIVE
OFF-00023,EMP202500023,Nakul Vig,FIELD_FOOD_INSPECTOR,SHIVAMOGGA,9000072931,ACTIVE
OFF-00024,EMP202000024,Aishani Rajagopal,FIELD_FOOD_INSPECTOR,BENGALURU_URBAN,9000073928,ACTIVE
OFF-00025,EMP202100025,Max Bahri,FIELD_FOOD_INSPECTOR,MYSURU,9000074925,ACTIVE
OFF-00026,EMP202200026,Udarsh Anne,FIELD_FOOD_INSPECTOR,TUMAKURU,9000075922,ACTIVE
OFF-00027,EMP202300027,Ijaya Choudhury,FIELD_FOOD_INSPECTOR,MANDYA,9000076919,ACTIVE
OFF-00028,EMP202400028,Aradhana Setty,FIELD_FOOD_INSPECTOR,HASSAN,9000077916,ACTIVE
OFF-00029,EMP202500029,Aishani Borde,FIELD_FOOD_INSPECTOR,SHIVAMOGGA,9000078913,ACTIVE
OFF-00030,EMP202000030,Ikbal Sekhon,FIELD_FOOD_INSPECTOR,BENGALURU_URBAN,9000079910,ACTIVE
OFF-00031,EMP202100031,Vedhika Deep,FIELD_FOOD_INSPECTOR,MYSURU,9000080907,ACTIVE
OFF-00032,EMP202200032,Bhavani Handa,FIELD_FOOD_INSPECTOR,TUMAKURU,9000081904,ACTIVE
OFF-00033,EMP202300033,Abha Bhagat,FIELD_FOOD_INSPECTOR,MANDYA,9000082901,ACTIVE
OFF-00034,EMP202400034,Onkar Tripathi,FIELD_FOOD_INSPECTOR,HASSAN,9000083898,ACTIVE
OFF-00035,EMP202500035,Vanya Naik,FIELD_FOOD_INSPECTOR,SHIVAMOGGA,9000084895,ACTIVE
OFF-00036,EMP202000036,Chatura Comar,FIELD_FOOD_INSPECTOR,BENGALURU_URBAN,9000085892,ACTIVE
OFF-00037,EMP202100037,Laksh Yohannan,FIELD_FOOD_INSPECTOR,MYSURU,9000086889,ACTIVE
OFF-00038,EMP202200038,Simon Loyal,FIELD_FOOD_INSPECTOR,TUMAKURU,9000087886,ACTIVE
OFF-00039,EMP202300039,Chatresh Rai,FIELD_FOOD_INSPECTOR,MANDYA,9000088883,ACTIVE
OFF-00040,EMP202400040,Dayamai Seshadri,FIELD_FOOD_INSPECTOR,HASSAN,9000089880,ACTIVE
OFF-00041,EMP202500041,Aadi Kothari,FIELD_FOOD_INSPECTOR,SHIVAMOGGA,9000050877,ACTIVE
OFF-00042,EMP202000042,Keya Bhat,FIELD_FOOD_INSPECTOR,BENGALURU_URBAN,9000051874,ACTIVE
OFF-00043,EMP202100043,Shivani Hora,FIELD_FOOD_INSPECTOR,MYSURU,9000052871,ACTIVE
OFF-00044,EMP202200044,Ridhi Mukhopadhyay,FIELD_FOOD_INSPECTOR,TUMAKURU,9000053868,ACTIVE
OFF-00045,EMP202300045,Qasim Tank,FIELD_FOOD_INSPECTOR,MANDYA,9000054865,ACTIVE
OFF-00046,EMP202400046,Hema Rajagopalan,FIELD_FOOD_INSPECTOR,HASSAN,9000055862,ACTIVE
OFF-00047,EMP202500047,Frederick Ganesh,FIELD_FOOD_INSPECTOR,SHIVAMOGGA,9000056859,ACTIVE
OFF-00048,EMP202000048,Leena Toor,FIELD_FOOD_INSPECTOR,BENGALURU_URBAN,9000057856,ACTIVE
OFF-00049,EMP202100049,Isha Manda,FIELD_FOOD_INSPECTOR,MYSURU,9000058853,ACTIVE
OFF-00050,EMP202200050,Oviya Shah,FIELD_FOOD_INSPECTOR,TUMAKURU,9000059850,ACTIVE
OFF-00051,EMP202300051,Umang Khare,FIELD_FOOD_INSPECTOR,MANDYA,9000060847,ACTIVE
OFF-00052,EMP202400052,Yashodhara Wali,FIELD_FOOD_INSPECTOR,HASSAN,9000061844,ACTIVE
OFF-00053,EMP202500053,Yadavi Bath,FIELD_FOOD_INSPECTOR,SHIVAMOGGA,9000062841,ACTIVE
OFF-00054,EMP202000054,Alexander Cherian,FIELD_FOOD_INSPECTOR,BENGALURU_URBAN,9000063838,ACTIVE
OFF-00055,EMP202100055,Chandani Doshi,FIELD_FOOD_INSPECTOR,MYSURU,9000064835,ACTIVE
OFF-00056,EMP202200056,Yauvani Goda,FIELD_FOOD_INSPECTOR,TUMAKURU,9000065832,ACTIVE
OFF-00057,EMP202300057,Nathan Maharaj,FIELD_FOOD_INSPECTOR,MANDYA,9000066829,ACTIVE
OFF-00058,EMP202400058,Harini Barad,FIELD_FOOD_INSPECTOR,HASSAN,9000067826,ACTIVE
OFF-00059,EMP202500059,Aditya Mohan,FIELD_FOOD_INSPECTOR,SHIVAMOGGA,9000068823,ACTIVE
OFF-00060,EMP202000060,Leena Rattan,FIELD_FOOD_INSPECTOR,BENGALURU_URBAN,9000069820,ACTIVE
OFF-00061,EMP202100061,Tanvi Sahota,FIELD_FOOD_INSPECTOR,MYSURU,9000070817,ACTIVE
OFF-00062,EMP202200062,Ansh Mandal,FIELD_FOOD_INSPECTOR,TUMAKURU,9000071814,ACTIVE
OFF-00063,EMP202300063,Amara Ranganathan,FIELD_FOOD_INSPECTOR,MANDYA,9000072811,ACTIVE
OFF-00064,EMP202400064,Nirja Bir,FIELD_FOOD_INSPECTOR,HASSAN,9000073808,ACTIVE
OFF-00065,EMP202500065,Amol Goel,FIELD_FOOD_INSPECTOR,SHIVAMOGGA,9000074805,ACTIVE
OFF-00066,EMP202000066,Urmi Pingle,FIELD_FOOD_INSPECTOR,BENGALURU_URBAN,9000075802,ACTIVE
OFF-00667,EMP202100667,Vyanjana Pal,ADMIN,BENGALURU_URBAN,9000074999,ACTIVE
OFF-00668,EMP202200668,Sai Shan,ADMIN,BENGALURU_URBAN,9000075996,ACTIVE
OFF-00669,EMP202300669,Wridesh Sule,AUDITOR,MANDYA,9000076993,ACTIVE
OFF-00670,EMP202400670,Jagvi Warrior,AUDITOR,HASSAN,9000077990,ACTIVE
OFF-00671,EMP202500671,Nihal Sahni,AUDITOR,SHIVAMOGGA,9000078987,ACTIVE
OFF-00672,EMP202000672,Elijah Vasa,AUDITOR,BENGALURU_URBAN,9000079984,ACTIVE
OFF-00673,EMP202100673,Yashoda Banik,AUDITOR,MYSURU,9000080981,ACTIVE
OFF-06001,EMP202100067,Ubika Cheema,FPS_OWNER,MYSURU,9000076799,ACTIVE
OFF-06002,EMP202200068,Rudra Kannan,FPS_OWNER,TUMAKURU,9000077796,ACTIVE
OFF-06003,EMP202300069,Gopal Dayal,FPS_OWNER,MANDYA,9000078793,ACTIVE
OFF-06004,EMP202400070,Shivansh Pau,FPS_OWNER,HASSAN,9000079790,ACTIVE
OFF-06005,EMP202500071,Ekavir Dayal,FPS_OWNER,SHIVAMOGGA,9000080787,ACTIVE
OFF-06006,EMP202000072,Maanav Bandi,FPS_OWNER,BENGALURU_URBAN,9000081784,ACTIVE
OFF-06007,EMP202100073,Gaurav Bhagat,FPS_OWNER,MYSURU,9000082781,ACTIVE
OFF-06008,EMP202200074,Odika Bhandari,FPS_OWNER,TUMAKURU,9000083778,ACTIVE
OFF-06009,EMP202300075,Zayan Chaudry,FPS_OWNER,MANDYA,9000084775,ACTIVE
OFF-06010,EMP202400076,Osha Uppal,FPS_OWNER,HASSAN,9000085772,ACTIVE
OFF-06011,EMP202500077,Shaurya Dugal,FPS_OWNER,SHIVAMOGGA,9000086769,ACTIVE
OFF-06012,EMP202000078,Indali Prasad,FPS_OWNER,BENGALURU_URBAN,9000087766,ACTIVE
OFF-06013,EMP202100079,Jai Baral,FPS_OWNER,MYSURU,9000088763,ACTIVE
OFF-06014,EMP202200080,Deepa Mangal,FPS_OWNER,TUMAKURU,9000089760,ACTIVE
OFF-06015,EMP202300081,Dalaja Bhagat,FPS_OWNER,MANDYA,9000050757,ACTIVE
OFF-06016,EMP202400082,Rajeshri Baria,FPS_OWNER,HASSAN,9000051754,ACTIVE
OFF-06017,EMP202500083,Yauvani Sha,FPS_OWNER,SHIVAMOGGA,9000052751,ACTIVE
OFF-06018,EMP202000084,Unnati Vora,FPS_OWNER,BENGALURU_URBAN,9000053748,ACTIVE
OFF-06019,EMP202100085,Tristan Goswami,FPS_OWNER,MYSURU,9000054745,ACTIVE
OFF-06020,EMP202200086,Patrick Dasgupta,FPS_OWNER,TUMAKURU,9000055742,ACTIVE
OFF-06021,EMP202300087,Yagnesh Sundaram,FPS_OWNER,MANDYA,9000056739,ACTIVE
OFF-06022,EMP202400088,Tamanna Narayan,FPS_OWNER,HASSAN,9000057736,ACTIVE
OFF-06023,EMP202500089,Zaid Malhotra,FPS_OWNER,SHIVAMOGGA,9000058733,ACTIVE
OFF-06024,EMP202000090,Girish Vasa,FPS_OWNER,BENGALURU_URBAN,9000059730,ACTIVE
OFF-06025,EMP202100091,Jeet Lala,FPS_OWNER,MYSURU,9000060727,ACTIVE
OFF-06026,EMP202200092,Kritika Subramaniam,FPS_OWNER,TUMAKURU,9000061724,ACTIVE
OFF-06027,EMP202300093,Hema Basu,FPS_OWNER,MANDYA,9000062721,ACTIVE
OFF-06028,EMP202400094,Kala Sharma,FPS_OWNER,HASSAN,9000063718,ACTIVE
OFF-06029,EMP202500095,Rachana Karnik,FPS_OWNER,SHIVAMOGGA,9000064715,ACTIVE
OFF-06030,EMP202000096,Dipta Ganesh,FPS_OWNER,BENGALURU_URBAN,9000065712,ACTIVE
OFF-06031,EMP202100097,Krish Suri,FPS_OWNER,MYSURU,9000066709,ACTIVE
OFF-06032,EMP202200098,Arin Sha,FPS_OWNER,TUMAKURU,9000067706,ACTIVE
OFF-06033,EMP202300099,Sudiksha Mander,FPS_OWNER,MANDYA,9000068703,ACTIVE
OFF-06034,EMP202400100,Fiyaz Srivastava,FPS_OWNER,HASSAN,9000069700,ACTIVE
OFF-06035,EMP202500101,Timothy Bains,FPS_OWNER,SHIVAMOGGA,9000070697,ACTIVE
OFF-06036,EMP202000102,Nandini Solanki,FPS_OWNER,BENGALURU_URBAN,9000071694,ACTIVE
OFF-06037,EMP202100103,Neelima Jaggi,FPS_OWNER,MYSURU,9000072691,ACTIVE
OFF-06038,EMP202200104,Bahadurjit Bir,FPS_OWNER,TUMAKURU,9000073688,ACTIVE
OFF-06039,EMP202300105,Hredhaan Memon,FPS_OWNER,MANDYA,9000074685,ACTIVE
OFF-06040,EMP202400106,Varsha Boase,FPS_OWNER,HASSAN,9000075682,ACTIVE
OFF-06041,EMP202500107,Anusha Kulkarni,FPS_OWNER,SHIVAMOGGA,9000076679,ACTIVE
OFF-06042,EMP202000108,Teerth Bose,FPS_OWNER,BENGALURU_URBAN,9000077676,ACTIVE
OFF-06043,EMP202100109,Oeshi Rege,FPS_OWNER,MYSURU,9000078673,ACTIVE
OFF-06044,EMP202200110,Oeshi Comar,FPS_OWNER,TUMAKURU,9000079670,ACTIVE
OFF-06045,EMP202300111,Oliver Gera,FPS_OWNER,MANDYA,9000080667,ACTIVE
OFF-06046,EMP202400112,Vanya Rattan,FPS_OWNER,HASSAN,9000081664,ACTIVE
OFF-06047,EMP202500113,Vidhi Memon,FPS_OWNER,SHIVAMOGGA,9000082661,ACTIVE
OFF-06048,EMP202000114,Noah Sundaram,FPS_OWNER,BENGALURU_URBAN,9000083658,ACTIVE
OFF-06049,EMP202100115,Eta Memon,FPS_OWNER,MYSURU,9000084655,ACTIVE
OFF-06050,EMP202200116,Oviya Mital,FPS_OWNER,TUMAKURU,9000085652,ACTIVE
OFF-06051,EMP202300117,Faris Sheth,FPS_OWNER,MANDYA,9000086649,ACTIVE
OFF-06052,EMP202400118,Falguni Sarma,FPS_OWNER,HASSAN,9000087646,ACTIVE
OFF-06053,EMP202500119,Nandini Murthy,FPS_OWNER,SHIVAMOGGA,9000088643,ACTIVE
OFF-06054,EMP202000120,Bakhshi Buch,FPS_OWNER,BENGALURU_URBAN,9000089640,ACTIVE
OFF-06055,EMP202100121,Advika Sarna,FPS_OWNER,MYSURU,9000050637,ACTIVE
OFF-06056,EMP202200122,Pavani Mitra,FPS_OWNER,TUMAKURU,9000051634,ACTIVE
OFF-06057,EMP202300123,Thomas Savant,FPS_OWNER,MANDYA,9000052631,ACTIVE
OFF-06058,EMP202400124,Jackson Agrawal,FPS_OWNER,HASSAN,9000053628,ACTIVE
OFF-06059,EMP202500125,Reva Brar,FPS_OWNER,SHIVAMOGGA,9000054625,ACTIVE
OFF-06060,EMP202000126,Zarna Bath,FPS_OWNER,BENGALURU_URBAN,9000055622,ACTIVE
OFF-06061,EMP202100127,Henry Ramakrishnan,FPS_OWNER,MYSURU,9000056619,ACTIVE
OFF-06062,EMP202200128,William Sodhi,FPS_OWNER,TUMAKURU,9000057616,ACTIVE
OFF-06063,EMP202300129,Omya Cherian,FPS_OWNER,MANDYA,9000058613,ACTIVE
OFF-06064,EMP202400130,Om Buch,FPS_OWNER,HASSAN,9000059610,ACTIVE
OFF-06065,EMP202500131,Yashica Nori,FPS_OWNER,SHIVAMOGGA,9000060607,ACTIVE
OFF-06066,EMP202000132,Chameli Varty,FPS_OWNER,BENGALURU_URBAN,9000061604,ACTIVE
OFF-06067,EMP202100133,Aashi Yadav,FPS_OWNER,MYSURU,9000062601,ACTIVE
OFF-06068,EMP202200134,Vasatika Subramanian,FPS_OWNER,TUMAKURU,9000063598,ACTIVE
OFF-06069,EMP202300135,Unnati Roy,FPS_OWNER,MANDYA,9000064595,ACTIVE
OFF-06070,EMP202400136,Darsh Muni,FPS_OWNER,HASSAN,9000065592,ACTIVE
OFF-06071,EMP202500137,Damyanti De,FPS_OWNER,SHIVAMOGGA,9000066589,ACTIVE
OFF-06072,EMP202000138,Vritti Biswas,FPS_OWNER,BENGALURU_URBAN,9000067586,ACTIVE
OFF-06073,EMP202100139,Niharika Mishra,FPS_OWNER,MYSURU,9000068583,ACTIVE
OFF-06074,EMP202200140,Chaaya Khalsa,FPS_OWNER,TUMAKURU,9000069580,ACTIVE
OFF-06075,EMP202300141,George Dhaliwal,FPS_OWNER,MANDYA,9000070577,ACTIVE
OFF-06076,EMP202400142,Viraj Jha,FPS_OWNER,HASSAN,9000071574,ACTIVE
OFF-06077,EMP202500143,Dhriti Sule,FPS_OWNER,SHIVAMOGGA,9000072571,ACTIVE
OFF-06078,EMP202000144,Tristan Brar,FPS_OWNER,BENGALURU_URBAN,9000073568,ACTIVE
OFF-06079,EMP202100145,Aditya Kuruvilla,FPS_OWNER,MYSURU,9000074565,ACTIVE
OFF-06080,EMP202200146,Falak Muni,FPS_OWNER,TUMAKURU,9000075562,ACTIVE
OFF-06081,EMP202300147,Madhav Bhavsar,FPS_OWNER,MANDYA,9000076559,ACTIVE
OFF-06082,EMP202400148,Alka Barad,FPS_OWNER,HASSAN,9000077556,ACTIVE
OFF-06083,EMP202500149,Quincy Ranganathan,FPS_OWNER,SHIVAMOGGA,9000078553,ACTIVE
OFF-06084,EMP202000150,Yashodhara Sastry,FPS_OWNER,BENGALURU_URBAN,9000079550,ACTIVE
OFF-06085,EMP202100151,Aarush Edwin,FPS_OWNER,MYSURU,9000080547,ACTIVE
OFF-06086,EMP202200152,Brijesh Rajagopalan,FPS_OWNER,TUMAKURU,9000081544,ACTIVE
OFF-06087,EMP202300153,Anusha Parsa,FPS_OWNER,MANDYA,9000082541,ACTIVE
OFF-06088,EMP202400154,Nimrat Saini,FPS_OWNER,HASSAN,9000083538,ACTIVE
OFF-06089,EMP202500155,Vanya Uppal,FPS_OWNER,SHIVAMOGGA,9000084535,ACTIVE
OFF-06090,EMP202000156,Kevin Andra,FPS_OWNER,BENGALURU_URBAN,9000085532,ACTIVE
OFF-06091,EMP202100157,Riya Raghavan,FPS_OWNER,MYSURU,9000086529,ACTIVE
OFF-06092,EMP202200158,Anirudh Borde,FPS_OWNER,TUMAKURU,9000087526,ACTIVE
OFF-06093,EMP202300159,Imaran Jani,FPS_OWNER,MANDYA,9000088523,ACTIVE
OFF-06094,EMP202400160,Pushti Lall,FPS_OWNER,HASSAN,9000089520,ACTIVE
OFF-06095,EMP202500161,Yuvraj Chauhan,FPS_OWNER,SHIVAMOGGA,9000050517,ACTIVE
OFF-06096,EMP202000162,Daksh Dhingra,FPS_OWNER,BENGALURU_URBAN,9000051514,ACTIVE
OFF-06097,EMP202100163,Yasti Thakkar,FPS_OWNER,MYSURU,9000052511,ACTIVE
OFF-06098,EMP202200164,Arunima Kala,FPS_OWNER,TUMAKURU,9000053508,ACTIVE
OFF-06099,EMP202300165,Kala Magar,FPS_OWNER,MANDYA,9000054505,ACTIVE
OFF-06100,EMP202400166,Madhavi Murthy,FPS_OWNER,HASSAN,9000055502,ACTIVE
OFF-06101,EMP202500167,Odika Sekhon,FPS_OWNER,SHIVAMOGGA,9000056499,ACTIVE
OFF-06102,EMP202000168,Jeremiah Chaudhuri,FPS_OWNER,BENGALURU_URBAN,9000057496,ACTIVE
OFF-06103,EMP202100169,Eesha Dayal,FPS_OWNER,MYSURU,9000058493,ACTIVE
OFF-06104,EMP202200170,Naveen Sood,FPS_OWNER,TUMAKURU,9000059490,ACTIVE
OFF-06105,EMP202300171,Patrick Narasimhan,FPS_OWNER,MANDYA,9000060487,ACTIVE
OFF-06106,EMP202400172,Pranav Varkey,FPS_OWNER,HASSAN,9000061484,ACTIVE
OFF-06107,EMP202500173,Benjamin Tak,FPS_OWNER,SHIVAMOGGA,9000062481,ACTIVE
OFF-06108,EMP202000174,Logan Sagar,FPS_OWNER,BENGALURU_URBAN,9000063478,ACTIVE
OFF-06109,EMP202100175,Banjeet Goda,FPS_OWNER,MYSURU,9000064475,ACTIVE
OFF-06110,EMP202200176,Gautam Ben,FPS_OWNER,TUMAKURU,9000065472,ACTIVE
OFF-06111,EMP202300177,Aachal Subramanian,FPS_OWNER,MANDYA,9000066469,ACTIVE
OFF-06112,EMP202400178,Bimala Pandya,FPS_OWNER,HASSAN,9000067466,ACTIVE
OFF-06113,EMP202500179,Caleb Madan,FPS_OWNER,SHIVAMOGGA,9000068463,ACTIVE
OFF-06114,EMP202000180,Deepa Dubey,FPS_OWNER,BENGALURU_URBAN,9000069460,ACTIVE
OFF-06115,EMP202100181,Odika Sarkar,FPS_OWNER,MYSURU,9000070457,ACTIVE
OFF-06116,EMP202200182,Mitesh Handa,FPS_OWNER,TUMAKURU,9000071454,ACTIVE
OFF-06117,EMP202300183,Amara Choudhry,FPS_OWNER,MANDYA,9000072451,ACTIVE
OFF-06118,EMP202400184,Alka Chandra,FPS_OWNER,HASSAN,9000073448,ACTIVE
OFF-06119,EMP202500185,Vasana Gole,FPS_OWNER,SHIVAMOGGA,9000074445,ACTIVE
OFF-06120,EMP202000186,Oeshi Mammen,FPS_OWNER,BENGALURU_URBAN,9000075442,ACTIVE
OFF-06121,EMP202100187,Xavier Bhakta,FPS_OWNER,MYSURU,9000076439,ACTIVE
OFF-06122,EMP202200188,Aayush Sathe,FPS_OWNER,TUMAKURU,9000077436,ACTIVE
OFF-06123,EMP202300189,Harish Bera,FPS_OWNER,MANDYA,9000078433,ACTIVE
OFF-06124,EMP202400190,Ganga Barad,FPS_OWNER,HASSAN,9000079430,ACTIVE
OFF-06125,EMP202500191,Janaki Dash,FPS_OWNER,SHIVAMOGGA,9000080427,ACTIVE
OFF-06126,EMP202000192,Lakshit Shukla,FPS_OWNER,BENGALURU_URBAN,9000081424,ACTIVE
OFF-06127,EMP202100193,Omisha Chakraborty,FPS_OWNER,MYSURU,9000082421,ACTIVE
OFF-06128,EMP202200194,Abdul Yadav,FPS_OWNER,TUMAKURU,9000083418,ACTIVE
OFF-06129,EMP202300195,Chatresh Contractor,FPS_OWNER,MANDYA,9000084415,ACTIVE
OFF-06130,EMP202400196,Warinder Batra,FPS_OWNER,HASSAN,9000085412,ACTIVE
OFF-06131,EMP202500197,Anjali Seshadri,FPS_OWNER,SHIVAMOGGA,9000086409,ACTIVE
OFF-06132,EMP202000198,Nitesh Master,FPS_OWNER,BENGALURU_URBAN,9000087406,ACTIVE
OFF-06133,EMP202100199,Lipika Varkey,FPS_OWNER,MYSURU,9000088403,ACTIVE
OFF-06134,EMP202200200,Rushil Nagar,FPS_OWNER,TUMAKURU,9000089400,ACTIVE
OFF-06135,EMP202300201,Adya Bhavsar,FPS_OWNER,MANDYA,9000050397,ACTIVE
OFF-06136,EMP202400202,Jhalak Gokhale,FPS_OWNER,HASSAN,9000051394,ACTIVE
OFF-06137,EMP202500203,Naksh Sachar,FPS_OWNER,SHIVAMOGGA,9000052391,ACTIVE
OFF-06138,EMP202000204,Atharv Borra,FPS_OWNER,BENGALURU_URBAN,9000053388,ACTIVE
OFF-06139,EMP202100205,Diya Kannan,FPS_OWNER,MYSURU,9000054385,ACTIVE
OFF-06140,EMP202200206,Sachi Brar,FPS_OWNER,TUMAKURU,9000055382,ACTIVE
OFF-06141,EMP202300207,Udyati Mangal,FPS_OWNER,MANDYA,9000056379,ACTIVE
OFF-06142,EMP202400208,Tanay Saran,FPS_OWNER,HASSAN,9000057376,ACTIVE
OFF-06143,EMP202500209,Urishilla Dutt,FPS_OWNER,SHIVAMOGGA,9000058373,ACTIVE
OFF-06144,EMP202000210,Inaya Bajwa,FPS_OWNER,BENGALURU_URBAN,9000059370,ACTIVE
OFF-06145,EMP202100211,Hitesh Sagar,FPS_OWNER,MYSURU,9000060367,ACTIVE
OFF-06146,EMP202200212,Fitan Varty,FPS_OWNER,TUMAKURU,9000061364,ACTIVE
OFF-06147,EMP202300213,Shaurya Vora,FPS_OWNER,MANDYA,9000062361,ACTIVE
OFF-06148,EMP202400214,Manan Nadig,FPS_OWNER,HASSAN,9000063358,ACTIVE
OFF-06149,EMP202500215,Bakhshi Raman,FPS_OWNER,SHIVAMOGGA,9000064355,ACTIVE
OFF-06150,EMP202000216,Owen Kohli,FPS_OWNER,BENGALURU_URBAN,9000065352,ACTIVE
OFF-06151,EMP202100217,Riya Palla,FPS_OWNER,MYSURU,9000066349,ACTIVE
OFF-06152,EMP202200218,Urvi Sekhon,FPS_OWNER,TUMAKURU,9000067346,ACTIVE
OFF-06153,EMP202300219,Lakshit Krishna,FPS_OWNER,MANDYA,9000068343,ACTIVE
OFF-06154,EMP202400220,Lipika Nagi,FPS_OWNER,HASSAN,9000069340,ACTIVE
OFF-06155,EMP202500221,Yamini Ganesh,FPS_OWNER,SHIVAMOGGA,9000070337,ACTIVE
OFF-06156,EMP202000222,Qasim Karnik,FPS_OWNER,BENGALURU_URBAN,9000071334,ACTIVE
OFF-06157,EMP202100223,Aahana Bhandari,FPS_OWNER,MYSURU,9000072331,ACTIVE
OFF-06158,EMP202200224,Orinder Rajagopal,FPS_OWNER,TUMAKURU,9000073328,ACTIVE
OFF-06159,EMP202300225,Ira Kothari,FPS_OWNER,MANDYA,9000074325,ACTIVE
OFF-06160,EMP202400226,Anay Savant,FPS_OWNER,HASSAN,9000075322,ACTIVE
OFF-06161,EMP202500227,Mason Sathe,FPS_OWNER,SHIVAMOGGA,9000076319,ACTIVE
OFF-06162,EMP202000228,Sathvik Sachdeva,FPS_OWNER,BENGALURU_URBAN,9000077316,ACTIVE
OFF-06163,EMP202100229,Tarak Magar,FPS_OWNER,MYSURU,9000078313,ACTIVE
OFF-06164,EMP202200230,Aryan Chahal,FPS_OWNER,TUMAKURU,9000079310,ACTIVE
OFF-06165,EMP202300231,Upadhriti Sachdev,FPS_OWNER,MANDYA,9000080307,ACTIVE
OFF-06166,EMP202400232,Abhiram Rajagopal,FPS_OWNER,HASSAN,9000081304,ACTIVE
OFF-06167,EMP202500233,Varenya Balay,FPS_OWNER,SHIVAMOGGA,9000082301,ACTIVE
OFF-06168,EMP202000234,Aarav Chaudhry,FPS_OWNER,BENGALURU_URBAN,9000083298,ACTIVE
OFF-06169,EMP202100235,Lucky Gola,FPS_OWNER,MYSURU,9000084295,ACTIVE
OFF-06170,EMP202200236,Urishilla Gade,FPS_OWNER,TUMAKURU,9000085292,ACTIVE
OFF-06171,EMP202300237,Ekaja Kara,FPS_OWNER,MANDYA,9000086289,ACTIVE
OFF-06172,EMP202400238,Saanvi Rastogi,FPS_OWNER,HASSAN,9000087286,ACTIVE
OFF-06173,EMP202500239,Champak Hari,FPS_OWNER,SHIVAMOGGA,9000088283,ACTIVE
OFF-06174,EMP202000240,Hamsini Bhat,FPS_OWNER,BENGALURU_URBAN,9000089280,ACTIVE
OFF-06175,EMP202100241,Janani Kanda,FPS_OWNER,MYSURU,9000050277,ACTIVE
OFF-06176,EMP202200242,Inaya Kohli,FPS_OWNER,TUMAKURU,9000051274,ACTIVE
OFF-06177,EMP202300243,Lekha Dada,FPS_OWNER,MANDYA,9000052271,ACTIVE
OFF-06178,EMP202400244,Wriddhish Dada,FPS_OWNER,HASSAN,9000053268,ACTIVE
OFF-06179,EMP202500245,Chanakya Jain,FPS_OWNER,SHIVAMOGGA,9000054265,ACTIVE
OFF-06180,EMP202000246,Vivaan Ganguly,FPS_OWNER,BENGALURU_URBAN,9000055262,ACTIVE
OFF-06181,EMP202100247,Vansha Keer,FPS_OWNER,MYSURU,9000056259,ACTIVE
OFF-06182,EMP202200248,Tripti Halder,FPS_OWNER,TUMAKURU,9000057256,ACTIVE
OFF-06183,EMP202300249,Krishna Banik,FPS_OWNER,MANDYA,9000058253,ACTIVE
OFF-06184,EMP202400250,Gaurav Chaudry,FPS_OWNER,HASSAN,9000059250,ACTIVE
OFF-06185,EMP202500251,Neelima Mittal,FPS_OWNER,SHIVAMOGGA,9000060247,ACTIVE
OFF-06186,EMP202000252,Anthony Vala,FPS_OWNER,BENGALURU_URBAN,9000061244,ACTIVE
OFF-06187,EMP202100253,Abdul Ramachandran,FPS_OWNER,MYSURU,9000062241,ACTIVE
OFF-06188,EMP202200254,Ranbir Deshpande,FPS_OWNER,TUMAKURU,9000063238,ACTIVE
OFF-06189,EMP202300255,Samesh Joshi,FPS_OWNER,MANDYA,9000064235,ACTIVE
OFF-06190,EMP202400256,Janani Shere,FPS_OWNER,HASSAN,9000065232,ACTIVE
OFF-06191,EMP202500257,Samesh Kara,FPS_OWNER,SHIVAMOGGA,9000066229,ACTIVE
OFF-06192,EMP202000258,Aditya Nayar,FPS_OWNER,BENGALURU_URBAN,9000067226,ACTIVE
OFF-06193,EMP202100259,Saumya Bava,FPS_OWNER,MYSURU,9000068223,ACTIVE
OFF-06194,EMP202200260,Ayushman Biswas,FPS_OWNER,TUMAKURU,9000069220,ACTIVE
OFF-06195,EMP202300261,Anusha Mandal,FPS_OWNER,MANDYA,9000070217,ACTIVE
OFF-06196,EMP202400262,Arya Behl,FPS_OWNER,HASSAN,9000071214,ACTIVE
OFF-06197,EMP202500263,Imaran Vyas,FPS_OWNER,SHIVAMOGGA,9000072211,ACTIVE
OFF-06198,EMP202000264,Hamsini Brar,FPS_OWNER,BENGALURU_URBAN,9000073208,ACTIVE
OFF-06199,EMP202100265,Tanay Rout,FPS_OWNER,MYSURU,9000074205,ACTIVE
OFF-06200,EMP202200266,Eiravati Tata,FPS_OWNER,TUMAKURU,9000075202,ACTIVE
OFF-06201,EMP202300267,Gaurang Aurora,FPS_OWNER,MANDYA,9000076199,ACTIVE
OFF-06202,EMP202400268,Darika Deol,FPS_OWNER,HASSAN,9000077196,ACTIVE
OFF-06203,EMP202500269,Bhavini Shetty,FPS_OWNER,SHIVAMOGGA,9000078193,ACTIVE
OFF-06204,EMP202000270,Qadim Karnik,FPS_OWNER,BENGALURU_URBAN,9000079190,ACTIVE
OFF-06205,EMP202100271,Abdul Sule,FPS_OWNER,MYSURU,9000080187,ACTIVE
OFF-06206,EMP202200272,Arjun Jayaraman,FPS_OWNER,TUMAKURU,9000081184,ACTIVE
OFF-06207,EMP202300273,Chakrika Parmer,FPS_OWNER,MANDYA,9000082181,ACTIVE
OFF-06208,EMP202400274,Kashish Bhargava,FPS_OWNER,HASSAN,9000083178,ACTIVE
OFF-06209,EMP202500275,Aryan Bhattacharyya,FPS_OWNER,SHIVAMOGGA,9000084175,ACTIVE
OFF-06210,EMP202000276,Xavier Bal,FPS_OWNER,BENGALURU_URBAN,9000085172,ACTIVE
OFF-06211,EMP202100277,Ekani Mohan,FPS_OWNER,MYSURU,9000086169,ACTIVE
OFF-06212,EMP202200278,Hemang Nadkarni,FPS_OWNER,TUMAKURU,9000087166,ACTIVE
OFF-06213,EMP202300279,Guneet Kaul,FPS_OWNER,MANDYA,9000088163,ACTIVE
OFF-06214,EMP202400280,Madhav Gulati,FPS_OWNER,HASSAN,9000089160,ACTIVE
OFF-06215,EMP202500281,Jonathan Bahl,FPS_OWNER,SHIVAMOGGA,9000050157,ACTIVE
OFF-06216,EMP202000282,Chakradev Dugar,FPS_OWNER,BENGALURU_URBAN,9000051154,ACTIVE
OFF-06217,EMP202100283,Dominic Wagle,FPS_OWNER,MYSURU,9000052151,ACTIVE
OFF-06218,EMP202200284,Quincy Majumdar,FPS_OWNER,TUMAKURU,9000053148,ACTIVE
OFF-06219,EMP202300285,Ekaraj Konda,FPS_OWNER,MANDYA,9000054145,ACTIVE
OFF-06220,EMP202400286,Aarav Batra,FPS_OWNER,HASSAN,9000055142,ACTIVE
OFF-06221,EMP202500287,Nimrat Kohli,FPS_OWNER,SHIVAMOGGA,9000056139,ACTIVE
OFF-06222,EMP202000288,Radha Master,FPS_OWNER,BENGALURU_URBAN,9000057136,ACTIVE
OFF-06223,EMP202100289,Vrishti Nadkarni,FPS_OWNER,MYSURU,9000058133,ACTIVE
OFF-06224,EMP202200290,Dalaja Gole,FPS_OWNER,TUMAKURU,9000059130,ACTIVE
OFF-06225,EMP202300291,Tarak Pathak,FPS_OWNER,MANDYA,9000060127,ACTIVE
OFF-06226,EMP202400292,Mugdha Dhingra,FPS_OWNER,HASSAN,9000061124,ACTIVE
OFF-06227,EMP202500293,Pallavi Guha,FPS_OWNER,SHIVAMOGGA,9000062121,ACTIVE
OFF-06228,EMP202000294,Shivansh Lad,FPS_OWNER,BENGALURU_URBAN,9000063118,ACTIVE
OFF-06229,EMP202100295,Idika Sachdev,FPS_OWNER,MYSURU,9000064115,ACTIVE
OFF-06230,EMP202200296,Urishilla Minhas,FPS_OWNER,TUMAKURU,9000065112,ACTIVE
OFF-06231,EMP202300297,Sanaya Luthra,FPS_OWNER,MANDYA,9000066109,ACTIVE
OFF-06232,EMP202400298,Adya Mahal,FPS_OWNER,HASSAN,9000067106,ACTIVE
OFF-06233,EMP202500299,Ekansh Gill,FPS_OWNER,SHIVAMOGGA,9000068103,ACTIVE
OFF-06234,EMP202000300,Yash Trivedi,FPS_OWNER,BENGALURU_URBAN,9000069100,ACTIVE
OFF-06235,EMP202100301,Maanav Parsa,FPS_OWNER,MYSURU,9000070097,ACTIVE
OFF-06236,EMP202200302,Yatan Desai,FPS_OWNER,TUMAKURU,9000071094,ACTIVE
OFF-06237,EMP202300303,Bhanumati Choudhury,FPS_OWNER,MANDYA,9000072091,ACTIVE
OFF-06238,EMP202400304,Faras Swaminathan,FPS_OWNER,HASSAN,9000073088,ACTIVE
OFF-06239,EMP202500305,Ikshita Singh,FPS_OWNER,SHIVAMOGGA,9000074085,ACTIVE
OFF-06240,EMP202000306,Anjali Pandey,FPS_OWNER,BENGALURU_URBAN,9000075082,ACTIVE
OFF-06241,EMP202100307,Hamsini Bath,FPS_OWNER,MYSURU,9000076079,ACTIVE
OFF-06242,EMP202200308,Nakul Rajan,FPS_OWNER,TUMAKURU,9000077076,ACTIVE
OFF-06243,EMP202300309,Jackson Bains,FPS_OWNER,MANDYA,9000078073,ACTIVE
OFF-06244,EMP202400310,Laksh Sagar,FPS_OWNER,HASSAN,9000079070,ACTIVE
OFF-06245,EMP202500311,Yashawini Bhandari,FPS_OWNER,SHIVAMOGGA,9000080067,ACTIVE
OFF-06246,EMP202000312,Chanakya Dixit,FPS_OWNER,BENGALURU_URBAN,9000081064,ACTIVE
OFF-06247,EMP202100313,Dipta Sane,FPS_OWNER,MYSURU,9000082061,ACTIVE
OFF-06248,EMP202200314,Urvi Vasa,FPS_OWNER,TUMAKURU,9000083058,ACTIVE
OFF-06249,EMP202300315,Gayathri Sheth,FPS_OWNER,MANDYA,9000084055,ACTIVE
OFF-06250,EMP202400316,Jackson Deshpande,FPS_OWNER,HASSAN,9000085052,ACTIVE
OFF-06251,EMP202500317,Baljiwan Rau,FPS_OWNER,SHIVAMOGGA,9000086049,ACTIVE
OFF-06252,EMP202000318,Ayush Solanki,FPS_OWNER,BENGALURU_URBAN,9000087046,ACTIVE
OFF-06253,EMP202100319,Rohan Zachariah,FPS_OWNER,MYSURU,9000088043,ACTIVE
OFF-06254,EMP202200320,Vivaan Trivedi,FPS_OWNER,TUMAKURU,9000089040,ACTIVE
OFF-06255,EMP202300321,Gaurang Manda,FPS_OWNER,MANDYA,9000050037,ACTIVE
OFF-06256,EMP202400322,Gunbir Yohannan,FPS_OWNER,HASSAN,9000051034,ACTIVE
OFF-06257,EMP202500323,Ishaan Ghosh,FPS_OWNER,SHIVAMOGGA,9000052031,ACTIVE
OFF-06258,EMP202000324,Jackson Raman,FPS_OWNER,BENGALURU_URBAN,9000053028,ACTIVE
OFF-06259,EMP202100325,Samuel Chhabra,FPS_OWNER,MYSURU,9000054025,ACTIVE
OFF-06260,EMP202200326,Rushil Aggarwal,FPS_OWNER,TUMAKURU,9000055022,ACTIVE
OFF-06261,EMP202300327,Upkaar Mander,FPS_OWNER,MANDYA,9000056019,ACTIVE
OFF-06262,EMP202400328,Vanya Ravi,FPS_OWNER,HASSAN,9000057016,ACTIVE
OFF-06263,EMP202500329,Tanveer Rajagopalan,FPS_OWNER,SHIVAMOGGA,9000058013,ACTIVE
OFF-06264,EMP202000330,Upkaar Ranganathan,FPS_OWNER,BENGALURU_URBAN,9000059010,ACTIVE
OFF-06265,EMP202100331,Aayush Madan,FPS_OWNER,MYSURU,9000060007,ACTIVE
OFF-06266,EMP202200332,Gabriel Narayan,FPS_OWNER,TUMAKURU,9000061004,ACTIVE
OFF-06267,EMP202300333,Kala Acharya,FPS_OWNER,MANDYA,9000062001,ACTIVE
OFF-06268,EMP202400334,Bhavini Cherian,FPS_OWNER,HASSAN,9000062998,ACTIVE
OFF-06269,EMP202500335,Akshay Narula,FPS_OWNER,SHIVAMOGGA,9000063995,ACTIVE
OFF-06270,EMP202000336,Vrishti Bhardwaj,FPS_OWNER,BENGALURU_URBAN,9000064992,ACTIVE
OFF-06271,EMP202100337,William Bawa,FPS_OWNER,MYSURU,9000065989,ACTIVE
OFF-06272,EMP202200338,Vedhika Raja,FPS_OWNER,TUMAKURU,9000066986,ACTIVE
OFF-06273,EMP202300339,Peter Tank,FPS_OWNER,MANDYA,9000067983,ACTIVE
OFF-06274,EMP202400340,Max Nair,FPS_OWNER,HASSAN,9000068980,ACTIVE
OFF-06275,EMP202500341,Yashawini Pradhan,FPS_OWNER,SHIVAMOGGA,9000069977,ACTIVE
OFF-06276,EMP202000342,Watika Ratti,FPS_OWNER,BENGALURU_URBAN,9000070974,ACTIVE
OFF-06277,EMP202100343,Caleb Bawa,FPS_OWNER,MYSURU,9000071971,ACTIVE
OFF-06278,EMP202200344,Harsh Dutt,FPS_OWNER,TUMAKURU,9000072968,ACTIVE
OFF-06279,EMP202300345,Samarth Kuruvilla,FPS_OWNER,MANDYA,9000073965,ACTIVE
OFF-06280,EMP202400346,Kai Bains,FPS_OWNER,HASSAN,9000074962,ACTIVE
OFF-06281,EMP202500347,Aadi Dhar,FPS_OWNER,SHIVAMOGGA,9000075959,ACTIVE
OFF-06282,EMP202000348,Yashawini Dhawan,FPS_OWNER,BENGALURU_URBAN,9000076956,ACTIVE
OFF-06283,EMP202100349,Frado Ravel,FPS_OWNER,MYSURU,9000077953,ACTIVE
OFF-06284,EMP202200350,Krisha Kothari,FPS_OWNER,TUMAKURU,9000078950,ACTIVE
OFF-06285,EMP202300351,Irya Badami,FPS_OWNER,MANDYA,9000079947,ACTIVE
OFF-06286,EMP202400352,Harrison Yogi,FPS_OWNER,HASSAN,9000080944,ACTIVE
OFF-06287,EMP202500353,Wriddhish Jayaraman,FPS_OWNER,SHIVAMOGGA,9000081941,ACTIVE
OFF-06288,EMP202000354,Ekavir Prabhakar,FPS_OWNER,BENGALURU_URBAN,9000082938,ACTIVE
OFF-06289,EMP202100355,Vasana Subramanian,FPS_OWNER,MYSURU,9000083935,ACTIVE
OFF-06290,EMP202200356,Zashil Warrior,FPS_OWNER,TUMAKURU,9000084932,ACTIVE
OFF-06291,EMP202300357,Ronith Kothari,FPS_OWNER,MANDYA,9000085929,ACTIVE
OFF-06292,EMP202400358,Gaurang Dhar,FPS_OWNER,HASSAN,9000086926,ACTIVE
OFF-06293,EMP202500359,Aradhana Manda,FPS_OWNER,SHIVAMOGGA,9000087923,ACTIVE
OFF-06294,EMP202000360,Sudiksha Vig,FPS_OWNER,BENGALURU_URBAN,9000088920,ACTIVE
OFF-06295,EMP202100361,Ryan Setty,FPS_OWNER,MYSURU,9000089917,ACTIVE
OFF-06296,EMP202200362,Yochana Contractor,FPS_OWNER,TUMAKURU,9000050914,ACTIVE
OFF-06297,EMP202300363,Vrinda Sandal,FPS_OWNER,MANDYA,9000051911,ACTIVE
OFF-06298,EMP202400364,Raagini Kaur,FPS_OWNER,HASSAN,9000052908,ACTIVE
OFF-06299,EMP202500365,Upma Balasubramanian,FPS_OWNER,SHIVAMOGGA,9000053905,ACTIVE
OFF-06300,EMP202000366,Chakradhar Kala,FPS_OWNER,BENGALURU_URBAN,9000054902,ACTIVE
OFF-06301,EMP202100367,Yashasvi Deo,FPS_OWNER,MYSURU,9000055899,ACTIVE
OFF-06302,EMP202200368,Chatresh Ramaswamy,FPS_OWNER,TUMAKURU,9000056896,ACTIVE
OFF-06303,EMP202300369,Akshay Devi,FPS_OWNER,MANDYA,9000057893,ACTIVE
OFF-06304,EMP202400370,Vedhika Nadkarni,FPS_OWNER,HASSAN,9000058890,ACTIVE
OFF-06305,EMP202500371,Mitesh Gara,FPS_OWNER,SHIVAMOGGA,9000059887,ACTIVE
OFF-06306,EMP202000372,Warhi Shukla,FPS_OWNER,BENGALURU_URBAN,9000060884,ACTIVE
OFF-06307,EMP202100373,Suhani Sachdev,FPS_OWNER,MYSURU,9000061881,ACTIVE
OFF-06308,EMP202200374,Ikbal Malhotra,FPS_OWNER,TUMAKURU,9000062878,ACTIVE
OFF-06309,EMP202300375,Geetika Sathe,FPS_OWNER,MANDYA,9000063875,ACTIVE
OFF-06310,EMP202400376,Laksh Bhatt,FPS_OWNER,HASSAN,9000064872,ACTIVE
OFF-06311,EMP202500377,Nimrat Banerjee,FPS_OWNER,SHIVAMOGGA,9000065869,ACTIVE
OFF-06312,EMP202000378,Max Borra,FPS_OWNER,BENGALURU_URBAN,9000066866,ACTIVE
OFF-06313,EMP202100379,Dhriti Hora,FPS_OWNER,MYSURU,9000067863,ACTIVE
OFF-06314,EMP202200380,Gaurika Sant,FPS_OWNER,TUMAKURU,9000068860,ACTIVE
OFF-06315,EMP202300381,Advay Balay,FPS_OWNER,MANDYA,9000069857,ACTIVE
OFF-06316,EMP202400382,Faraj Rastogi,FPS_OWNER,HASSAN,9000070854,ACTIVE
OFF-06317,EMP202500383,Unni Sami,FPS_OWNER,SHIVAMOGGA,9000071851,ACTIVE
OFF-06318,EMP202000384,Anjali Anne,FPS_OWNER,BENGALURU_URBAN,9000072848,ACTIVE
OFF-06319,EMP202100385,Veer Malhotra,FPS_OWNER,MYSURU,9000073845,ACTIVE
OFF-06320,EMP202200386,Praneel Sarin,FPS_OWNER,TUMAKURU,9000074842,ACTIVE
OFF-06321,EMP202300387,Oscar Sridhar,FPS_OWNER,MANDYA,9000075839,ACTIVE
OFF-06322,EMP202400388,Jagrati Bhattacharyya,FPS_OWNER,HASSAN,9000076836,ACTIVE
OFF-06323,EMP202500389,Nandini Palla,FPS_OWNER,SHIVAMOGGA,9000077833,ACTIVE
OFF-06324,EMP202000390,Reva Lala,FPS_OWNER,BENGALURU_URBAN,9000078830,ACTIVE
OFF-06325,EMP202100391,Harinakshi Ram,FPS_OWNER,MYSURU,9000079827,ACTIVE
OFF-06326,EMP202200392,Finn Bala,FPS_OWNER,TUMAKURU,9000080824,ACTIVE
OFF-06327,EMP202300393,Gaurang Chandra,FPS_OWNER,MANDYA,9000081821,ACTIVE
OFF-06328,EMP202400394,Raksha Ramanathan,FPS_OWNER,HASSAN,9000082818,ACTIVE
OFF-06329,EMP202500395,Tanish Hora,FPS_OWNER,SHIVAMOGGA,9000083815,ACTIVE
OFF-06330,EMP202000396,Warhi Dugar,FPS_OWNER,BENGALURU_URBAN,9000084812,ACTIVE
OFF-06331,EMP202100397,Aadi Sridhar,FPS_OWNER,MYSURU,9000085809,ACTIVE
OFF-06332,EMP202200398,Libni Sur,FPS_OWNER,TUMAKURU,9000086806,ACTIVE
OFF-06333,EMP202300399,Qushi Bawa,FPS_OWNER,MANDYA,9000087803,ACTIVE
OFF-06334,EMP202400400,Faqid Chand,FPS_OWNER,HASSAN,9000088800,ACTIVE
OFF-06335,EMP202500401,Daksh Shetty,FPS_OWNER,SHIVAMOGGA,9000089797,ACTIVE
OFF-06336,EMP202000402,Finn Bakshi,FPS_OWNER,BENGALURU_URBAN,9000050794,ACTIVE
OFF-06337,EMP202100403,Ekani Sathe,FPS_OWNER,MYSURU,9000051791,ACTIVE
OFF-06338,EMP202200404,Ijaya Iyer,FPS_OWNER,TUMAKURU,9000052788,ACTIVE
OFF-06339,EMP202300405,Wridesh Randhawa,FPS_OWNER,MANDYA,9000053785,ACTIVE
OFF-06340,EMP202400406,Girish Mohan,FPS_OWNER,HASSAN,9000054782,ACTIVE
OFF-06341,EMP202500407,Om Kale,FPS_OWNER,SHIVAMOGGA,9000055779,ACTIVE
OFF-06342,EMP202000408,Yug Joshi,FPS_OWNER,BENGALURU_URBAN,9000056776,ACTIVE
OFF-06343,EMP202100409,Yashawini Deo,FPS_OWNER,MYSURU,9000057773,ACTIVE
OFF-06344,EMP202200410,Indrajit Prakash,FPS_OWNER,TUMAKURU,9000058770,ACTIVE
OFF-06345,EMP202300411,Bahadurjit Kaur,FPS_OWNER,MANDYA,9000059767,ACTIVE
OFF-06346,EMP202400412,Laksh Hayer,FPS_OWNER,HASSAN,9000060764,ACTIVE
OFF-06347,EMP202500413,Zinal Tata,FPS_OWNER,SHIVAMOGGA,9000061761,ACTIVE
OFF-06348,EMP202000414,Unnati Sachdev,FPS_OWNER,BENGALURU_URBAN,9000062758,ACTIVE
OFF-06349,EMP202100415,Janaki Chowdhury,FPS_OWNER,MYSURU,9000063755,ACTIVE
OFF-06350,EMP202200416,Onveer Sheth,FPS_OWNER,TUMAKURU,9000064752,ACTIVE
OFF-06351,EMP202300417,Raagini Divan,FPS_OWNER,MANDYA,9000065749,ACTIVE
OFF-06352,EMP202400418,Neelima Buch,FPS_OWNER,HASSAN,9000066746,ACTIVE
OFF-06353,EMP202500419,Pavani Singh,FPS_OWNER,SHIVAMOGGA,9000067743,ACTIVE
OFF-06354,EMP202000420,Joshua Dhar,FPS_OWNER,BENGALURU_URBAN,9000068740,ACTIVE
OFF-06355,EMP202100421,Balendra Morar,FPS_OWNER,MYSURU,9000069737,ACTIVE
OFF-06356,EMP202200422,Yagnesh Thaker,FPS_OWNER,TUMAKURU,9000070734,ACTIVE
OFF-06357,EMP202300423,Hamsini Baral,FPS_OWNER,MANDYA,9000071731,ACTIVE
OFF-06358,EMP202400424,Benjamin Madan,FPS_OWNER,HASSAN,9000072728,ACTIVE
OFF-06359,EMP202500425,Rishi Prabhu,FPS_OWNER,SHIVAMOGGA,9000073725,ACTIVE
OFF-06360,EMP202000426,Matthew Wagle,FPS_OWNER,BENGALURU_URBAN,9000074722,ACTIVE
OFF-06361,EMP202100427,Jalsa Wagle,FPS_OWNER,MYSURU,9000075719,ACTIVE
OFF-06362,EMP202200428,Guneet Soni,FPS_OWNER,TUMAKURU,9000076716,ACTIVE
OFF-06363,EMP202300429,Omisha Chanda,FPS_OWNER,MANDYA,9000077713,ACTIVE
OFF-06364,EMP202400430,Hardik Contractor,FPS_OWNER,HASSAN,9000078710,ACTIVE
OFF-06365,EMP202500431,Michael Sahni,FPS_OWNER,SHIVAMOGGA,9000079707,ACTIVE
OFF-06366,EMP202000432,Aryan Shah,FPS_OWNER,BENGALURU_URBAN,9000080704,ACTIVE
OFF-06367,EMP202100433,Darpan Dara,FPS_OWNER,MYSURU,9000081701,ACTIVE
OFF-06368,EMP202200434,Hamsini Ramaswamy,FPS_OWNER,TUMAKURU,9000082698,ACTIVE
OFF-06369,EMP202300435,Ishaan Nagy,FPS_OWNER,MANDYA,9000083695,ACTIVE
OFF-06370,EMP202400436,Gautam Jaggi,FPS_OWNER,HASSAN,9000084692,ACTIVE
OFF-06371,EMP202500437,Quincy Merchant,FPS_OWNER,SHIVAMOGGA,9000085689,ACTIVE
OFF-06372,EMP202000438,Farhan Balasubramanian,FPS_OWNER,BENGALURU_URBAN,9000086686,ACTIVE
OFF-06373,EMP202100439,Anthony Barad,FPS_OWNER,MYSURU,9000087683,ACTIVE
OFF-06374,EMP202200440,Suhani Walia,FPS_OWNER,TUMAKURU,9000088680,ACTIVE
OFF-06375,EMP202300441,Arya Wali,FPS_OWNER,MANDYA,9000089677,ACTIVE
OFF-06376,EMP202400442,Nathan Sundaram,FPS_OWNER,HASSAN,9000050674,ACTIVE
OFF-06377,EMP202500443,Girindra Warrior,FPS_OWNER,SHIVAMOGGA,9000051671,ACTIVE
OFF-06378,EMP202000444,Gaurav Issac,FPS_OWNER,BENGALURU_URBAN,9000052668,ACTIVE
OFF-06379,EMP202100445,Aarini Mangat,FPS_OWNER,MYSURU,9000053665,ACTIVE
OFF-06380,EMP202200446,Devansh Ramanathan,FPS_OWNER,TUMAKURU,9000054662,ACTIVE
OFF-06381,EMP202300447,Nisha Dora,FPS_OWNER,MANDYA,9000055659,ACTIVE
OFF-06382,EMP202400448,Bachittar Keer,FPS_OWNER,HASSAN,9000056656,ACTIVE
OFF-06383,EMP202500449,Chaitaly Mammen,FPS_OWNER,SHIVAMOGGA,9000057653,ACTIVE
OFF-06384,EMP202000450,Saksham Badami,FPS_OWNER,BENGALURU_URBAN,9000058650,ACTIVE
OFF-06385,EMP202100451,Dakshesh Mohan,FPS_OWNER,MYSURU,9000059647,ACTIVE
OFF-06386,EMP202200452,Jagvi Sachdev,FPS_OWNER,TUMAKURU,9000060644,ACTIVE
OFF-06387,EMP202300453,Yashasvi Sachdeva,FPS_OWNER,MANDYA,9000061641,ACTIVE
OFF-06388,EMP202400454,Faraj Dutt,FPS_OWNER,HASSAN,9000062638,ACTIVE
OFF-06389,EMP202500455,Banjeet Sunder,FPS_OWNER,SHIVAMOGGA,9000063635,ACTIVE
OFF-06390,EMP202000456,Shaurya Ramanathan,FPS_OWNER,BENGALURU_URBAN,9000064632,ACTIVE
OFF-06391,EMP202100457,Maanav Karan,FPS_OWNER,MYSURU,9000065629,ACTIVE
OFF-06392,EMP202200458,Neel Prakash,FPS_OWNER,TUMAKURU,9000066626,ACTIVE
OFF-06393,EMP202300459,Adweta Kumer,FPS_OWNER,MANDYA,9000067623,ACTIVE
OFF-06394,EMP202400460,Abeer Bajaj,FPS_OWNER,HASSAN,9000068620,ACTIVE
OFF-06395,EMP202500461,Leena Sandhu,FPS_OWNER,SHIVAMOGGA,9000069617,ACTIVE
OFF-06396,EMP202000462,Chanakya Raman,FPS_OWNER,BENGALURU_URBAN,9000070614,ACTIVE
OFF-06397,EMP202100463,Anmol Bhasin,FPS_OWNER,MYSURU,9000071611,ACTIVE
OFF-06398,EMP202200464,Keya Parsa,FPS_OWNER,TUMAKURU,9000072608,ACTIVE
OFF-06399,EMP202300465,Rohan Kumer,FPS_OWNER,MANDYA,9000073605,ACTIVE
OFF-06400,EMP202400466,Vidhi Korpal,FPS_OWNER,HASSAN,9000074602,ACTIVE
OFF-06401,EMP202500467,Ekta Khosla,FPS_OWNER,SHIVAMOGGA,9000075599,ACTIVE
OFF-06402,EMP202000468,Hemal Halder,FPS_OWNER,BENGALURU_URBAN,9000076596,ACTIVE
OFF-06403,EMP202100469,Pushti Hari,FPS_OWNER,MYSURU,9000077593,ACTIVE
OFF-06404,EMP202200470,Ekapad Viswanathan,FPS_OWNER,TUMAKURU,9000078590,ACTIVE
OFF-06405,EMP202300471,Joshua Bhattacharyya,FPS_OWNER,MANDYA,9000079587,ACTIVE
OFF-06406,EMP202400472,Nitara Din,FPS_OWNER,HASSAN,9000080584,ACTIVE
OFF-06407,EMP202500473,Peter Sibal,FPS_OWNER,SHIVAMOGGA,9000081581,ACTIVE
OFF-06408,EMP202000474,Vansha Banik,FPS_OWNER,BENGALURU_URBAN,9000082578,ACTIVE
OFF-06409,EMP202100475,Lajita Dasgupta,FPS_OWNER,MYSURU,9000083575,ACTIVE
OFF-06410,EMP202200476,Sara Bail,FPS_OWNER,TUMAKURU,9000084572,ACTIVE
OFF-06411,EMP202300477,Nilima Singh,FPS_OWNER,MANDYA,9000085569,ACTIVE
OFF-06412,EMP202400478,Alka Mahal,FPS_OWNER,HASSAN,9000086566,ACTIVE
OFF-06413,EMP202500479,Amara Gokhale,FPS_OWNER,SHIVAMOGGA,9000087563,ACTIVE
OFF-06414,EMP202000480,Akshay Bhakta,FPS_OWNER,BENGALURU_URBAN,9000088560,ACTIVE
OFF-06415,EMP202100481,Lopa Kaur,FPS_OWNER,MYSURU,9000089557,ACTIVE
OFF-06416,EMP202200482,Aradhana Tara,FPS_OWNER,TUMAKURU,9000050554,ACTIVE
OFF-06417,EMP202300483,Wishi Bahri,FPS_OWNER,MANDYA,9000051551,ACTIVE
OFF-06418,EMP202400484,Udyati Mangat,FPS_OWNER,HASSAN,9000052548,ACTIVE
OFF-06419,EMP202500485,Ira Puri,FPS_OWNER,SHIVAMOGGA,9000053545,ACTIVE
OFF-06420,EMP202000486,Rishi Jayaraman,FPS_OWNER,BENGALURU_URBAN,9000054542,ACTIVE
OFF-06421,EMP202100487,Dominic Saraf,FPS_OWNER,MYSURU,9000055539,ACTIVE
OFF-06422,EMP202200488,Lipika Sampath,FPS_OWNER,TUMAKURU,9000056536,ACTIVE
OFF-06423,EMP202300489,Samuel Bal,FPS_OWNER,MANDYA,9000057533,ACTIVE
OFF-06424,EMP202400490,Aryan Minhas,FPS_OWNER,HASSAN,9000058530,ACTIVE
OFF-06425,EMP202500491,Qabil Pandya,FPS_OWNER,SHIVAMOGGA,9000059527,ACTIVE
OFF-06426,EMP202000492,Lopa Baria,FPS_OWNER,BENGALURU_URBAN,9000060524,ACTIVE
OFF-06427,EMP202100493,Neel Sastry,FPS_OWNER,MYSURU,9000061521,ACTIVE
OFF-06428,EMP202200494,Hemani Vaidya,FPS_OWNER,TUMAKURU,9000062518,ACTIVE
OFF-06429,EMP202300495,Hemang Sahota,FPS_OWNER,MANDYA,9000063515,ACTIVE
OFF-06430,EMP202400496,Girindra Sankaran,FPS_OWNER,HASSAN,9000064512,ACTIVE
OFF-06431,EMP202500497,Pallavi Viswanathan,FPS_OWNER,SHIVAMOGGA,9000065509,ACTIVE
OFF-06432,EMP202000498,Agastya Dhawan,FPS_OWNER,BENGALURU_URBAN,9000066506,ACTIVE
OFF-06433,EMP202100499,Prisha Dani,FPS_OWNER,MYSURU,9000067503,ACTIVE
OFF-06434,EMP202200500,Pavani Shah,FPS_OWNER,TUMAKURU,9000068500,ACTIVE
OFF-06435,EMP202300501,Bhavya Kapur,FPS_OWNER,MANDYA,9000069497,ACTIVE
OFF-06436,EMP202400502,Farhan Naik,FPS_OWNER,HASSAN,9000070494,ACTIVE
OFF-06437,EMP202500503,Dipta Borra,FPS_OWNER,SHIVAMOGGA,9000071491,ACTIVE
OFF-06438,EMP202000504,Umang Seth,FPS_OWNER,BENGALURU_URBAN,9000072488,ACTIVE
OFF-06439,EMP202100505,Parth Biswas,FPS_OWNER,MYSURU,9000073485,ACTIVE
OFF-06440,EMP202200506,Brinda Minhas,FPS_OWNER,TUMAKURU,9000074482,ACTIVE
OFF-06441,EMP202300507,Aarav Sura,FPS_OWNER,MANDYA,9000075479,ACTIVE
OFF-06442,EMP202400508,Aryan Desai,FPS_OWNER,HASSAN,9000076476,ACTIVE
OFF-06443,EMP202500509,Qadim Golla,FPS_OWNER,SHIVAMOGGA,9000077473,ACTIVE
OFF-06444,EMP202000510,Lipika Bansal,FPS_OWNER,BENGALURU_URBAN,9000078470,ACTIVE
OFF-06445,EMP202100511,Gayathri Ravi,FPS_OWNER,MYSURU,9000079467,ACTIVE
OFF-06446,EMP202200512,Kiaan Nath,FPS_OWNER,TUMAKURU,9000080464,ACTIVE
OFF-06447,EMP202300513,Teerth Ram,FPS_OWNER,MANDYA,9000081461,ACTIVE
OFF-06448,EMP202400514,George Reddy,FPS_OWNER,HASSAN,9000082458,ACTIVE
OFF-06449,EMP202500515,Imaran Dugar,FPS_OWNER,SHIVAMOGGA,9000083455,ACTIVE
OFF-06450,EMP202000516,Ansh Mander,FPS_OWNER,BENGALURU_URBAN,9000084452,ACTIVE
OFF-06451,EMP202100517,Ekaja Lal,FPS_OWNER,MYSURU,9000085449,ACTIVE
OFF-06452,EMP202200518,Idika Pandya,FPS_OWNER,TUMAKURU,9000086446,ACTIVE
OFF-06453,EMP202300519,Daniel Choudhry,FPS_OWNER,MANDYA,9000087443,ACTIVE
OFF-06454,EMP202400520,Aarini Narain,FPS_OWNER,HASSAN,9000088440,ACTIVE
OFF-06455,EMP202500521,Hamsini Chaudhry,FPS_OWNER,SHIVAMOGGA,9000089437,ACTIVE
OFF-06456,EMP202000522,Hiral Kade,FPS_OWNER,BENGALURU_URBAN,9000050434,ACTIVE
OFF-06457,EMP202100523,Aarav Doshi,FPS_OWNER,MYSURU,9000051431,ACTIVE
OFF-06458,EMP202200524,Anthony Vig,FPS_OWNER,TUMAKURU,9000052428,ACTIVE
OFF-06459,EMP202300525,Aishani Hans,FPS_OWNER,MANDYA,9000053425,ACTIVE
OFF-06460,EMP202400526,Jhalak Thaker,FPS_OWNER,HASSAN,9000054422,ACTIVE
OFF-06461,EMP202500527,Ekansh Bajwa,FPS_OWNER,SHIVAMOGGA,9000055419,ACTIVE
OFF-06462,EMP202000528,Tanvi Sethi,FPS_OWNER,BENGALURU_URBAN,9000056416,ACTIVE
OFF-06463,EMP202100529,Oliver Arora,FPS_OWNER,MYSURU,9000057413,ACTIVE
OFF-06464,EMP202200530,Upasna Nazareth,FPS_OWNER,TUMAKURU,9000058410,ACTIVE
OFF-06465,EMP202300531,Tanay Bandi,FPS_OWNER,MANDYA,9000059407,ACTIVE
OFF-06466,EMP202400532,Qarin Sharaf,FPS_OWNER,HASSAN,9000060404,ACTIVE
OFF-06467,EMP202500533,Warhi Deo,FPS_OWNER,SHIVAMOGGA,9000061401,ACTIVE
OFF-06468,EMP202000534,Viraj Nori,FPS_OWNER,BENGALURU_URBAN,9000062398,ACTIVE
OFF-06469,EMP202100535,Vritti Issac,FPS_OWNER,MYSURU,9000063395,ACTIVE
OFF-06470,EMP202200536,Jagrati Saha,FPS_OWNER,TUMAKURU,9000064392,ACTIVE
OFF-06471,EMP202300537,Daksh Bakshi,FPS_OWNER,MANDYA,9000065389,ACTIVE
OFF-06472,EMP202400538,Aarush Buch,FPS_OWNER,HASSAN,9000066386,ACTIVE
OFF-06473,EMP202500539,Fitan Toor,FPS_OWNER,SHIVAMOGGA,9000067383,ACTIVE
OFF-06474,EMP202000540,Ridhi Chana,FPS_OWNER,BENGALURU_URBAN,9000068380,ACTIVE
OFF-06475,EMP202100541,Dev Nayak,FPS_OWNER,MYSURU,9000069377,ACTIVE
OFF-06476,EMP202200542,Janaki Dash,FPS_OWNER,TUMAKURU,9000070374,ACTIVE
OFF-06477,EMP202300543,Nihal Kulkarni,FPS_OWNER,MANDYA,9000071371,ACTIVE
OFF-06478,EMP202400544,Shivansh Bera,FPS_OWNER,HASSAN,9000072368,ACTIVE
OFF-06479,EMP202500545,Chandani Pathak,FPS_OWNER,SHIVAMOGGA,9000073365,ACTIVE
OFF-06480,EMP202000546,Jagrati Chad,FPS_OWNER,BENGALURU_URBAN,9000074362,ACTIVE
OFF-06481,EMP202100547,Balendra Pathak,FPS_OWNER,MYSURU,9000075359,ACTIVE
OFF-06482,EMP202200548,Aishani Bhasin,FPS_OWNER,TUMAKURU,9000076356,ACTIVE
OFF-06483,EMP202300549,Hemal Pandit,FPS_OWNER,MANDYA,9000077353,ACTIVE
OFF-06484,EMP202400550,Upkaar Chhabra,FPS_OWNER,HASSAN,9000078350,ACTIVE
OFF-06485,EMP202500551,Wahab Ravi,FPS_OWNER,SHIVAMOGGA,9000079347,ACTIVE
OFF-06486,EMP202000552,Hemani Prashad,FPS_OWNER,BENGALURU_URBAN,9000080344,ACTIVE
OFF-06487,EMP202100553,Aishani Kant,FPS_OWNER,MYSURU,9000081341,ACTIVE
OFF-06488,EMP202200554,Damyanti Mandal,FPS_OWNER,TUMAKURU,9000082338,ACTIVE
OFF-06489,EMP202300555,Upma Datta,FPS_OWNER,MANDYA,9000083335,ACTIVE
OFF-06490,EMP202400556,Hema Bhakta,FPS_OWNER,HASSAN,9000084332,ACTIVE
OFF-06491,EMP202500557,Eta Roy,FPS_OWNER,SHIVAMOGGA,9000085329,ACTIVE
OFF-06492,EMP202000558,Upma Soni,FPS_OWNER,BENGALURU_URBAN,9000086326,ACTIVE
OFF-06493,EMP202100559,Ekansh Tella,FPS_OWNER,MYSURU,9000087323,ACTIVE
OFF-06494,EMP202200560,Qadim Das,FPS_OWNER,TUMAKURU,9000088320,ACTIVE
OFF-06495,EMP202300561,Rishi Verma,FPS_OWNER,MANDYA,9000089317,ACTIVE
OFF-06496,EMP202400562,Vasudha Gokhale,FPS_OWNER,HASSAN,9000050314,ACTIVE
OFF-06497,EMP202500563,Charita Kakar,FPS_OWNER,SHIVAMOGGA,9000051311,ACTIVE
OFF-06498,EMP202000564,Saksham Tripathi,FPS_OWNER,BENGALURU_URBAN,9000052308,ACTIVE
OFF-06499,EMP202100565,Sanaya Choudhury,FPS_OWNER,MYSURU,9000053305,ACTIVE
OFF-06500,EMP202200566,Nisha Dhar,FPS_OWNER,TUMAKURU,9000054302,ACTIVE
OFF-06501,EMP202300567,Wahab Manne,FPS_OWNER,MANDYA,9000055299,ACTIVE
OFF-06502,EMP202400568,Ikshita Gade,FPS_OWNER,HASSAN,9000056296,ACTIVE
OFF-06503,EMP202500569,Diya Zachariah,FPS_OWNER,SHIVAMOGGA,9000057293,ACTIVE
OFF-06504,EMP202000570,Ekani Ganguly,FPS_OWNER,BENGALURU_URBAN,9000058290,ACTIVE
OFF-06505,EMP202100571,Victor Bhagat,FPS_OWNER,MYSURU,9000059287,ACTIVE
OFF-06506,EMP202200572,Ati Buch,FPS_OWNER,TUMAKURU,9000060284,ACTIVE
OFF-06507,EMP202300573,Sai Acharya,FPS_OWNER,MANDYA,9000061281,ACTIVE
OFF-06508,EMP202400574,Yash Nath,FPS_OWNER,HASSAN,9000062278,ACTIVE
OFF-06509,EMP202500575,Tripti Lal,FPS_OWNER,SHIVAMOGGA,9000063275,ACTIVE
OFF-06510,EMP202000576,Sai Sankaran,FPS_OWNER,BENGALURU_URBAN,9000064272,ACTIVE
OFF-06511,EMP202100577,Upasna Handa,FPS_OWNER,MYSURU,9000065269,ACTIVE
OFF-06512,EMP202200578,Oliver Gour,FPS_OWNER,TUMAKURU,9000066266,ACTIVE
OFF-06513,EMP202300579,Raagini Dora,FPS_OWNER,MANDYA,9000067263,ACTIVE
OFF-06514,EMP202400580,Chanakya Swaminathan,FPS_OWNER,HASSAN,9000068260,ACTIVE
OFF-06515,EMP202500581,Arin Ratti,FPS_OWNER,SHIVAMOGGA,9000069257,ACTIVE
OFF-06516,EMP202000582,Arunima Buch,FPS_OWNER,BENGALURU_URBAN,9000070254,ACTIVE
OFF-06517,EMP202100583,Tanmayi Venkatesh,FPS_OWNER,MYSURU,9000071251,ACTIVE
OFF-06518,EMP202200584,Veer Loke,FPS_OWNER,TUMAKURU,9000072248,ACTIVE
OFF-06519,EMP202300585,Deepa Sura,FPS_OWNER,MANDYA,9000073245,ACTIVE
OFF-06520,EMP202400586,Yashvi Varty,FPS_OWNER,HASSAN,9000074242,ACTIVE
OFF-06521,EMP202500587,Urmi Kara,FPS_OWNER,SHIVAMOGGA,9000075239,ACTIVE
OFF-06522,EMP202000588,Jeet Sheth,FPS_OWNER,BENGALURU_URBAN,9000076236,ACTIVE
OFF-06523,EMP202100589,Qarin Mammen,FPS_OWNER,MYSURU,9000077233,ACTIVE
OFF-06524,EMP202200590,Kai Bora,FPS_OWNER,TUMAKURU,9000078230,ACTIVE
OFF-06525,EMP202300591,Rachita Kohli,FPS_OWNER,MANDYA,9000079227,ACTIVE
OFF-06526,EMP202400592,Viraj Agarwal,FPS_OWNER,HASSAN,9000080224,ACTIVE
OFF-06527,EMP202500593,Meghana Sur,FPS_OWNER,SHIVAMOGGA,9000081221,ACTIVE
OFF-06528,EMP202000594,Naksh Varghese,FPS_OWNER,BENGALURU_URBAN,9000082218,ACTIVE
OFF-06529,EMP202100595,Rohan Natt,FPS_OWNER,MYSURU,9000083215,ACTIVE
OFF-06530,EMP202200596,Hemal Chauhan,FPS_OWNER,TUMAKURU,9000084212,ACTIVE
OFF-06531,EMP202300597,Chavvi Sunder,FPS_OWNER,MANDYA,9000085209,ACTIVE
OFF-06532,EMP202400598,Aarnav Kota,FPS_OWNER,HASSAN,9000086206,ACTIVE
OFF-06533,EMP202500599,Wriddhish Mallick,FPS_OWNER,SHIVAMOGGA,9000087203,ACTIVE
OFF-06534,EMP202000600,Adya Sharaf,FPS_OWNER,BENGALURU_URBAN,9000088200,ACTIVE
OFF-06535,EMP202100601,Darpan Hora,FPS_OWNER,MYSURU,9000089197,ACTIVE
OFF-06536,EMP202200602,Kashish Pingle,FPS_OWNER,TUMAKURU,9000050194,ACTIVE
OFF-06537,EMP202300603,Balvan Sachdeva,FPS_OWNER,MANDYA,9000051191,ACTIVE
OFF-06538,EMP202400604,Jackson Bhakta,FPS_OWNER,HASSAN,9000052188,ACTIVE
OFF-06539,EMP202500605,Avi Dey,FPS_OWNER,SHIVAMOGGA,9000053185,ACTIVE
OFF-06540,EMP202000606,Daksha Chaudry,FPS_OWNER,BENGALURU_URBAN,9000054182,ACTIVE
OFF-06541,EMP202100607,Jagat Palla,FPS_OWNER,MYSURU,9000055179,ACTIVE
OFF-06542,EMP202200608,Avi Ganesan,FPS_OWNER,TUMAKURU,9000056176,ACTIVE
OFF-06543,EMP202300609,Harrison Vyas,FPS_OWNER,MANDYA,9000057173,ACTIVE
OFF-06544,EMP202400610,Ria Parsa,FPS_OWNER,HASSAN,9000058170,ACTIVE
OFF-06545,EMP202500611,Jairaj Palla,FPS_OWNER,SHIVAMOGGA,9000059167,ACTIVE
OFF-06546,EMP202000612,Rehaan Roy,FPS_OWNER,BENGALURU_URBAN,9000060164,ACTIVE
OFF-06547,EMP202100613,Ekavir Gill,FPS_OWNER,MYSURU,9000061161,ACTIVE
OFF-06548,EMP202200614,Udarsh Ram,FPS_OWNER,TUMAKURU,9000062158,ACTIVE
OFF-06549,EMP202300615,Krisha Malhotra,FPS_OWNER,MANDYA,9000063155,ACTIVE
OFF-06550,EMP202400616,Harini Doshi,FPS_OWNER,HASSAN,9000064152,ACTIVE
OFF-06551,EMP202500617,Jack Upadhyay,FPS_OWNER,SHIVAMOGGA,9000065149,ACTIVE
OFF-06552,EMP202000618,Liam Nagy,FPS_OWNER,BENGALURU_URBAN,9000066146,ACTIVE
OFF-06553,EMP202100619,Peter Dhawan,FPS_OWNER,MYSURU,9000067143,ACTIVE
OFF-06554,EMP202200620,Oeshi Ahluwalia,FPS_OWNER,TUMAKURU,9000068140,ACTIVE
OFF-06555,EMP202300621,Bhavya Konda,FPS_OWNER,MANDYA,9000069137,ACTIVE
OFF-06556,EMP202400622,Samesh Narayan,FPS_OWNER,HASSAN,9000070134,ACTIVE
OFF-06557,EMP202500623,Idika Hora,FPS_OWNER,SHIVAMOGGA,9000071131,ACTIVE
OFF-06558,EMP202000624,Dalaja Panchal,FPS_OWNER,BENGALURU_URBAN,9000072128,ACTIVE
OFF-06559,EMP202100625,Tristan Keer,FPS_OWNER,MYSURU,9000073125,ACTIVE
OFF-06560,EMP202200626,Champak Singhal,FPS_OWNER,TUMAKURU,9000074122,ACTIVE
OFF-06561,EMP202300627,Gautami Sankaran,FPS_OWNER,MANDYA,9000075119,ACTIVE
OFF-06562,EMP202400628,Tripti Karnik,FPS_OWNER,HASSAN,9000076116,ACTIVE
OFF-06563,EMP202500629,Vansha Koshy,FPS_OWNER,SHIVAMOGGA,9000077113,ACTIVE
OFF-06564,EMP202000630,Raksha Mallick,FPS_OWNER,BENGALURU_URBAN,9000078110,ACTIVE
OFF-06565,EMP202100631,Advay Sagar,FPS_OWNER,MYSURU,9000079107,ACTIVE
OFF-06566,EMP202200632,Keya Bhakta,FPS_OWNER,TUMAKURU,9000080104,ACTIVE
OFF-06567,EMP202300633,Ishanvi Shah,FPS_OWNER,MANDYA,9000081101,ACTIVE
OFF-06568,EMP202400634,Nathan Gera,FPS_OWNER,HASSAN,9000082098,ACTIVE
OFF-06569,EMP202500635,Varsha Gola,FPS_OWNER,SHIVAMOGGA,9000083095,ACTIVE
OFF-06570,EMP202000636,Eesha Dhawan,FPS_OWNER,BENGALURU_URBAN,9000084092,ACTIVE
OFF-06571,EMP202100637,Zinal Ranganathan,FPS_OWNER,MYSURU,9000085089,ACTIVE
OFF-06572,EMP202200638,Shaurya Pradhan,FPS_OWNER,TUMAKURU,9000086086,ACTIVE
OFF-06573,EMP202300639,Advik Arya,FPS_OWNER,MANDYA,9000087083,ACTIVE
OFF-06574,EMP202400640,Darika Khosla,FPS_OWNER,HASSAN,9000088080,ACTIVE
OFF-06575,EMP202500641,Zarna Sule,FPS_OWNER,SHIVAMOGGA,9000089077,ACTIVE
OFF-06576,EMP202000642,Yochana Bhandari,FPS_OWNER,BENGALURU_URBAN,9000050074,ACTIVE
OFF-06577,EMP202100643,Dayita Saini,FPS_OWNER,MYSURU,9000051071,ACTIVE
OFF-06578,EMP202200644,Mitesh Sabharwal,FPS_OWNER,TUMAKURU,9000052068,ACTIVE
OFF-06579,EMP202300645,Aradhana Kala,FPS_OWNER,MANDYA,9000053065,ACTIVE
OFF-06580,EMP202400646,Gunbir Banik,FPS_OWNER,HASSAN,9000054062,ACTIVE
OFF-06581,EMP202500647,Ishita Suri,FPS_OWNER,SHIVAMOGGA,9000055059,ACTIVE
OFF-06582,EMP202000648,Zaid Desai,FPS_OWNER,BENGALURU_URBAN,9000056056,ACTIVE
OFF-06583,EMP202100649,Tamanna Mahal,FPS_OWNER,MYSURU,9000057053,ACTIVE
OFF-06584,EMP202200650,Arjun Pal,FPS_OWNER,TUMAKURU,9000058050,ACTIVE
OFF-06585,EMP202300651,Warhi Kar,FPS_OWNER,MANDYA,9000059047,ACTIVE
OFF-06586,EMP202400652,Sathvik Morar,FPS_OWNER,HASSAN,9000060044,ACTIVE
OFF-06587,EMP202500653,Anita Radhakrishnan,FPS_OWNER,SHIVAMOGGA,9000061041,ACTIVE
OFF-06588,EMP202000654,Jasmit Natt,FPS_OWNER,BENGALURU_URBAN,9000062038,ACTIVE
OFF-06589,EMP202100655,Vanya Raman,FPS_OWNER,MYSURU,9000063035,ACTIVE
OFF-06590,EMP202200656,Ekalinga Kashyap,FPS_OWNER,TUMAKURU,9000064032,ACTIVE
OFF-06591,EMP202300657,Odika Jaggi,FPS_OWNER,MANDYA,9000065029,ACTIVE
OFF-06592,EMP202400658,Frado Shroff,FPS_OWNER,HASSAN,9000066026,ACTIVE
OFF-06593,EMP202500659,Januja Sem,FPS_OWNER,SHIVAMOGGA,9000067023,ACTIVE
OFF-06594,EMP202000660,Bhavani Singhal,FPS_OWNER,BENGALURU_URBAN,9000068020,ACTIVE
OFF-06595,EMP202100661,Bahadurjit Palla,FPS_OWNER,MYSURU,9000069017,ACTIVE
OFF-06596,EMP202200662,Yatan Chand,FPS_OWNER,TUMAKURU,9000070014,ACTIVE
OFF-06597,EMP202300663,Chasmum Sharaf,FPS_OWNER,MANDYA,9000071011,ACTIVE
OFF-06598,EMP202400664,Om Sanghvi,FPS_OWNER,HASSAN,9000072008,ACTIVE
OFF-06599,EMP202500665,Orinder Sethi,FPS_OWNER,SHIVAMOGGA,9000073005,ACTIVE
OFF-06600,EMP202000666,Madhav Walia,FPS_OWNER,BENGALURU_URBAN,9000074002,ACTIVE
