audit_event_id,cycle,actor_user_id,actor_role,action,entity_type,entity_id,reason,result,timestamp,before_state,after_state,hash
AUD-0000001,2026-01,OFF-06208,FPS_OWNER,PREFERENCE_SUBMITTED,FPS,MAN-000010,System workflow,SUCCESS,2026-01-24T09:00:00,"{""status"": ""DRAFT""}","{""status"": ""VALIDATED""}",e47c50d978dec54216c6b8d7bcb16db35ff9b3f11acc9fd35f5613d59015deb6
AUD-0000002,2026-01,OFF-06371,FPS_OWNER,CHOICE_WINDOW_CLOSED,FPS,MAN-000029,System workflow,SUCCESS,2026-01-16T15:00:00,"{""status"": ""DRAFT""}","{""status"": ""VALIDATED""}",5f9d932bcb9bd4cc9c670b92ab236293211c4534b94f5bcb5fdd6618d4632e63
AUD-0000003,2026-01,OFF-06416,FPS_OWNER,DEMAND_LOCKED,FPS,MAN-000100,System workflow,SUCCESS,2026-01-14T11:00:00,"{""status"": ""DRAFT""}","{""status"": ""LOCKED""}",075c1e4e03e5a9f77c71749ec7e67591f6aea9195e4beb9f738dcdfda3e737c8
AUD-0000004,2026-01,OFF-06370,FPS_OWNER,CONSTRAINT_VALIDATED,FPS,MAN-000041,System workflow,SUCCESS,2026-01-14T14:00:00,"{""status"": ""DRAFT""}","{""status"": ""VALIDATED""}",1b480016ebefb67f811cee3d4c90522730a55c9d696e23e8ff1d7d292f8dc9fd
AUD-0000005,2026-01,OFF-06106,FPS_OWNER,ALLOCATION_CREATED,FPS,MAN-000035,System workflow,SUCCESS,2026-01-06T16:00:00,"{""status"": ""DRAFT""}","{""status"": ""VALIDATED""}",b62fdd8084df29181c64ca2a6078ff974d30aff4ae290511667dcfe72f1d29fc
AUD-0000006,2026-01,OFF-06053,FPS_OWNER,OPTIMIZATION_COMPLETED,FPS,MAN-000057,System workflow,SUCCESS,2026-01-16T10:00:00,"{""status"": ""DRAFT""}","{""status"": ""VALIDATED""}",de8b171d545112e3230313ad1fbf9cdd3d68e85c13e776463ad9f18a45843424
AUD-0000007,2026-01,OFF-00007,FIELD_FOOD_INSPECTOR,MANIFEST_LOCKED,MANIFEST,MAN-000039,System workflow,SUCCESS,2026-01-25T11:00:00,"{""status"": ""DRAFT""}","{""status"": ""LOCKED""}",73a933157d3f05c4415f4b91cdf692809d1c52447b4b3b12236eae6cdb22e3dd
AUD-0000008,2026-01,OFF-06174,FPS_OWNER,DISPATCH_STARTED,FPS,MAN-000033,System workflow,SUCCESS,2026-01-24T15:00:00,"{""status"": ""DRAFT""}","{""status"": ""VALIDATED""}",eb706de028fbdf79a5cf4a0dd47dbf7ee301e834c0ca3c20e5c2af8e1bda6d1e
AUD-0000009,2026-01,OFF-06330,FPS_OWNER,DELIVERY_VERIFIED,FPS,MAN-000047,System workflow,SUCCESS,2026-01-11T11:00:00,"{""status"": ""DRAFT""}","{""status"": ""VALIDATED""}",2a3c94c7bfe19de55bb8625a68c82f57072342de44c7e291752b7a769e0ae2c5
AUD-0000010,2026-01,OFF-06216,FPS_OWNER,INSPECTION_SUBMITTED,FPS,MAN-000036,System workflow,SUCCESS,2026-01-27T14:00:00,"{""status"": ""DRAFT""}","{""status"": ""VALIDATED""}",68b20cd60ae00788b2a7d95833cc33a2da5e25d6ba290fce0a8ace68e5787451
AUD-0000011,2026-01,OFF-06146,FPS_OWNER,CYCLE_CLOSED,CYCLE,2026-01,System workflow,SUCCESS,2026-01-05T17:00:00,"{""status"": ""DRAFT""}","{""status"": ""VALIDATED""}",e6ee30efd8320243fab3a48594a9f83ff65e9d04e1d10508e631a5f18dfbca42
AUD-0000012,2026-02,OFF-06123,FPS_OWNER,PREFERENCE_SUBMITTED,FPS,MAN-000124,System workflow,SUCCESS,2026-02-26T14:00:00,"{""status"": ""DRAFT""}","{""status"": ""VALIDATED""}",a22bbb195347b64f5ac797a360c3cfae99b2fddfa205aebc5a112c9217a6b3be
AUD-0000013,2026-02,OFF-06470,FPS_OWNER,CHOICE_WINDOW_CLOSED,FPS,MAN-000154,System workflow,SUCCESS,2026-02-13T09:00:00,"{""status"": ""DRAFT""}","{""status"": ""VALIDATED""}",762c3f7ad7b58573ecebf3233fa47fdee58bbdea1f594b4e08fb7de848524f09
AUD-0000014,2026-02,OFF-06406,FPS_OWNER,DEMAND_LOCKED,FPS,MAN-000193,System workflow,SUCCESS,2026-02-21T13:00:00,"{""status"": ""DRAFT""}","{""status"": ""LOCKED""}",2d653559705985e1c691833ab8eebfabd3d069cd299396a7283026a15c61071b
AUD-0000015,2026-02,OFF-06114,FPS_OWNER,CONSTRAINT_VALIDATED,FPS,MAN-000189,System workflow,SUCCESS,2026-02-10T15:00:00,"{""status"": ""DRAFT""}","{""status"": ""VALIDATED""}",c33657c333f9d1c6d0790d3c9f6d38504b168b58aad019872093391f0169e866
AUD-0000016,2026-02,OFF-06211,FPS_OWNER,ALLOCATION_CREATED,FPS,MAN-000199,System workflow,SUCCESS,2026-02-15T08:00:00,"{""status"": ""DRAFT""}","{""status"": ""VALIDATED""}",5a8dad0d0dced6fe2eb2e32477af5fb8564b26cd215e440a1b4499a27ab61c2a
AUD-0000017,2026-02,OFF-06066,FPS_OWNER,OPTIMIZATION_COMPLETED,FPS,MAN-000180,System workflow,SUCCESS,2026-02-19T08:00:00,"{""status"": ""DRAFT""}","{""status"": ""VALIDATED""}",5ca5f159332930e57aa21f1938a7e2c80f978141af8576afb6eaf5efe501aa69
AUD-0000018,2026-02,OFF-00064,FIELD_FOOD_INSPECTOR,MANIFEST_LOCKED,MANIFEST,MAN-000135,System workflow,SUCCESS,2026-02-25T11:00:00,"{""status"": ""DRAFT""}","{""status"": ""LOCKED""}",196f77df8ec7ce8a99dff0ee1a611adb6112b100c280d543c842696f58c5ea2d
AUD-0000019,2026-02,OFF-06354,FPS_OWNER,DISPATCH_STARTED,FPS,MAN-000171,System workflow,SUCCESS,2026-02-10T11:00:00,"{""status"": ""DRAFT""}","{""status"": ""VALIDATED""}",3279cdfb731c234952d3e92800f3d4580deba5633af6536f41e9633c05a5736f
AUD-0000020,2026-02,OFF-06029,FPS_OWNER,DELIVERY_VERIFIED,FPS,MAN-000101,System workflow,SUCCESS,2026-02-25T11:00:00,"{""status"": ""DRAFT""}","{""status"": ""VALIDATED""}",b1d09983dff8fd7486f94ffed1bfd44180c77b82019d3207b17ab0a88375ca1e
AUD-0000021,2026-02,OFF-06133,FPS_OWNER,INSPECTION_SUBMITTED,FPS,MAN-000168,System workflow,SUCCESS,2026-02-20T08:00:00,"{""status"": ""DRAFT""}","{""status"": ""VALIDATED""}",875df5477b3b74ec3f2310913f0c882ea35d4fcb78e38ea3c2dc21378703fa12
AUD-0000022,2026-02,OFF-06595,FPS_OWNER,CYCLE_CLOSED,CYCLE,2026-02,System workflow,SUCCESS,2026-02-25T15:00:00,"{""status"": ""DRAFT""}","{""status"": ""VALIDATED""}",055bddff0c09a5a7b3bb3848f3e07e07329684e03fe094997f1f5be782d5850a
AUD-0000023,2026-03,OFF-06380,FPS_OWNER,PREFERENCE_SUBMITTED,FPS,MAN-000201,System workflow,SUCCESS,2026-03-09T16:00:00,"{""status"": ""DRAFT""}","{""status"": ""VALIDATED""}",22cd8654a1c6a9d761ec1ebc337c677bb1e7f489c83255d116bed89af960c7b2
AUD-0000024,2026-03,OFF-06485,FPS_OWNER,CHOICE_WINDOW_CLOSED,FPS,MAN-000249,System workflow,SUCCESS,2026-03-27T13:00:00,"{""status"": ""DRAFT""}","{""status"": ""VALIDATED""}",47e5c2b6311cc3e695d85ddd8c798b0fae05961800504a67c4608e26e81ec4ad
AUD-0000025,2026-03,OFF-06261,FPS_OWNER,DEMAND_LOCKED,FPS,MAN-000219,System workflow,SUCCESS,2026-03-12T13:00:00,"{""status"": ""DRAFT""}","{""status"": ""LOCKED""}",67e21442505a4ee3879ade140a49a1d8641ecc4207687cabb81edc7ff8ea1c62
AUD-0000026,2026-03,OFF-06499,FPS_OWNER,CONSTRAINT_VALIDATED,FPS,MAN-000208,System workflow,SUCCESS,2026-03-10T12:00:00,"{""status"": ""DRAFT""}","{""status"": ""VALIDATED""}",6211375e20c7be15cc0adef9bbb93578f81bece9a6902b42b02e052609b54561
AUD-0000027,2026-03,OFF-06486,FPS_OWNER,ALLOCATION_CREATED,FPS,MAN-000251,System workflow,SUCCESS,2026-03-19T17:00:00,"{""status"": ""DRAFT""}","{""status"": ""VALIDATED""}",ab372377a7dc900c71ceee93c6d644dd6d52a9bc64774689633a63425349ad0e
AUD-0000028,2026-03,OFF-06097,FPS_OWNER,OPTIMIZATION_COMPLETED,FPS,MAN-000254,System workflow,SUCCESS,2026-03-08T08:00:00,"{""status"": ""DRAFT""}","{""status"": ""VALIDATED""}",fdede33ad8c04da32a72302ed29aacf4fa0ce111ac990a2cccdf293b349e19b0
AUD-0000029,2026-03,OFF-06412,FPS_OWNER,MANIFEST_LOCKED,MANIFEST,MAN-000206,System workflow,SUCCESS,2026-03-11T16:00:00,"{""status"": ""DRAFT""}","{""status"": ""LOCKED""}",e733eab7e2d4be2d75c6be18873cdf14372ff7ab6f0bc1597a3f45ed53e3f19a
AUD-0000030,2026-03,OFF-06250,FPS_OWNER,DISPATCH_STARTED,FPS,MAN-000294,System workflow,SUCCESS,2026-03-12T13:00:00,"{""status"": ""DRAFT""}","{""status"": ""VALIDATED""}",0cee7116f621d512952fb37c6798fa5c7d22424218e3f833c887e74665eb126e
AUD-0000031,2026-03,OFF-06301,FPS_OWNER,DELIVERY_VERIFIED,FPS,MAN-000237,System workflow,SUCCESS,2026-03-21T14:00:00,"{""status"": ""DRAFT""}","{""status"": ""VALIDATED""}",c20566edc78fdd8fc543a148b76892cd6b4a714af01e382253188b8735903bc1
AUD-0000032,2026-03,OFF-06335,FPS_OWNER,INSPECTION_SUBMITTED,FPS,MAN-000202,System workflow,SUCCESS,2026-03-24T09:00:00,"{""status"": ""DRAFT""}","{""status"": ""VALIDATED""}",ace8a55eeec6068896223bbd088f32efc65c9b6e2e17955b94291c7bad1eaacc
AUD-0000033,2026-03,OFF-06152,FPS_OWNER,CYCLE_CLOSED,CYCLE,2026-03,System workflow,SUCCESS,2026-03-20T17:00:00,"{""status"": ""DRAFT""}","{""status"": ""VALIDATED""}",c73654199d7affc108a817b5681ba786b5abd58b9f131197a381f8596501e2df
AUD-0000034,2026-02,BEN-002311,BENEFICIARY,PREFERENCE_SUBMITTED,INTENT,INT-0011905,Beneficiary submitted intent,SUCCESS,2026-02-08T10:07:00,{},"{""fps_id"": ""FPS-0273""}",88250b86140760f272b853da1059b0989254bf6d53db1c1e8d6c0e30bb87b4f1
AUD-0000035,2026-01,BEN-002072,BENEFICIARY,PREFERENCE_SUBMITTED,INTENT,INT-0006111,Beneficiary submitted intent,SUCCESS,2026-01-06T19:54:00,{},"{""fps_id"": ""FPS-0496""}",cd14fa2f0cfc3ff39960d696d33b1fc4a32986a7b3df856e89d03c8e44b85374
AUD-0000036,2026-02,BEN-005904,BENEFICIARY,PREFERENCE_SUBMITTED,INTENT,INT-0011652,Beneficiary submitted intent,SUCCESS,2026-02-14T19:10:00,{},"{""fps_id"": ""FPS-0297""}",fd26fef131ae3e71f1cccd5654c4b63ba570b43e4024a756e9f467ece6fe55f3
AUD-0000037,2026-01,BEN-007156,BENEFICIARY,PREFERENCE_SUBMITTED,INTENT,INT-0005530,Beneficiary submitted intent,SUCCESS,2026-01-09T09:33:00,{},"{""fps_id"": ""FPS-0576""}",d25b16c3a5cc8ee934c9abd3b7578942a73133df017bef1885d496c0bea2d9b8
AUD-0000038,2026-02,BEN-001195,BENEFICIARY,PREFERENCE_SUBMITTED,INTENT,INT-0010663,Beneficiary submitted intent,SUCCESS,2026-02-06T15:38:00,{},"{""fps_id"": ""FPS-0057""}",b5e4d2568d7e4dd077c2618663fa7889d9f8dc4ea563b1f10919a4b3cd279b56
AUD-0000039,2026-01,BEN-009822,BENEFICIARY,PREFERENCE_SUBMITTED,INTENT,INT-0005896,Beneficiary submitted intent,SUCCESS,2026-01-06T11:12:00,{},"{""fps_id"": ""FPS-0475""}",57e06476d711950f9910fae8212ddf00b078a76bf785686eebc6ae06ec61cf7d
AUD-0000040,2026-02,BEN-008740,BENEFICIARY,PREFERENCE_SUBMITTED,INTENT,INT-0008903,Beneficiary submitted intent,SUCCESS,2026-02-16T09:55:00,{},"{""fps_id"": ""FPS-0482""}",887ad6a697174ecd6adaeac95f68233bf56495893e4b5867fac740a8e208a458
AUD-0000041,2026-02,BEN-008258,BENEFICIARY,PREFERENCE_SUBMITTED,INTENT,INT-0010946,Beneficiary submitted intent,SUCCESS,2026-02-10T09:03:00,{},"{""fps_id"": ""FPS-0508""}",2dfaac2304e9b12d4f20ca748298199e545417195eff83146b4fdf0b9a10c284
AUD-0000042,2026-02,BEN-000601,BENEFICIARY,PREFERENCE_SUBMITTED,INTENT,INT-0008071,Beneficiary submitted intent,SUCCESS,2026-02-09T19:45:00,{},"{""fps_id"": ""FPS-0427""}",056be2da119050028ea12608081e0692d17869499fac5b97313f5b7507ff370c
AUD-0000043,2026-02,BEN-001198,BENEFICIARY,PREFERENCE_SUBMITTED,INTENT,INT-0009377,Beneficiary submitted intent,SUCCESS,2026-02-12T10:16:00,{},"{""fps_id"": ""FPS-0397""}",c11e203396912ba18c5a886b9b9cd7c4cdfa6d802d6803627a1ed1e1a988634c
AUD-0000044,2026-01,BEN-005494,BENEFICIARY,PREFERENCE_SUBMITTED,INTENT,INT-0004385,Beneficiary submitted intent,SUCCESS,2026-01-17T09:26:00,{},"{""fps_id"": ""FPS-0138""}",fb401b3e6ae3cc034217298d0ab0328bb030606ffb46a1fc9554112761ef01e2
AUD-0000045,2026-01,BEN-003455,BENEFICIARY,PREFERENCE_SUBMITTED,INTENT,INT-0001933,Beneficiary submitted intent,SUCCESS,2026-01-09T14:23:00,{},"{""fps_id"": ""FPS-0062""}",366b6da735d60dee0f570b7885659a8de15e39f04fb8bbbe364f272a9392207a
AUD-0000046,2026-02,BEN-004129,BENEFICIARY,PREFERENCE_SUBMITTED,INTENT,INT-0010550,Beneficiary submitted intent,SUCCESS,2026-02-16T18:22:00,{},"{""fps_id"": ""FPS-0129""}",aafb56085780398e8c5335ce9ac7b86e8802d62ba2cd7244eff9e6f2b03f8d5a
AUD-0000047,2026-02,BEN-007365,BENEFICIARY,PREFERENCE_SUBMITTED,INTENT,INT-0010913,Beneficiary submitted intent,SUCCESS,2026-02-15T13:52:00,{},"{""fps_id"": ""FPS-0068""}",00cfe6914f915ae55a46c0e15bf6d4e091019c40aca7a78c1aebb2c24a898266
AUD-0000048,2026-01,BEN-002008,BENEFICIARY,PREFERENCE_SUBMITTED,INTENT,INT-0000765,Beneficiary submitted intent,SUCCESS,2026-01-08T12:14:00,{},"{""fps_id"": ""FPS-0496""}",00416ebc7deb6ebfce881991b058732ca7c17305619c6c7554c077dee8b0d0fd
AUD-0000049,2026-01,BEN-007256,BENEFICIARY,PREFERENCE_SUBMITTED,INTENT,INT-0003882,Beneficiary submitted intent,SUCCESS,2026-01-08T08:16:00,{},"{""fps_id"": ""FPS-0094""}",2344672093a6eceb3bd22928067d334487be2119976c0512684070e5b63475aa
AUD-0000050,2026-02,BEN-004194,BENEFICIARY,PREFERENCE_SUBMITTED,INTENT,INT-0010816,Beneficiary submitted intent,SUCCESS,2026-02-19T08:01:00,{},"{""fps_id"": ""FPS-0482""}",1203d3dea243263d5a53a74ecb244199ac13a30eb4aa05cbd874117a50080ab5
AUD-0000051,2026-01,BEN-008485,BENEFICIARY,PREFERENCE_SUBMITTED,INTENT,INT-0001537,Beneficiary submitted intent,SUCCESS,2026-01-09T10:09:00,{},"{""fps_id"": ""FPS-0482""}",bb33f1f146f6ea023fb97fff8703125cf6c764101175126600fe82a31b172c26
AUD-0000052,2026-02,BEN-000132,BENEFICIARY,PREFERENCE_SUBMITTED,INTENT,INT-0007070,Beneficiary submitted intent,SUCCESS,2026-02-10T18:29:00,{},"{""fps_id"": ""FPS-0425""}",8b03dba71a2a366d36ba5db47092c70600ad1969ea2449d0eaac881228104ffa
AUD-0000053,2026-01,BEN-009055,BENEFICIARY,PREFERENCE_SUBMITTED,INTENT,INT-0002261,Beneficiary submitted intent,SUCCESS,2026-01-19T13:11:00,{},"{""fps_id"": ""FPS-0502""}",1503328f38ab43db3daf3f0fae33be152517b2c1a23ff3365ae633f4c6c5779b
AUD-0000054,2026-01,BEN-006786,BENEFICIARY,PREFERENCE_SUBMITTED,INTENT,INT-0003963,Beneficiary submitted intent,SUCCESS,2026-01-08T08:53:00,{},"{""fps_id"": ""FPS-0530""}",1c3913314240cf254c1faed919717a4b7a591de188d7bb26d7fef33b7523c6f9
AUD-0000055,2026-02,BEN-002955,BENEFICIARY,PREFERENCE_SUBMITTED,INTENT,INT-0009719,Beneficiary submitted intent,SUCCESS,2026-02-14T12:49:00,{},"{""fps_id"": ""FPS-0160""}",1e64ef8d217d60ccf9d4bb984f071ee585caa81ef14748fdef630faa795d8be4
AUD-0000056,2026-02,BEN-003618,BENEFICIARY,PREFERENCE_SUBMITTED,INTENT,INT-0008348,Beneficiary submitted intent,SUCCESS,2026-02-07T11:02:00,{},"{""fps_id"": ""FPS-0410""}",8468755223a20a35859d7a9cc58bc86f82748e5c28ec2f589e1bdfefdcb56069
AUD-0000057,2026-02,BEN-006093,BENEFICIARY,PREFERENCE_SUBMITTED,INTENT,INT-0007262,Beneficiary submitted intent,SUCCESS,2026-02-18T17:08:00,{},"{""fps_id"": ""FPS-0202""}",100edce3fd0770a00d063a06e5d3dd38d519840fae0a34af42dc9e6e4f1a9a51
AUD-0000058,2026-01,BEN-005130,BENEFICIARY,PREFERENCE_SUBMITTED,INTENT,INT-0003980,Beneficiary submitted intent,SUCCESS,2026-01-14T10:58:00,{},"{""fps_id"": ""FPS-0407""}",ab7978b644046d4d1cdcb34cd6258aaa8bad93f9b13415544d68479be4602d58
AUD-0000059,2026-02,BEN-000318,BENEFICIARY,PREFERENCE_SUBMITTED,INTENT,INT-0009777,Beneficiary submitted intent,SUCCESS,2026-02-16T13:42:00,{},"{""fps_id"": ""FPS-0341""}",d3c134485d9e06a73892371a038316c3e5ca4033de380e49430cea136e18ab6f
AUD-0000060,2026-01,BEN-001548,BENEFICIARY,PREFERENCE_SUBMITTED,INTENT,INT-0001894,Beneficiary submitted intent,SUCCESS,2026-01-07T11:04:00,{},"{""fps_id"": ""FPS-0421""}",acc05ece67bf63981b7e2b4923e88d9411629e2e3bc11986d557de734083dbf9
AUD-0000061,2026-01,BEN-005650,BENEFICIARY,PREFERENCE_SUBMITTED,INTENT,INT-0004357,Beneficiary submitted intent,SUCCESS,2026-01-08T14:33:00,{},"{""fps_id"": ""FPS-0163""}",160839caf825ef3978988084799edf6a84ca21dc3f169eb73dd06a827e46bbc2
AUD-0000062,2026-02,BEN-001253,BENEFICIARY,PREFERENCE_SUBMITTED,INTENT,INT-0013557,Beneficiary submitted intent,SUCCESS,2026-02-20T13:24:00,{},"{""fps_id"": ""FPS-0185""}",8c90bcf2422de6d3a0cead52998e8902721c6746fe1024262b9891e390f62f40
AUD-0000063,2026-01,BEN-006852,BENEFICIARY,PREFERENCE_SUBMITTED,INTENT,INT-0003474,Beneficiary submitted intent,SUCCESS,2026-01-16T10:28:00,{},"{""fps_id"": ""FPS-0600""}",556cda739d73c03f227cfb83cd7cde4b5fab9de2832f32753e347dac55bf5ea0
AUD-0000064,2026-02,BEN-000519,BENEFICIARY,PREFERENCE_SUBMITTED,INTENT,INT-0009138,Beneficiary submitted intent,SUCCESS,2026-02-18T18:11:00,{},"{""fps_id"": ""FPS-0322""}",c265f788c8ab2d65b541325f0fb3dec4bff2e29b09afff43c1a533be2d3309b0
AUD-0000065,2026-02,BEN-008174,BENEFICIARY,PREFERENCE_SUBMITTED,INTENT,INT-0013467,Beneficiary submitted intent,SUCCESS,2026-02-07T12:00:00,{},"{""fps_id"": ""FPS-0313""}",c8e349c402edff023268e91e51495af8b3ea0dc60a4bf28144ca0b0d425c6879
AUD-0000066,2026-01,BEN-007700,BENEFICIARY,PREFERENCE_SUBMITTED,INTENT,INT-0005291,Beneficiary submitted intent,SUCCESS,2026-01-06T16:03:00,{},"{""fps_id"": ""FPS-0392""}",176b4e10651d0f9cf1893d872ce706767d93002106e6bac8de006b8f5228b908
AUD-0000067,2026-02,BEN-005011,BENEFICIARY,PREFERENCE_SUBMITTED,INTENT,INT-0007272,Beneficiary submitted intent,SUCCESS,2026-02-18T13:30:00,{},"{""fps_id"": ""FPS-0262""}",dae63089e1e638a6cefa30d75eed0b6b39708f9d35c0b21f95859841588d171d
AUD-0000068,2026-02,BEN-002168,BENEFICIARY,PREFERENCE_SUBMITTED,INTENT,INT-0011315,Beneficiary submitted intent,SUCCESS,2026-02-14T15:09:00,{},"{""fps_id"": ""FPS-0147""}",ba10b92bd4e2cd52bbb849deac3da2f50a9cb08e0db6fda455731e1637f5a767
AUD-0000069,2026-02,BEN-003816,BENEFICIARY,PREFERENCE_SUBMITTED,INTENT,INT-0012383,Beneficiary submitted intent,SUCCESS,2026-02-11T13:57:00,{},"{""fps_id"": ""FPS-0170""}",9a23c00053d6342a17749f36c54152a69dfccb81f16831dc4272e80d6ff8a96c
AUD-0000070,2026-02,BEN-001537,BENEFICIARY,PREFERENCE_SUBMITTED,INTENT,INT-0010373,Beneficiary submitted intent,SUCCESS,2026-02-19T17:43:00,{},"{""fps_id"": ""FPS-0209""}",ff466a4facaea2e82fcd1f91ad958592c8393148d74df3a8528da2034e87fb92
AUD-0000071,2026-02,BEN-004599,BENEFICIARY,PREFERENCE_SUBMITTED,INTENT,INT-0007984,Beneficiary submitted intent,SUCCESS,2026-02-17T14:30:00,{},"{""fps_id"": ""FPS-0431""}",dada9e9ad47ec099e17d20440c94f77e44560c60dc3dc8674adeddaed360d9fb
AUD-0000072,2026-01,BEN-004166,BENEFICIARY,PREFERENCE_SUBMITTED,INTENT,INT-0001208,Beneficiary submitted intent,SUCCESS,2026-01-19T08:09:00,{},"{""fps_id"": ""FPS-0568""}",3725a8b8698c084dfc2014458baf87ed5015b74e35b4230e66e7f7ccc5c94be3
AUD-0000073,2026-01,BEN-005954,BENEFICIARY,PREFERENCE_SUBMITTED,INTENT,INT-0000129,Beneficiary submitted intent,SUCCESS,2026-01-13T11:55:00,{},"{""fps_id"": ""FPS-0279""}",90de67792a46e440e5056429245bf8be248910a83a987483d0d4d256b1caaa33
AUD-0000074,2026-02,BEN-005228,BENEFICIARY,PREFERENCE_SUBMITTED,INTENT,INT-0008429,Beneficiary submitted intent,SUCCESS,2026-02-13T11:49:00,{},"{""fps_id"": ""FPS-0217""}",af430d71b7abc0dfa6f1fcdeb602b71084a01857a84a5bac322944f6abd20766
AUD-0000075,2026-01,BEN-006729,BENEFICIARY,PREFERENCE_SUBMITTED,INTENT,INT-0002891,Beneficiary submitted intent,SUCCESS,2026-01-14T10:24:00,{},"{""fps_id"": ""FPS-0436""}",ef2a30a8f5228514dafb2fe7032aa7e3f6dba31cf02a667a254c6d959ed9d45c
AUD-0000076,2026-01,BEN-000852,BENEFICIARY,PREFERENCE_SUBMITTED,INTENT,INT-0000853,Beneficiary submitted intent,SUCCESS,2026-01-05T18:51:00,{},"{""fps_id"": ""FPS-0487""}",4fbb6c4b29154690ab961b25d1d4c207ddfeb2c4d7c1e23d0ee0815da1971057
AUD-0000077,2026-01,BEN-003336,BENEFICIARY,PREFERENCE_SUBMITTED,INTENT,INT-0000863,Beneficiary submitted intent,SUCCESS,2026-01-09T08:50:00,{},"{""fps_id"": ""FPS-0122""}",6df7ad664ac729e0de74df472bc673abfe08eca2584eaca40a79ffc46dcdb517
AUD-0000078,2026-01,BEN-005929,BENEFICIARY,PREFERENCE_SUBMITTED,INTENT,INT-0006839,Beneficiary submitted intent,SUCCESS,2026-01-07T18:05:00,{},"{""fps_id"": ""FPS-0037""}",67e23eecabfa5018666dbf9a09e13e5f75a9b8b5139751f92f0d2f88365b2126
AUD-0000079,2026-01,BEN-002258,BENEFICIARY,PREFERENCE_SUBMITTED,INTENT,INT-0003533,Beneficiary submitted intent,SUCCESS,2026-01-16T10:36:00,{},"{""fps_id"": ""FPS-0333""}",ad164c9dfb8e65a7d27bbb2ca415fb78712b73d26bb328c59b7f89e50629b743
AUD-0000080,2026-01,BEN-008813,BENEFICIARY,PREFERENCE_SUBMITTED,INTENT,INT-0004851,Beneficiary submitted intent,SUCCESS,2026-01-15T13:27:00,{},"{""fps_id"": ""FPS-0543""}",3a297f598723dc749002429f79a6bb5dae0f72fcdad394defbbc25b73c41e736
AUD-0000081,2026-01,BEN-008962,BENEFICIARY,PREFERENCE_SUBMITTED,INTENT,INT-0003389,Beneficiary submitted intent,SUCCESS,2026-01-05T17:12:00,{},"{""fps_id"": ""FPS-0570""}",04fb7f35b8566f0657d1027ed52db76be76aed5a6d6cc002527fcf21eb28a2d3
AUD-0000082,2026-01,BEN-004674,BENEFICIARY,PREFERENCE_SUBMITTED,INTENT,INT-0002965,Beneficiary submitted intent,SUCCESS,2026-01-07T10:42:00,{},"{""fps_id"": ""FPS-0015""}",2beb841846ea265000b0a7651fd7f90ff660a1a4b146a58a1805224c80a84e6d
AUD-0000083,2026-02,BEN-004075,BENEFICIARY,PREFERENCE_SUBMITTED,INTENT,INT-0012475,Beneficiary submitted intent,SUCCESS,2026-02-12T13:57:00,{},"{""fps_id"": ""FPS-0175""}",1851c34f0b684c7fdefa0b1b4cf146fb9795fd76af7921f22f0b98fe80139383
AUD-0000084,2026-02,BEN-006720,BENEFICIARY,PREFERENCE_SUBMITTED,INTENT,INT-0007695,Beneficiary submitted intent,SUCCESS,2026-02-13T12:39:00,{},"{""fps_id"": ""FPS-0223""}",81a2e9403791744ae8f1df2eae4b340a616896a4415048301a9cec8c54296593
AUD-0000085,2026-01,BEN-007384,BENEFICIARY,PREFERENCE_SUBMITTED,INTENT,INT-0002711,Beneficiary submitted intent,SUCCESS,2026-01-17T08:14:00,{},"{""fps_id"": ""FPS-0455""}",e8933a1887b9a77f60c065f6f1587d1ea554da425433a4b4f6240a485299b04f
AUD-0000086,2026-02,BEN-001223,BENEFICIARY,PREFERENCE_SUBMITTED,INTENT,INT-0010717,Beneficiary submitted intent,SUCCESS,2026-02-18T12:27:00,{},"{""fps_id"": ""FPS-0064""}",40d1355c1b9b49b00a4720e3daeb5e68cf398418b8c2278679ccf2edeb2a91c8
AUD-0000087,2026-02,BEN-005635,BENEFICIARY,PREFERENCE_SUBMITTED,INTENT,INT-0008940,Beneficiary submitted intent,SUCCESS,2026-02-13T14:09:00,{},"{""fps_id"": ""FPS-0366""}",331148da25956286960573ba459a1eec4d1af95606cae9299b2b10c95faa3bdc
AUD-0000088,2026-02,BEN-002844,BENEFICIARY,PREFERENCE_SUBMITTED,INTENT,INT-0013702,Beneficiary submitted intent,SUCCESS,2026-02-13T18:06:00,{},"{""fps_id"": ""FPS-0558""}",6920a9ad513322f7137a5b2c17ef97e11f1f6191d186b9696ae2c4f8000a6c12
AUD-0000089,2026-01,BEN-001207,BENEFICIARY,PREFERENCE_SUBMITTED,INTENT,INT-0006372,Beneficiary submitted intent,SUCCESS,2026-01-18T10:34:00,{},"{""fps_id"": ""FPS-0061""}",a279f6fd31477568ec1260c907d09d467ed398d7fac45f8027fef2bbb50f63c4
AUD-0000090,2026-02,BEN-003347,BENEFICIARY,PREFERENCE_SUBMITTED,INTENT,INT-0007986,Beneficiary submitted intent,SUCCESS,2026-02-08T18:54:00,{},"{""fps_id"": ""FPS-0492""}",c7b84a94c7acd5f9a5f096b41e30c5221b24438a9307077be5c844b05c0bd627
AUD-0000091,2026-02,BEN-004338,BENEFICIARY,PREFERENCE_SUBMITTED,INTENT,INT-0007156,Beneficiary submitted intent,SUCCESS,2026-02-19T18:07:00,{},"{""fps_id"": ""FPS-0199""}",a500c8797ba4dae5ebb29694c23bef04cd09b284286bb4b9d950615d67efc4a9
AUD-0000092,2026-01,BEN-004427,BENEFICIARY,PREFERENCE_SUBMITTED,INTENT,INT-0000677,Beneficiary submitted intent,SUCCESS,2026-01-07T14:39:00,{},"{""fps_id"": ""FPS-0117""}",c12ae64dbf798d450620e4df8c3081b6201d6a6613321c46a7e59b4eaedec8f4
AUD-0000093,2026-02,BEN-004430,BENEFICIARY,PREFERENCE_SUBMITTED,INTENT,INT-0009854,Beneficiary submitted intent,SUCCESS,2026-02-07T08:04:00,{},"{""fps_id"": ""FPS-0070""}",f5b7b943702e16007aa680afb4ff44be4b93a09831aba01909f5e532ccf39313
AUD-0000094,2026-02,BEN-003560,BENEFICIARY,PREFERENCE_SUBMITTED,INTENT,INT-0012878,Beneficiary submitted intent,SUCCESS,2026-02-08T10:35:00,{},"{""fps_id"": ""FPS-0323""}",e9c7a2ef7b0c587819d810397aa92ab2633dadec7bc7d624fc2617c0759186f9
AUD-0000095,2026-01,BEN-005939,BENEFICIARY,PREFERENCE_SUBMITTED,INTENT,INT-0005377,Beneficiary submitted intent,SUCCESS,2026-01-19T14:45:00,{},"{""fps_id"": ""FPS-0094""}",f0548fdccb4511ece1555488e0d932a847bdbe829ba502a568b8110447add4b4
AUD-0000096,2026-02,BEN-000396,BENEFICIARY,PREFERENCE_SUBMITTED,INTENT,INT-0007087,Beneficiary submitted intent,SUCCESS,2026-02-20T17:58:00,{},"{""fps_id"": ""FPS-0446""}",be24f98a5d02e873c7eb64494d0cd15474680071b5d3811ed1f05281c96bba00
AUD-0000097,2026-02,BEN-009316,BENEFICIARY,PREFERENCE_SUBMITTED,INTENT,INT-0007537,Beneficiary submitted intent,SUCCESS,2026-02-18T18:21:00,{},"{""fps_id"": ""FPS-0585""}",4530ab87cfa455f1fbbf60579c1f8572f08c7c88b201ec265d4ed88de1922e27
AUD-0000098,2026-02,BEN-004434,BENEFICIARY,PREFERENCE_SUBMITTED,INTENT,INT-0007502,Beneficiary submitted intent,SUCCESS,2026-02-12T10:30:00,{},"{""fps_id"": ""FPS-0493""}",3990af48f7624cc9bb0ecbfea71bd593bf53a195926d2d355be4d0af8b32620f
AUD-0000099,2026-01,BEN-005749,BENEFICIARY,PREFERENCE_SUBMITTED,INTENT,INT-0002064,Beneficiary submitted intent,SUCCESS,2026-01-15T09:55:00,{},"{""fps_id"": ""FPS-0305""}",ae06ede24a21e5d9c6190129141357691eb68791f5ee229a16550dcb95c2fcb4
AUD-0000100,2026-02,BEN-007010,BENEFICIARY,PREFERENCE_SUBMITTED,INTENT,INT-0008035,Beneficiary submitted intent,SUCCESS,2026-02-17T17:05:00,{},"{""fps_id"": ""FPS-0374""}",e43acc6c1077f97de4ebba798a34124bb4e86337729dbbed6ca1fcf78f6c8420
AUD-0000101,2026-02,BEN-004606,BENEFICIARY,PREFERENCE_SUBMITTED,INTENT,INT-0008751,Beneficiary submitted intent,SUCCESS,2026-02-08T12:16:00,{},"{""fps_id"": ""FPS-0217""}",16c0d397c785a84d7ef17a40d958e4f75df6460d95be7c0406c87a85ea2825fe
AUD-0000102,2026-02,BEN-003915,BENEFICIARY,PREFERENCE_SUBMITTED,INTENT,INT-0011417,Beneficiary submitted intent,SUCCESS,2026-02-13T15:32:00,{},"{""fps_id"": ""FPS-0068""}",fa8e740fc98d8c557ce23f9f00091defc8f08b24741b0862c12143a18b5b5c6f
AUD-0000103,2026-01,BEN-002012,BENEFICIARY,PREFERENCE_SUBMITTED,INTENT,INT-0003653,Beneficiary submitted intent,SUCCESS,2026-01-18T10:51:00,{},"{""fps_id"": ""FPS-0161""}",51f16a8da8b7809a2946147f5f876389d7328e5aa48044bbce516c6be31a206f
AUD-0000104,2026-02,BEN-002877,BENEFICIARY,PREFERENCE_SUBMITTED,INTENT,INT-0013211,Beneficiary submitted intent,SUCCESS,2026-02-10T09:36:00,{},"{""fps_id"": ""FPS-0278""}",231ab7625aacc9e3e6babfa39b122c067188025c2175ab0920d28c9e26b0d653
AUD-0000105,2026-01,BEN-006024,BENEFICIARY,PREFERENCE_SUBMITTED,INTENT,INT-0000144,Beneficiary submitted intent,SUCCESS,2026-01-08T08:57:00,{},"{""fps_id"": ""FPS-0331""}",d21bf9a2a54afda073e76c376d4daa60bc37dda3bc18a3013e28473b9c61f509
AUD-0000106,2026-02,BEN-009143,BENEFICIARY,PREFERENCE_SUBMITTED,INTENT,INT-0011156,Beneficiary submitted intent,SUCCESS,2026-02-16T17:23:00,{},"{""fps_id"": ""FPS-0395""}",9df6d51e845e3287eff49ed136ecc28da40a3faf860876bed673327899bfba84
AUD-0000107,2026-01,BEN-002017,BENEFICIARY,PREFERENCE_SUBMITTED,INTENT,INT-0006859,Beneficiary submitted intent,SUCCESS,2026-01-11T19:09:00,{},"{""fps_id"": ""FPS-0447""}",d06994dc8456e7eeaee5d3d756e620d1368fcf8c5f74be4fddfbbab000294c92
AUD-0000108,2026-01,BEN-007440,BENEFICIARY,PREFERENCE_SUBMITTED,INTENT,INT-0002742,Beneficiary submitted intent,SUCCESS,2026-01-05T16:58:00,{},"{""fps_id"": ""FPS-0254""}",c1d4c038bdbc35179e960144f5dcc7fab14961785c133b51862a286aee19fe69
AUD-0000109,2026-01,BEN-003388,BENEFICIARY,PREFERENCE_SUBMITTED,INTENT,INT-0002886,Beneficiary submitted intent,SUCCESS,2026-01-20T13:16:00,{},"{""fps_id"": ""FPS-0058""}",6ba647cd736c6585f1c59d4a77ba391fb04e8c9af7ddcd97a4619c368364888b
AUD-0000110,2026-02,BEN-007331,BENEFICIARY,PREFERENCE_SUBMITTED,INTENT,INT-0013992,Beneficiary submitted intent,SUCCESS,2026-02-19T13:28:00,{},"{""fps_id"": ""FPS-0003""}",d0f287b54e05ce73fbb7c2bef07721d3e12bd371ee3a2165a31571e232b77b71
AUD-0000111,2026-01,BEN-007232,BENEFICIARY,PREFERENCE_SUBMITTED,INTENT,INT-0006313,Beneficiary submitted intent,SUCCESS,2026-01-10T13:33:00,{},"{""fps_id"": ""FPS-0138""}",6cd8a9fd62588367985bbc1f2eb9a2172c5f384e30820e3d1c6fec3b6a2ce041
AUD-0000112,2026-01,BEN-001543,BENEFICIARY,PREFERENCE_SUBMITTED,INTENT,INT-0000413,Beneficiary submitted intent,SUCCESS,2026-01-19T08:19:00,{},"{""fps_id"": ""FPS-0103""}",acd344c96b6618e6dc65572b2fafe8955d74a9fffc82a6a27512f01bd0ac9fab
AUD-0000113,2026-01,BEN-002540,BENEFICIARY,PREFERENCE_SUBMITTED,INTENT,INT-0003634,Beneficiary submitted intent,SUCCESS,2026-01-06T10:22:00,{},"{""fps_id"": ""FPS-0262""}",e24ae80ec7b349ad2ae3c746b2a9fa839f161333c40cd4335ccb9af3625cf94f
AUD-0000114,2026-02,BEN-002762,BENEFICIARY,PREFERENCE_SUBMITTED,INTENT,INT-0011198,Beneficiary submitted intent,SUCCESS,2026-02-11T14:21:00,{},"{""fps_id"": ""FPS-0055""}",fec6196d568e5fc12b6843866895c452d1debf0469526e7e8640bd4392d12375
AUD-0000115,2026-02,BEN-008370,BENEFICIARY,PREFERENCE_SUBMITTED,INTENT,INT-0013837,Beneficiary submitted intent,SUCCESS,2026-02-20T12:53:00,{},"{""fps_id"": ""FPS-0465""}",5b2249c8d76eaa9933df29ff7ca8ac23af1bf83eef3b4aee6fb3244f86bbc0e3
AUD-0000116,2026-01,BEN-000110,BENEFICIARY,PREFERENCE_SUBMITTED,INTENT,INT-0002312,Beneficiary submitted intent,SUCCESS,2026-01-19T16:04:00,{},"{""fps_id"": ""FPS-0437""}",c131e816dac73b1c37e2a9b0b5106ea8e20253bb20a7628a86c0241903b85913
AUD-0000117,2026-01,BEN-000705,BENEFICIARY,PREFERENCE_SUBMITTED,INTENT,INT-0004793,Beneficiary submitted intent,SUCCESS,2026-01-13T17:59:00,{},"{""fps_id"": ""FPS-0392""}",31f3d41fab71a361ccddac3e00a1ba94df0170774126fa2b30678d561804399d
AUD-0000118,2026-02,BEN-000237,BENEFICIARY,PREFERENCE_SUBMITTED,INTENT,INT-0013239,Beneficiary submitted intent,SUCCESS,2026-02-06T12:27:00,{},"{""fps_id"": ""FPS-0297""}",d180e626510347349eada263e69a279e66a1e523cda40fc757b171c85af01891
AUD-0000119,2026-01,BEN-008627,BENEFICIARY,PREFERENCE_SUBMITTED,INTENT,INT-0006153,Beneficiary submitted intent,SUCCESS,2026-01-18T16:16:00,{},"{""fps_id"": ""FPS-0085""}",fe184be1b4103cb547aa495bd802df8c7dfeb4c69e5309b19c173dbc932e9439
AUD-0000120,2026-02,BEN-008595,BENEFICIARY,PREFERENCE_SUBMITTED,INTENT,INT-0010269,Beneficiary submitted intent,SUCCESS,2026-02-18T15:56:00,{},"{""fps_id"": ""FPS-0275""}",47afc943fc366f970a0330522dbcfdbbada561b6b2d788f5632a5f0e02e20376
AUD-0000121,2026-01,BEN-009833,BENEFICIARY,PREFERENCE_SUBMITTED,INTENT,INT-0005074,Beneficiary submitted intent,SUCCESS,2026-01-16T08:58:00,{},"{""fps_id"": ""FPS-0497""}",bd5afe86a6fe4dd1c0d061c26a9735bd1b30fd833f6792cc089ad972de1695a8
AUD-0000122,2026-02,BEN-008684,BENEFICIARY,PREFERENCE_SUBMITTED,INTENT,INT-0012783,Beneficiary submitted intent,SUCCESS,2026-02-18T12:54:00,{},"{""fps_id"": ""FPS-0077""}",06b7af0381b03e62207509c7d8476d5b552ea82fe58f6bae92c4be5a205c75c4
AUD-0000123,2026-01,BEN-001870,BENEFICIARY,PREFERENCE_SUBMITTED,INTENT,INT-0004315,Beneficiary submitted intent,SUCCESS,2026-01-17T14:35:00,{},"{""fps_id"": ""FPS-0394""}",0129b6f3b9b9dbf56d9e11ef92dcfba49771026bc1bee4a8649889f9c8340b8e
AUD-0000124,2026-01,BEN-006850,BENEFICIARY,PREFERENCE_SUBMITTED,INTENT,INT-0002233,Beneficiary submitted intent,SUCCESS,2026-01-09T12:28:00,{},"{""fps_id"": ""FPS-0444""}",0e1a8dde4068b6496a128d018baedd2e9af152022e40b32d05c6057d58744d8f
AUD-0000125,2026-01,BEN-004830,BENEFICIARY,PREFERENCE_SUBMITTED,INTENT,INT-0005773,Beneficiary submitted intent,SUCCESS,2026-01-11T15:05:00,{},"{""fps_id"": ""FPS-0319""}",7fa718b45beed13822232df8cab14030edb44061632f37c801122a7e31db13ee
AUD-0000126,2026-02,BEN-006194,BENEFICIARY,PREFERENCE_SUBMITTED,INTENT,INT-0012680,Beneficiary submitted intent,SUCCESS,2026-02-15T19:13:00,{},"{""fps_id"": ""FPS-0167""}",199581b52cc71d87a906e4eb8acbe111de1c3805a5040915800f06f21769b4fe
AUD-0000127,2026-01,BEN-002789,BENEFICIARY,PREFERENCE_SUBMITTED,INTENT,INT-0005260,Beneficiary submitted intent,SUCCESS,2026-01-12T16:14:00,{},"{""fps_id"": ""FPS-0572""}",a0019060e26e1901217f00fb380548a65264f5ae23b63b12cbf7dad10eddf014
AUD-0000128,2026-02,BEN-003594,BENEFICIARY,PREFERENCE_SUBMITTED,INTENT,INT-0010747,Beneficiary submitted intent,SUCCESS,2026-02-06T13:53:00,{},"{""fps_id"": ""FPS-0393""}",e8fa8f3c3a1623b824fc43569a0c262285304aaf12d3f28fb9720a71ee725d1e
AUD-0000129,2026-01,BEN-002657,BENEFICIARY,PREFERENCE_SUBMITTED,INTENT,INT-0002438,Beneficiary submitted intent,SUCCESS,2026-01-17T11:15:00,{},"{""fps_id"": ""FPS-0171""}",81a3487066a7d2b197661a8c320b77cc1f3d896598212352486c6c284ce383e1
AUD-0000130,2026-02,BEN-009468,BENEFICIARY,PREFERENCE_SUBMITTED,INTENT,INT-0009012,Beneficiary submitted intent,SUCCESS,2026-02-16T19:26:00,{},"{""fps_id"": ""FPS-0280""}",139492a0d10902a758e9afd1ff98b6c6cb8a775e8f020f81015d29d57c5b4e5d
AUD-0000131,2026-01,BEN-007761,BENEFICIARY,PREFERENCE_SUBMITTED,INTENT,INT-0004086,Beneficiary submitted intent,SUCCESS,2026-01-12T15:42:00,{},"{""fps_id"": ""FPS-0461""}",f7489bf797ec109687d88ab0bcdbdf0c53695d9f98de2343368196f55ff2f829
AUD-0000132,2026-02,BEN-001742,BENEFICIARY,PREFERENCE_SUBMITTED,INTENT,INT-0008759,Beneficiary submitted intent,SUCCESS,2026-02-16T09:07:00,{},"{""fps_id"": ""FPS-0398""}",5938d9be527f067e56c5e5326975ee7ef85f7c7fbf60642222f0b2f9c043c3ee
AUD-0000133,2026-02,BEN-005413,BENEFICIARY,PREFERENCE_SUBMITTED,INTENT,INT-0011224,Beneficiary submitted intent,SUCCESS,2026-02-06T16:37:00,{},"{""fps_id"": ""FPS-0096""}",ba3433e8d2dacd33694407b5b8a58951e0288d366ae84f8b4b08011578c89ddb
AUD-0000134,2026-01,BEN-008217,BENEFICIARY,PREFERENCE_SUBMITTED,INTENT,INT-0002488,Beneficiary submitted intent,SUCCESS,2026-01-16T19:03:00,{},"{""fps_id"": ""FPS-0173""}",94d9a7c4e4f372c042e9d60623f0d6889ac0338fbc958b5394041e4b89f48e73
AUD-0000135,2026-02,BEN-002355,BENEFICIARY,PREFERENCE_SUBMITTED,INTENT,INT-0007703,Beneficiary submitted intent,SUCCESS,2026-02-19T14:04:00,{},"{""fps_id"": ""FPS-0464""}",08291f5d73e3564d913fab30931ba5a93ccd1b8d10fe2ef13c71543e2d4de898
AUD-0000136,2026-01,BEN-004628,BENEFICIARY,PREFERENCE_SUBMITTED,INTENT,INT-0005205,Beneficiary submitted intent,SUCCESS,2026-01-05T12:16:00,{},"{""fps_id"": ""FPS-0092""}",138aa390f23b70b4e5c3aa6a910353a4b685fc1dad30b2dd3f044a4b809759d0
AUD-0000137,2026-02,BEN-001097,BENEFICIARY,PREFERENCE_SUBMITTED,INTENT,INT-0013464,Beneficiary submitted intent,SUCCESS,2026-02-18T15:53:00,{},"{""fps_id"": ""FPS-0348""}",b5ee9b8d176f1fe90d674c2100f1670e94963ba2ab12261a4f422b4660a575e0
AUD-0000138,2026-02,BEN-005509,BENEFICIARY,PREFERENCE_SUBMITTED,INTENT,INT-0007618,Beneficiary submitted intent,SUCCESS,2026-02-10T18:49:00,{},"{""fps_id"": ""FPS-0247""}",5cbab61897f302d4e3ec5d7e5b17363aefa4aa97d56eada759069f772dad23d5
AUD-0000139,2026-02,BEN-009989,BENEFICIARY,PREFERENCE_SUBMITTED,INTENT,INT-0007759,Beneficiary submitted intent,SUCCESS,2026-02-06T08:13:00,{},"{""fps_id"": ""FPS-0501""}",df09afb203d9f4531c86b480af619853739cc07df7ed52315ed44f8defabb6c0
AUD-0000140,2026-01,BEN-001761,BENEFICIARY,PREFERENCE_SUBMITTED,INTENT,INT-0003370,Beneficiary submitted intent,SUCCESS,2026-01-20T17:31:00,{},"{""fps_id"": ""FPS-0291""}",702c26d7848ad717a6be1eef4a43bac7a41396089937fa93e967a6280c04ab7c
AUD-0000141,2026-02,BEN-005903,BENEFICIARY,PREFERENCE_SUBMITTED,INTENT,INT-0013146,Beneficiary submitted intent,SUCCESS,2026-02-10T14:14:00,{},"{""fps_id"": ""FPS-0470""}",790f3e669a638e0f53d0b697048ca3471e3a049115ffec4a503a41b4e07eff19
AUD-0000142,2026-02,BEN-002846,BENEFICIARY,PREFERENCE_SUBMITTED,INTENT,INT-0010612,Beneficiary submitted intent,SUCCESS,2026-02-19T09:19:00,{},"{""fps_id"": ""FPS-0287""}",bb27f4c217ecd60e731c34b40963e3931355a38020d80c3978112e25c5dbc1ff
AUD-0000143,2026-02,BEN-002143,BENEFICIARY,PREFERENCE_SUBMITTED,INTENT,INT-0013982,Beneficiary submitted intent,SUCCESS,2026-02-10T12:31:00,{},"{""fps_id"": ""FPS-0297""}",1e49cd13373b61d02029c95f0b78e52b8458bc8357779af8ff9acf26e6b08b3c
AUD-0000144,2026-01,BEN-005745,BENEFICIARY,PREFERENCE_SUBMITTED,INTENT,INT-0004538,Beneficiary submitted intent,SUCCESS,2026-01-11T15:16:00,{},"{""fps_id"": ""FPS-0434""}",7d816ef2bd4e4e3047c7e40c0f04e130538e2dd63cbf248133d9ed686715cbea
AUD-0000145,2026-02,BEN-006529,BENEFICIARY,PREFERENCE_SUBMITTED,INTENT,INT-0007413,Beneficiary submitted intent,SUCCESS,2026-02-08T10:00:00,{},"{""fps_id"": ""FPS-0207""}",b13876675cfe3e45d62ad080d917c3f53ec987850679ddf489d6ff7d7f130a87
AUD-0000146,2026-01,BEN-003922,BENEFICIARY,PREFERENCE_SUBMITTED,INTENT,INT-0004558,Beneficiary submitted intent,SUCCESS,2026-01-10T11:26:00,{},"{""fps_id"": ""FPS-0155""}",fdc6000f7577050d721b5ba6b10ba2c4fd28ee4bc149e27e2d5cf1efe815c566
AUD-0000147,2026-01,BEN-008041,BENEFICIARY,PREFERENCE_SUBMITTED,INTENT,INT-0001059,Beneficiary submitted intent,SUCCESS,2026-01-14T17:06:00,{},"{""fps_id"": ""FPS-0430""}",4926bef19238c31518eefbcf26b9f976cbb58b7d9fb22028bbe69d72aca3d059
AUD-0000148,2026-02,BEN-005225,BENEFICIARY,PREFERENCE_SUBMITTED,INTENT,INT-0007908,Beneficiary submitted intent,SUCCESS,2026-02-17T13:17:00,{},"{""fps_id"": ""FPS-0329""}",eba93dea28b5cc641f762d04280dedb0cccd4be4ec7f6a4934bd0ca49b89f86a
AUD-0000149,2026-01,BEN-005046,BENEFICIARY,PREFERENCE_SUBMITTED,INTENT,INT-0004529,Beneficiary submitted intent,SUCCESS,2026-01-11T19:58:00,{},"{""fps_id"": ""FPS-0057""}",53c8429042a37bab82c58de61ace4d04de20957ae9f7812f87a5c36c27cbf01f
AUD-0000150,2026-01,BEN-006302,BENEFICIARY,PREFERENCE_SUBMITTED,INTENT,INT-0004115,Beneficiary submitted intent,SUCCESS,2026-01-20T11:23:00,{},"{""fps_id"": ""FPS-0588""}",3cfcf28059b4a1f622242e01bd0f6c0cc4b63494e5bb8acdc066a65aea9e1f31
AUD-0000151,2026-02,BEN-005322,BENEFICIARY,PREFERENCE_SUBMITTED,INTENT,INT-0010128,Beneficiary submitted intent,SUCCESS,2026-02-11T14:17:00,{},"{""fps_id"": ""FPS-0219""}",0169bb235bd54a11df433a857d0faa4293f4782477bd5a0a198c663a47d7d313
AUD-0000152,2026-01,BEN-006999,BENEFICIARY,PREFERENCE_SUBMITTED,INTENT,INT-0002927,Beneficiary submitted intent,SUCCESS,2026-01-17T08:36:00,{},"{""fps_id"": ""FPS-0203""}",2dfb50439827b46f36535037ecc97273addacd4cb54f5c382bfb761b150759c3
AUD-0000153,2026-02,BEN-007531,BENEFICIARY,PREFERENCE_SUBMITTED,INTENT,INT-0010351,Beneficiary submitted intent,SUCCESS,2026-02-20T14:57:00,{},"{""fps_id"": ""FPS-0068""}",e618aeaf0343118b697e4518696df334e7425cfe719c86ac7312e7b862d5706e
AUD-0000154,2026-01,BEN-008371,BENEFICIARY,PREFERENCE_SUBMITTED,INTENT,INT-0003633,Beneficiary submitted intent,SUCCESS,2026-01-12T19:33:00,{},"{""fps_id"": ""FPS-0422""}",e2dbfe005262076228c6501727c0ee83db8f1618ca23742af90c9c919c29d4ea
AUD-0000155,2026-02,BEN-003386,BENEFICIARY,PREFERENCE_SUBMITTED,INTENT,INT-0010754,Beneficiary submitted intent,SUCCESS,2026-02-09T10:27:00,{},"{""fps_id"": ""FPS-0486""}",294cae2d79315a0721f91aa48ddef3a0552884b41370469c7fc9b04616ef052b
AUD-0000156,2026-02,BEN-006009,BENEFICIARY,PREFERENCE_SUBMITTED,INTENT,INT-0013061,Beneficiary submitted intent,SUCCESS,2026-02-20T13:48:00,{},"{""fps_id"": ""FPS-0379""}",c7f811c71039fe8cbb657af0ed89797fa02bc99c6048eb6f16498f008ffe1a43
AUD-0000157,2026-01,BEN-007937,BENEFICIARY,PREFERENCE_SUBMITTED,INTENT,INT-0004379,Beneficiary submitted intent,SUCCESS,2026-01-05T16:10:00,{},"{""fps_id"": ""FPS-0454""}",d8729dd890cb18e54a89d594f170726ed57affe031218838af8727fa84482af8
AUD-0000158,2026-01,BEN-003573,BENEFICIARY,PREFERENCE_SUBMITTED,INTENT,INT-0006704,Beneficiary submitted intent,SUCCESS,2026-01-12T16:31:00,{},"{""fps_id"": ""FPS-0151""}",c9ac1cd2169dc46535d72b5b6d2bfa60aba3531490fb180f5ee49e4c374b9f1d
AUD-0000159,2026-01,BEN-000752,BENEFICIARY,PREFERENCE_SUBMITTED,INTENT,INT-0004974,Beneficiary submitted intent,SUCCESS,2026-01-16T16:57:00,{},"{""fps_id"": ""FPS-0164""}",77941f8c39aae3ba804cbd66472064002e16b2f73352659091554890aee3dd3a
AUD-0000160,2026-02,BEN-009901,BENEFICIARY,PREFERENCE_SUBMITTED,INTENT,INT-0013607,Beneficiary submitted intent,SUCCESS,2026-02-06T14:04:00,{},"{""fps_id"": ""FPS-0074""}",d9b2da1cf181ae5bf99cf26f801f5c03a954cc6509f30db1e8d80cf62fb904d4
AUD-0000161,2026-02,BEN-001743,BENEFICIARY,PREFERENCE_SUBMITTED,INTENT,INT-0007987,Beneficiary submitted intent,SUCCESS,2026-02-18T13:04:00,{},"{""fps_id"": ""FPS-0390""}",9471c6a4b9922709f3a7575e1fdd92fb5a31aab5cc21fc135962b2d8052ed0f8
AUD-0000162,2026-02,BEN-007820,BENEFICIARY,PREFERENCE_SUBMITTED,INTENT,INT-0010119,Beneficiary submitted intent,SUCCESS,2026-02-14T08:16:00,{},"{""fps_id"": ""FPS-0183""}",f98e0686326fe066c3d183fbed270f4130c77055bfd92ac62059e28f07fa3ced
AUD-0000163,2026-02,BEN-005420,BENEFICIARY,PREFERENCE_SUBMITTED,INTENT,INT-0010548,Beneficiary submitted intent,SUCCESS,2026-02-08T18:01:00,{},"{""fps_id"": ""FPS-0333""}",5a302e54fd74ef0eb9c5ee3bb86a69fa560da56b3752c89209fa4c5c45f59670
AUD-0000164,2026-01,BEN-003899,BENEFICIARY,PREFERENCE_SUBMITTED,INTENT,INT-0006035,Beneficiary submitted intent,SUCCESS,2026-01-08T11:02:00,{},"{""fps_id"": ""FPS-0276""}",e060bcfdf69bf4100e7320c4f178a20e893571d986e51b239ed638cda8616a7d
AUD-0000165,2026-01,BEN-002620,BENEFICIARY,PREFERENCE_SUBMITTED,INTENT,INT-0000111,Beneficiary submitted intent,SUCCESS,2026-01-20T11:45:00,{},"{""fps_id"": ""FPS-0499""}",a1a6f64f44c4539a4ec2b258dc9509c6a3c5ac6322fe01836b5c6897fb7d6664
AUD-0000166,2026-01,BEN-009604,BENEFICIARY,PREFERENCE_SUBMITTED,INTENT,INT-0002105,Beneficiary submitted intent,SUCCESS,2026-01-20T17:31:00,{},"{""fps_id"": ""FPS-0473""}",f1b8b8da2f1851a7f8b3dbf3be226fc3b61f80a8c1f7fbc6ad076e829abbbde4
AUD-0000167,2026-01,BEN-003038,BENEFICIARY,PREFERENCE_SUBMITTED,INTENT,INT-0001887,Beneficiary submitted intent,SUCCESS,2026-01-13T17:45:00,{},"{""fps_id"": ""FPS-0128""}",4c0651f1e554a7ada0f938eb4759ddf2fff6543c8e4d92e918eb9c24467d39d2
AUD-0000168,2026-02,BEN-007929,BENEFICIARY,PREFERENCE_SUBMITTED,INTENT,INT-0009935,Beneficiary submitted intent,SUCCESS,2026-02-05T16:31:00,{},"{""fps_id"": ""FPS-0298""}",790072cb9f8ebdd6b7cd9b610a68a614c49dc85d0785c2c1d952c8ed8d2f4768
AUD-0000169,2026-02,BEN-009771,BENEFICIARY,PREFERENCE_SUBMITTED,INTENT,INT-0012717,Beneficiary submitted intent,SUCCESS,2026-02-08T19:44:00,{},"{""fps_id"": ""FPS-0470""}",17ea6b962ff94242a75c3d883239c4a3a596f2c8e1d7fd36c4bb821c43c7505c
AUD-0000170,2026-02,BEN-000765,BENEFICIARY,PREFERENCE_SUBMITTED,INTENT,INT-0011713,Beneficiary submitted intent,SUCCESS,2026-02-07T17:04:00,{},"{""fps_id"": ""FPS-0459""}",62598cb5b4fd967489973621ded9406cef501d1683eca34718679155719495ba
AUD-0000171,2026-01,BEN-005024,BENEFICIARY,PREFERENCE_SUBMITTED,INTENT,INT-0001296,Beneficiary submitted intent,SUCCESS,2026-01-12T15:59:00,{},"{""fps_id"": ""FPS-0221""}",f88b30c4bca6dd88d2ddbea29f04065f183ac5f1b343cfb29ce2ae872c309eb9
AUD-0000172,2026-01,BEN-001120,BENEFICIARY,PREFERENCE_SUBMITTED,INTENT,INT-0006402,Beneficiary submitted intent,SUCCESS,2026-01-13T12:34:00,{},"{""fps_id"": ""FPS-0257""}",b6d331fbe2278f8c9b9197ed385c2495cd35b2f3f0979c8f22d8aabb88dbf656
AUD-0000173,2026-02,BEN-000529,BENEFICIARY,PREFERENCE_SUBMITTED,INTENT,INT-0007879,Beneficiary submitted intent,SUCCESS,2026-02-05T18:51:00,{},"{""fps_id"": ""FPS-0518""}",e66fcd6ecde9bf0caa0e4967452176ad6786811fd6cf75ead3434c6d5801b3ea
AUD-0000174,2026-02,BEN-000994,BENEFICIARY,PREFERENCE_SUBMITTED,INTENT,INT-0008298,Beneficiary submitted intent,SUCCESS,2026-02-11T13:23:00,{},"{""fps_id"": ""FPS-0021""}",afde3efbb5fb366a63e7aa34c2d51254dfedcbae11fb196024131fde7f4a117f
AUD-0000175,2026-02,BEN-008338,BENEFICIARY,PREFERENCE_SUBMITTED,INTENT,INT-0011335,Beneficiary submitted intent,SUCCESS,2026-02-13T16:46:00,{},"{""fps_id"": ""FPS-0324""}",438b6aa3d3827d15d9494845bedf49da34c7c7a6c0282b28871f6d6f5dcbafe7
AUD-0000176,2026-02,BEN-009206,BENEFICIARY,PREFERENCE_SUBMITTED,INTENT,INT-0012008,Beneficiary submitted intent,SUCCESS,2026-02-10T14:24:00,{},"{""fps_id"": ""FPS-0502""}",3beb66d77c506b5232e08e60cade518eb4ccb375544cd1e90869993a48c7d478
AUD-0000177,2026-02,BEN-008881,BENEFICIARY,PREFERENCE_SUBMITTED,INTENT,INT-0007627,Beneficiary submitted intent,SUCCESS,2026-02-06T17:00:00,{},"{""fps_id"": ""FPS-0017""}",831b7654051636f5681920d2ef29e87943a53d7708914343bdf2422c6164004d
AUD-0000178,2026-01,BEN-009170,BENEFICIARY,PREFERENCE_SUBMITTED,INTENT,INT-0006450,Beneficiary submitted intent,SUCCESS,2026-01-19T11:43:00,{},"{""fps_id"": ""FPS-0598""}",91d5b5f5e74e7968c4b113fccaf2165a0f47c426da2debad2752ab3b6a68d364
AUD-0000179,2026-01,BEN-006198,BENEFICIARY,PREFERENCE_SUBMITTED,INTENT,INT-0002354,Beneficiary submitted intent,SUCCESS,2026-01-19T16:34:00,{},"{""fps_id"": ""FPS-0048""}",10d4b18ed2a3fe858161c8e1471c9402035b7bd2b06df0ae8296a440bacc0004
AUD-0000180,2026-01,BEN-008054,BENEFICIARY,PREFERENCE_SUBMITTED,INTENT,INT-0003315,Beneficiary submitted intent,SUCCESS,2026-01-15T18:26:00,{},"{""fps_id"": ""FPS-0296""}",966cf09f73e8d432c3f00272b4c26e5c1a345d53481f782519312c7a274a15b8
AUD-0000181,2026-01,BEN-004834,BENEFICIARY,PREFERENCE_SUBMITTED,INTENT,INT-0006975,Beneficiary submitted intent,SUCCESS,2026-01-06T12:05:00,{},"{""fps_id"": ""FPS-0339""}",02f4309e6b292e0aa4702a2f7bc0140946e1d0a0dd85bdab62a492b0e782cbcb
AUD-0000182,2026-01,BEN-005266,BENEFICIARY,PREFERENCE_SUBMITTED,INTENT,INT-0003246,Beneficiary submitted intent,SUCCESS,2026-01-14T16:11:00,{},"{""fps_id"": ""FPS-0464""}",8c0d15cbc84b16b4ba5b85df71d50a9f12b21ec0c260aee3fd260dffe3ba4f6f
AUD-0000183,2026-01,BEN-001722,BENEFICIARY,PREFERENCE_SUBMITTED,INTENT,INT-0003675,Beneficiary submitted intent,SUCCESS,2026-01-11T10:40:00,{},"{""fps_id"": ""FPS-0235""}",5d537eb22236df77838df08acfc61645ca2471afa64500cff957af1498af5707
AUD-0000184,2026-02,BEN-001467,BENEFICIARY,PREFERENCE_SUBMITTED,INTENT,INT-0009463,Beneficiary submitted intent,SUCCESS,2026-02-11T16:49:00,{},"{""fps_id"": ""FPS-0481""}",3023a1cc99dfa179ef998a8556cbb687bf1eb76e6cbc6c4c203333d3ab9133fd
AUD-0000185,2026-02,BEN-002718,BENEFICIARY,PREFERENCE_SUBMITTED,INTENT,INT-0009418,Beneficiary submitted intent,SUCCESS,2026-02-15T16:27:00,{},"{""fps_id"": ""FPS-0098""}",29607f85ae20eee38b862b9c7a5126a4bacd5f097e08a8c2c95f0ef1f227fdea
AUD-0000186,2026-02,BEN-008655,BENEFICIARY,PREFERENCE_SUBMITTED,INTENT,INT-0012058,Beneficiary submitted intent,SUCCESS,2026-02-17T11:15:00,{},"{""fps_id"": ""FPS-0119""}",abdd6e7bfaac244ef1f0444864aabde938d7bb4f2f8e614636788b8ee7d7672c
AUD-0000187,2026-01,BEN-004343,BENEFICIARY,PREFERENCE_SUBMITTED,INTENT,INT-0000846,Beneficiary submitted intent,SUCCESS,2026-01-07T10:32:00,{},"{""fps_id"": ""FPS-0376""}",d971e8b8e6d9f14035fd49ff083dc9c3b5c194cde71a12f1c1307f62bb6927a6
AUD-0000188,2026-02,BEN-006248,BENEFICIARY,PREFERENCE_SUBMITTED,INTENT,INT-0008027,Beneficiary submitted intent,SUCCESS,2026-02-07T13:06:00,{},"{""fps_id"": ""FPS-0162""}",dbb32adad64e0aaa3b430f9e35eb88ab341cf1534110b91451e27eaee58120d9
AUD-0000189,2026-01,BEN-000360,BENEFICIARY,PREFERENCE_SUBMITTED,INTENT,INT-0002590,Beneficiary submitted intent,SUCCESS,2026-01-18T12:02:00,{},"{""fps_id"": ""FPS-0183""}",371cdccc67133adcb25e52d07371856d8dda711f572e2c473846d1a5fceda2a4
AUD-0000190,2026-02,BEN-001278,BENEFICIARY,PREFERENCE_SUBMITTED,INTENT,INT-0008261,Beneficiary submitted intent,SUCCESS,2026-02-06T13:54:00,{},"{""fps_id"": ""FPS-0351""}",12f65407f9a55e8bee81fd5c3e91276779e3768a43639b18b6ff500b6752a5c9
AUD-0000191,2026-01,BEN-008728,BENEFICIARY,PREFERENCE_SUBMITTED,INTENT,INT-0006491,Beneficiary submitted intent,SUCCESS,2026-01-18T10:23:00,{},"{""fps_id"": ""FPS-0317""}",2ed6d7587b5a0bc20f22808d1554d1f0ec101ba10cc5e70794572f0df8698407
AUD-0000192,2026-01,BEN-001523,BENEFICIARY,PREFERENCE_SUBMITTED,INTENT,INT-0002449,Beneficiary submitted intent,SUCCESS,2026-01-08T12:48:00,{},"{""fps_id"": ""FPS-0037""}",69b797d8dd290a9a844a78d17e1b9fa0ee4c98989ad38a6b4b9a8634ea00f9ff
AUD-0000193,2026-02,BEN-002334,BENEFICIARY,PREFERENCE_SUBMITTED,INTENT,INT-0012979,Beneficiary submitted intent,SUCCESS,2026-02-05T19:44:00,{},"{""fps_id"": ""FPS-0097""}",8cb7360c85e17709389c783e31c333005b1a757caabfe8f15440a203a33f4de7
AUD-0000194,2026-01,BEN-004567,BENEFICIARY,PREFERENCE_SUBMITTED,INTENT,INT-0000266,Beneficiary submitted intent,SUCCESS,2026-01-09T08:56:00,{},"{""fps_id"": ""FPS-0463""}",31ed50c130fcdc528fc6293fcab1a488db84fd899286189ec110381ca1b515eb
AUD-0000195,2026-01,BEN-000347,BENEFICIARY,PREFERENCE_SUBMITTED,INTENT,INT-0001708,Beneficiary submitted intent,SUCCESS,2026-01-17T10:19:00,{},"{""fps_id"": ""FPS-0321""}",871917def056082ceee3a4dad970af3efbc467650b62dce6166fae73477008a2
AUD-0000196,2026-02,BEN-008327,BENEFICIARY,PREFERENCE_SUBMITTED,INTENT,INT-0013529,Beneficiary submitted intent,SUCCESS,2026-02-18T18:47:00,{},"{""fps_id"": ""FPS-0562""}",34dc105b7afb7007825cd57a21c24bf7ea0b0d66bc852a29e29325a53e38ec1c
AUD-0000197,2026-02,BEN-003481,BENEFICIARY,PREFERENCE_SUBMITTED,INTENT,INT-0013285,Beneficiary submitted intent,SUCCESS,2026-02-10T16:38:00,{},"{""fps_id"": ""FPS-0577""}",c7621da366f54b657c5fb55ab04ff97fa6ad3dae3c000e93b06e2b603761ebf9
AUD-0000198,2026-02,BEN-005282,BENEFICIARY,PREFERENCE_SUBMITTED,INTENT,INT-0007681,Beneficiary submitted intent,SUCCESS,2026-02-09T11:27:00,{},"{""fps_id"": ""FPS-0414""}",30a971d258a76c091493c0d8c31923a57628f87d909cd05cdb478ccc2444cec5
AUD-0000199,2026-02,BEN-000573,BENEFICIARY,PREFERENCE_SUBMITTED,INTENT,INT-0011978,Beneficiary submitted intent,SUCCESS,2026-02-06T19:21:00,{},"{""fps_id"": ""FPS-0507""}",beeececafaf5a3315706699cacdd9707008a0c821125e5db92a3e3366ef0f704
AUD-0000200,2026-01,BEN-003362,BENEFICIARY,PREFERENCE_SUBMITTED,INTENT,INT-0004551,Beneficiary submitted intent,SUCCESS,2026-01-09T10:16:00,{},"{""fps_id"": ""FPS-0046""}",cf3af04842bcdcd9c7777c4b6ecffdff21f81955464afc3db7d5d354b9961f8e
AUD-0000201,2026-02,BEN-004443,BENEFICIARY,PREFERENCE_SUBMITTED,INTENT,INT-0007204,Beneficiary submitted intent,SUCCESS,2026-02-06T18:46:00,{},"{""fps_id"": ""FPS-0500""}",e4b2eb228bf0f137f467f6db33a0204a62e775b6134375e405ac3f72ba96701f
AUD-0000202,2026-01,BEN-005892,BENEFICIARY,PREFERENCE_SUBMITTED,INTENT,INT-0006635,Beneficiary submitted intent,SUCCESS,2026-01-18T18:35:00,{},"{""fps_id"": ""FPS-0220""}",048b42cb40d4f97213132e14e2b2705fd7056c0f16cc14792ec6e000be05f743
AUD-0000203,2026-01,BEN-009241,BENEFICIARY,PREFERENCE_SUBMITTED,INTENT,INT-0000701,Beneficiary submitted intent,SUCCESS,2026-01-13T18:10:00,{},"{""fps_id"": ""FPS-0095""}",93ddd1331fbf9e7490dcace07587dd2628280ef659a4611a0c701b0fcd3e0069
AUD-0000204,2026-02,BEN-004908,BENEFICIARY,PREFERENCE_SUBMITTED,INTENT,INT-0011750,Beneficiary submitted intent,SUCCESS,2026-02-20T18:58:00,{},"{""fps_id"": ""FPS-0497""}",4492ccb097615c18774eaedc323e55ea6377c6c52301e4375f465e1a8c8a6f0e
AUD-0000205,2026-02,BEN-004657,BENEFICIARY,PREFERENCE_SUBMITTED,INTENT,INT-0010626,Beneficiary submitted intent,SUCCESS,2026-02-08T09:34:00,{},"{""fps_id"": ""FPS-0228""}",fe5cd0bb6820e812526b51b302ffffb0d6408db53b80d19f430671c7720043ef
AUD-0000206,2026-02,BEN-005480,BENEFICIARY,PREFERENCE_SUBMITTED,INTENT,INT-0013732,Beneficiary submitted intent,SUCCESS,2026-02-10T08:37:00,{},"{""fps_id"": ""FPS-0529""}",ac07546421cba2d9e53b5745554afc7ac9e47dd0b7c809b2ec668209597f9361
AUD-0000207,2026-02,BEN-000932,BENEFICIARY,PREFERENCE_SUBMITTED,INTENT,INT-0009884,Beneficiary submitted intent,SUCCESS,2026-02-05T18:06:00,{},"{""fps_id"": ""FPS-0578""}",2de83253a8b161e3689a20f2074c510b655d16719f71844a7376fbaa15fbb5b8
AUD-0000208,2026-01,BEN-006859,BENEFICIARY,PREFERENCE_SUBMITTED,INTENT,INT-0003597,Beneficiary submitted intent,SUCCESS,2026-01-05T11:12:00,{},"{""fps_id"": ""FPS-0142""}",e4070fb587280843c19ae86de22d4bdba347a391f8438f8f3047c0a4b4505497
AUD-0000209,2026-02,BEN-000219,BENEFICIARY,PREFERENCE_SUBMITTED,INTENT,INT-0010086,Beneficiary submitted intent,SUCCESS,2026-02-19T10:51:00,{},"{""fps_id"": ""FPS-0198""}",3dc95a4adef5d1663a15fcfb2da28d9102e3f307eb09e580b11b9b1f13916f2d
AUD-0000210,2026-01,BEN-003926,BENEFICIARY,PREFERENCE_SUBMITTED,INTENT,INT-0003947,Beneficiary submitted intent,SUCCESS,2026-01-18T16:55:00,{},"{""fps_id"": ""FPS-0389""}",2db0956e58b4a7edfbc90760844540225b25b5b0b250a8fa9c9400d9f75fd323
AUD-0000211,2026-01,BEN-005127,BENEFICIARY,PREFERENCE_SUBMITTED,INTENT,INT-0002322,Beneficiary submitted intent,SUCCESS,2026-01-07T19:30:00,{},"{""fps_id"": ""FPS-0468""}",36adb53eef18acf217a4c7a293e5a899aa836ef413479c8f7ffcec875c870e2a
AUD-0000212,2026-02,BEN-001645,BENEFICIARY,PREFERENCE_SUBMITTED,INTENT,INT-0007144,Beneficiary submitted intent,SUCCESS,2026-02-12T12:52:00,{},"{""fps_id"": ""FPS-0348""}",b583cf196db5e85a8c2abf5bd396d17df870d4fc4f08ed970cdca09d02e5c3d6
AUD-0000213,2026-02,BEN-008770,BENEFICIARY,PREFERENCE_SUBMITTED,INTENT,INT-0013984,Beneficiary submitted intent,SUCCESS,2026-02-10T18:30:00,{},"{""fps_id"": ""FPS-0266""}",090dccfc8507b2cf0cba237178f76d3d5e575192876011db46a1e41a5d09695b
AUD-0000214,2026-01,BEN-001532,BENEFICIARY,PREFERENCE_SUBMITTED,INTENT,INT-0003077,Beneficiary submitted intent,SUCCESS,2026-01-20T17:25:00,{},"{""fps_id"": ""FPS-0349""}",230f87c3cbfbf86e337c57314e394b0cfb9f1a887d44ad66898bfd8568b2b359
AUD-0000215,2026-01,BEN-001920,BENEFICIARY,PREFERENCE_SUBMITTED,INTENT,INT-0001497,Beneficiary submitted intent,SUCCESS,2026-01-16T10:37:00,{},"{""fps_id"": ""FPS-0478""}",0ee4bbb2b0273b0ed5586f324f99350e39faf5767ba024420a34109fee945778
AUD-0000216,2026-01,BEN-008582,BENEFICIARY,PREFERENCE_SUBMITTED,INTENT,INT-0005201,Beneficiary submitted intent,SUCCESS,2026-01-19T18:25:00,{},"{""fps_id"": ""FPS-0249""}",34d0006e5edddaf0ea66d95be1a371c8d35e550cd9d4486ef9dcf6e0c18210e4
AUD-0000217,2026-02,BEN-005391,BENEFICIARY,PREFERENCE_SUBMITTED,INTENT,INT-0013826,Beneficiary submitted intent,SUCCESS,2026-02-15T18:47:00,{},"{""fps_id"": ""FPS-0185""}",f73858b8bc3980ea33e9e23cd06ff215e59436d7fce1d064e492d92185c892a2
AUD-0000218,2026-02,BEN-009742,BENEFICIARY,PREFERENCE_SUBMITTED,INTENT,INT-0011563,Beneficiary submitted intent,SUCCESS,2026-02-13T19:30:00,{},"{""fps_id"": ""FPS-0366""}",faadc7c256a6cdd8915ade45405e114a90675af2748b474246e44557c066bf3e
AUD-0000219,2026-01,BEN-006065,BENEFICIARY,PREFERENCE_SUBMITTED,INTENT,INT-0004700,Beneficiary submitted intent,SUCCESS,2026-01-07T10:22:00,{},"{""fps_id"": ""FPS-0166""}",acd2ffbe317232706d478e507cee92bfead602d4c789366ae560c072884f6aba
AUD-0000220,2026-01,BEN-002952,BENEFICIARY,PREFERENCE_SUBMITTED,INTENT,INT-0005659,Beneficiary submitted intent,SUCCESS,2026-01-09T17:28:00,{},"{""fps_id"": ""FPS-0127""}",dd2ffac7d47befa94c99bd4c9ea56d3440e255f474a471fe66ff19fd66b2c418
AUD-0000221,2026-01,BEN-001501,BENEFICIARY,PREFERENCE_SUBMITTED,INTENT,INT-0002912,Beneficiary submitted intent,SUCCESS,2026-01-15T19:17:00,{},"{""fps_id"": ""FPS-0451""}",0716941ebc62b312edb94bc17d90faba76ce970584b4083450057bb709b589f8
AUD-0000222,2026-01,BEN-002442,BENEFICIARY,PREFERENCE_SUBMITTED,INTENT,INT-0005838,Beneficiary submitted intent,SUCCESS,2026-01-18T18:05:00,{},"{""fps_id"": ""FPS-0277""}",49bb0af459f42c0e28b8a753dfe0b4ba7850f07cb4cfb40e2cde3fe4a0d6918b
AUD-0000223,2026-02,BEN-000930,BENEFICIARY,PREFERENCE_SUBMITTED,INTENT,INT-0008302,Beneficiary submitted intent,SUCCESS,2026-02-08T10:19:00,{},"{""fps_id"": ""FPS-0072""}",92d5d6c2867b7a2b715c0bb1eceef3920066a7ad1a8d01d2c34624f9e5c2e268
AUD-0000224,2026-01,BEN-007999,BENEFICIARY,PREFERENCE_SUBMITTED,INTENT,INT-0005341,Beneficiary submitted intent,SUCCESS,2026-01-06T13:42:00,{},"{""fps_id"": ""FPS-0356""}",1ebcdd728b66aff24915d06a355ed418c5f1249b33b31f939c4b5d671b72e988
AUD-0000225,2026-01,BEN-000062,BENEFICIARY,PREFERENCE_SUBMITTED,INTENT,INT-0004791,Beneficiary submitted intent,SUCCESS,2026-01-14T18:38:00,{},"{""fps_id"": ""FPS-0469""}",dbf078d87157c7b77eeddb8f131da73b8ed104524635bbafd70f5173d3fa8417
AUD-0000226,2026-01,BEN-002475,BENEFICIARY,PREFERENCE_SUBMITTED,INTENT,INT-0003894,Beneficiary submitted intent,SUCCESS,2026-01-07T13:35:00,{},"{""fps_id"": ""FPS-0231""}",9baac61337b4aed830d8497d260d71b2e34e78cdfe17e959f98ed970f0af0b0c
AUD-0000227,2026-01,BEN-007855,BENEFICIARY,PREFERENCE_SUBMITTED,INTENT,INT-0000883,Beneficiary submitted intent,SUCCESS,2026-01-08T11:21:00,{},"{""fps_id"": ""FPS-0330""}",07b7029b8aa57de3d6443af57fbff5528d925400351a03d0ed3754344905de95
AUD-0000228,2026-01,BEN-003634,BENEFICIARY,PREFERENCE_SUBMITTED,INTENT,INT-0005624,Beneficiary submitted intent,SUCCESS,2026-01-15T15:44:00,{},"{""fps_id"": ""FPS-0526""}",72a2d2e32660332f357ed9526d6c4c45fbe627f51998e860435f43ea8b01784f
AUD-0000229,2026-02,BEN-000175,BENEFICIARY,PREFERENCE_SUBMITTED,INTENT,INT-0008653,Beneficiary submitted intent,SUCCESS,2026-02-08T09:32:00,{},"{""fps_id"": ""FPS-0400""}",c594ce7317db3283bfe56248b259899a200a7dacd144fad1427dc4d5380b80b6
AUD-0000230,2026-01,BEN-005216,BENEFICIARY,PREFERENCE_SUBMITTED,INTENT,INT-0000802,Beneficiary submitted intent,SUCCESS,2026-01-18T10:00:00,{},"{""fps_id"": ""FPS-0456""}",19537ed802f2f2650baf838d94366bded778465f0bf9f6587680df01257b0bff
AUD-0000231,2026-01,BEN-001487,BENEFICIARY,PREFERENCE_SUBMITTED,INTENT,INT-0003760,Beneficiary submitted intent,SUCCESS,2026-01-20T09:08:00,{},"{""fps_id"": ""FPS-0432""}",f22d7608ad69baa99292c2840e61c674fee7a6da08db706d37963df4343c090f
AUD-0000232,2026-01,BEN-003795,BENEFICIARY,PREFERENCE_SUBMITTED,INTENT,INT-0003591,Beneficiary submitted intent,SUCCESS,2026-01-10T12:57:00,{},"{""fps_id"": ""FPS-0008""}",14fa6270c86fe967b705bb010f67903277d97800e521075c8b8a05a3c8a90670
AUD-0000233,2026-02,BEN-004351,BENEFICIARY,PREFERENCE_SUBMITTED,INTENT,INT-0007116,Beneficiary submitted intent,SUCCESS,2026-02-16T08:52:00,{},"{""fps_id"": ""FPS-0155""}",f6fea12d4e7486b194622a6603553a42147c798f47264688dc736271503b7ab2
AUD-0000234,2026-01,BEN-004793,BENEFICIARY,PREFERENCE_SUBMITTED,INTENT,INT-0005925,Beneficiary submitted intent,SUCCESS,2026-01-05T16:48:00,{},"{""fps_id"": ""FPS-0531""}",d75fe4a23b06d14c679b9f79dcd72bfbd87807ee44894fa9b58464b3baa69af3
AUD-0000235,2026-01,BEN-007091,BENEFICIARY,PREFERENCE_SUBMITTED,INTENT,INT-0002356,Beneficiary submitted intent,SUCCESS,2026-01-13T13:35:00,{},"{""fps_id"": ""FPS-0547""}",3f8667eeca80f37937599d3cf96c61ab83aaf38fc07a13934120d22ee2f16b71
AUD-0000236,2026-02,BEN-001485,BENEFICIARY,PREFERENCE_SUBMITTED,INTENT,INT-0007719,Beneficiary submitted intent,SUCCESS,2026-02-09T16:36:00,{},"{""fps_id"": ""FPS-0011""}",e6fb153c6441a91f705b8e59c108f38420952c029bce8fa46ad26c027ee0180f
AUD-0000237,2026-01,BEN-006057,BENEFICIARY,PREFERENCE_SUBMITTED,INTENT,INT-0000583,Beneficiary submitted intent,SUCCESS,2026-01-16T15:03:00,{},"{""fps_id"": ""FPS-0494""}",03d83d7dd65b6a300c4718e783098beed89dab96dac409e796f5d6506de12e1d
AUD-0000238,2026-01,BEN-000662,BENEFICIARY,PREFERENCE_SUBMITTED,INTENT,INT-0002958,Beneficiary submitted intent,SUCCESS,2026-01-18T11:29:00,{},"{""fps_id"": ""FPS-0322""}",dca2516dce7f2224009b4d06cdf38adcc8adec366ed0e5e556738bad297bb6a1
AUD-0000239,2026-02,BEN-004399,BENEFICIARY,PREFERENCE_SUBMITTED,INTENT,INT-0013408,Beneficiary submitted intent,SUCCESS,2026-02-05T11:46:00,{},"{""fps_id"": ""FPS-0119""}",466efdaf936388aa54dc8a463e12703085a613c64d116210aef99bfb6dfe4acd
AUD-0000240,2026-01,BEN-004194,BENEFICIARY,PREFERENCE_SUBMITTED,INTENT,INT-0004869,Beneficiary submitted intent,SUCCESS,2026-01-18T14:46:00,{},"{""fps_id"": ""FPS-0482""}",07935c475a93882f557eeb81283fc1e4648c48f741cb3b8382dfd257e1d3ada3
AUD-0000241,2026-01,BEN-006204,BENEFICIARY,PREFERENCE_SUBMITTED,INTENT,INT-0005583,Beneficiary submitted intent,SUCCESS,2026-01-14T13:24:00,{},"{""fps_id"": ""FPS-0563""}",ec83ecc883f6f69feea455b9726996d48277059be1eaab9bd99279938ec93e96
AUD-0000242,2026-01,BEN-008590,BENEFICIARY,PREFERENCE_SUBMITTED,INTENT,INT-0002816,Beneficiary submitted intent,SUCCESS,2026-01-07T08:50:00,{},"{""fps_id"": ""FPS-0480""}",a9a9c6ae78c537a083c2fef6267b7767cd0f6ebc68f706d457f981f913a86cd6
AUD-0000243,2026-02,BEN-004162,BENEFICIARY,PREFERENCE_SUBMITTED,INTENT,INT-0008712,Beneficiary submitted intent,SUCCESS,2026-02-16T14:23:00,{},"{""fps_id"": ""FPS-0175""}",e27c941033b7fb5254dbb2817c5b083531be78f0ac2f1015b156654e2af07eea
AUD-0000244,2026-01,BEN-008711,BENEFICIARY,PREFERENCE_SUBMITTED,INTENT,INT-0004105,Beneficiary submitted intent,SUCCESS,2026-01-13T19:29:00,{},"{""fps_id"": ""FPS-0084""}",c713e263c112a58001bb0fe74e845d82df903776edda97f01988c6f0b4cc6f43
AUD-0000245,2026-01,BEN-007891,BENEFICIARY,PREFERENCE_SUBMITTED,INTENT,INT-0000166,Beneficiary submitted intent,SUCCESS,2026-01-07T16:51:00,{},"{""fps_id"": ""FPS-0146""}",7370615288811b011a911b5a11865a7323ab38d9685b47d6978d28e13a314fb4
AUD-0000246,2026-02,BEN-002964,BENEFICIARY,PREFERENCE_SUBMITTED,INTENT,INT-0007211,Beneficiary submitted intent,SUCCESS,2026-02-14T09:16:00,{},"{""fps_id"": ""FPS-0246""}",83da07c1ebe707dc5aece0aeedff34b07ea8cb500b3d0d95aa713f2552929b07
AUD-0000247,2026-01,BEN-002207,BENEFICIARY,PREFERENCE_SUBMITTED,INTENT,INT-0004676,Beneficiary submitted intent,SUCCESS,2026-01-19T09:17:00,{},"{""fps_id"": ""FPS-0461""}",9f8692e4ec2c5e226a181439d0cc9e704ac58c2def698772d57893a4c6284e69
AUD-0000248,2026-01,BEN-002554,BENEFICIARY,PREFERENCE_SUBMITTED,INTENT,INT-0000993,Beneficiary submitted intent,SUCCESS,2026-01-06T14:58:00,{},"{""fps_id"": ""FPS-0154""}",65671ebb6d6bfcc89b8f9bd8a225fb6d83a6c50ec5846f460e4ee88bbf752fea
AUD-0000249,2026-02,BEN-006730,BENEFICIARY,PREFERENCE_SUBMITTED,INTENT,INT-0011835,Beneficiary submitted intent,SUCCESS,2026-02-12T08:40:00,{},"{""fps_id"": ""FPS-0403""}",d2ea43f9fd0cd5d022dc1b24629c2ba8d658de3d58964d54b2d7bf9895d63c17
AUD-0000250,2026-01,BEN-002125,BENEFICIARY,PREFERENCE_SUBMITTED,INTENT,INT-0000715,Beneficiary submitted intent,SUCCESS,2026-01-18T10:40:00,{},"{""fps_id"": ""FPS-0149""}",036098dddf50f6c864d5700362a82ed9104dbfec9ef8b1aca192b3e6c106418f
AUD-0000251,2026-01,BEN-001033,BENEFICIARY,PREFERENCE_SUBMITTED,INTENT,INT-0006980,Beneficiary submitted intent,SUCCESS,2026-01-12T14:30:00,{},"{""fps_id"": ""FPS-0204""}",4fc6879c119bf422ce7335adf09555cf8a8f0bd3f0fa644a93be7ae068f41cf5
AUD-0000252,2026-02,BEN-008907,BENEFICIARY,PREFERENCE_SUBMITTED,INTENT,INT-0009334,Beneficiary submitted intent,SUCCESS,2026-02-15T10:10:00,{},"{""fps_id"": ""FPS-0201""}",8803b8970b1b8c8d65974279881281d214f4cd36a734cca30995c70898ac67b2
AUD-0000253,2026-01,BEN-003286,BENEFICIARY,PREFERENCE_SUBMITTED,INTENT,INT-0002646,Beneficiary submitted intent,SUCCESS,2026-01-14T09:49:00,{},"{""fps_id"": ""FPS-0155""}",1d5624751a0f568d9f3a097e5f0cb0564336431078309f0e48796af4a5d52447
AUD-0000254,2026-01,BEN-006365,BENEFICIARY,PREFERENCE_SUBMITTED,INTENT,INT-0003427,Beneficiary submitted intent,SUCCESS,2026-01-11T10:28:00,{},"{""fps_id"": ""FPS-0131""}",9e0ee2ae6f934dbe3a9c7b2f1240c6ab1a55c2a8718d1090c1690ddab1c56a93
AUD-0000255,2026-02,BEN-007169,BENEFICIARY,PREFERENCE_SUBMITTED,INTENT,INT-0011715,Beneficiary submitted intent,SUCCESS,2026-02-05T13:26:00,{},"{""fps_id"": ""FPS-0255""}",eac5c3ab4ca5d808dc28dd2945d23c9ec31b5c751430a7a57a2d0ca5cf3401ae
AUD-0000256,2026-02,BEN-002812,BENEFICIARY,PREFERENCE_SUBMITTED,INTENT,INT-0013016,Beneficiary submitted intent,SUCCESS,2026-02-05T11:22:00,{},"{""fps_id"": ""FPS-0327""}",6facd978c17561da1d03c23de62f17e4cdf98b7f1d9574d6738a9a81e5483e54
AUD-0000257,2026-01,BEN-002039,BENEFICIARY,PREFERENCE_SUBMITTED,INTENT,INT-0000383,Beneficiary submitted intent,SUCCESS,2026-01-11T12:03:00,{},"{""fps_id"": ""FPS-0251""}",654e9c2cba6174e1805f96aa0a1b9fe9226cb61635ebf8bdde4faf52f688a424
AUD-0000258,2026-01,BEN-009984,BENEFICIARY,PREFERENCE_SUBMITTED,INTENT,INT-0002137,Beneficiary submitted intent,SUCCESS,2026-01-08T09:46:00,{},"{""fps_id"": ""FPS-0256""}",c67766aa10dfe23279a8ad0222fe372b9c0f7f72fcf9295bcf693054d4b0cfff
AUD-0000259,2026-02,BEN-007126,BENEFICIARY,PREFERENCE_SUBMITTED,INTENT,INT-0007822,Beneficiary submitted intent,SUCCESS,2026-02-09T18:51:00,{},"{""fps_id"": ""FPS-0039""}",cf49a1fac07afd40395c8ca94027c92398bdea4e47f086c0cb8487a3114775ad
AUD-0000260,2026-01,BEN-004540,BENEFICIARY,PREFERENCE_SUBMITTED,INTENT,INT-0000252,Beneficiary submitted intent,SUCCESS,2026-01-05T09:13:00,{},"{""fps_id"": ""FPS-0186""}",07aa2baf12262e35c15dba437cd584a9a4550beacb32ad6adb7bb2c1c3d21fa0
AUD-0000261,2026-02,BEN-002264,BENEFICIARY,PREFERENCE_SUBMITTED,INTENT,INT-0008898,Beneficiary submitted intent,SUCCESS,2026-02-06T13:03:00,{},"{""fps_id"": ""FPS-0089""}",17a4a799b79afe708b25f77661355f410ff3931bfc790f7275317a1f1519b71a
AUD-0000262,2026-01,BEN-006306,BENEFICIARY,PREFERENCE_SUBMITTED,INTENT,INT-0001571,Beneficiary submitted intent,SUCCESS,2026-01-16T12:22:00,{},"{""fps_id"": ""FPS-0385""}",62cc24398e6c2e246f2239e69f26ccf112deb741d6613a01f78a715296fbb471
AUD-0000263,2026-01,BEN-005148,BENEFICIARY,PREFERENCE_SUBMITTED,INTENT,INT-0003388,Beneficiary submitted intent,SUCCESS,2026-01-14T13:52:00,{},"{""fps_id"": ""FPS-0292""}",4fa61a6d74c52789786a0bfa30a43ccfe350732331ece54612b68898b64b0bd7
AUD-0000264,2026-01,BEN-008715,BENEFICIARY,PREFERENCE_SUBMITTED,INTENT,INT-0001937,Beneficiary submitted intent,SUCCESS,2026-01-20T14:37:00,{},"{""fps_id"": ""FPS-0529""}",f85630b74af24f053fcefa5c8f7182a82970ddea2b052cde166464f1f06cd07e
AUD-0000265,2026-02,BEN-002155,BENEFICIARY,PREFERENCE_SUBMITTED,INTENT,INT-0013175,Beneficiary submitted intent,SUCCESS,2026-02-13T15:06:00,{},"{""fps_id"": ""FPS-0003""}",5fcb411b8648ba828e3fce9dc7a1c7937de4606d0126487aeed9d380a7e412d7
AUD-0000266,2026-01,BEN-006662,BENEFICIARY,PREFERENCE_SUBMITTED,INTENT,INT-0001478,Beneficiary submitted intent,SUCCESS,2026-01-20T08:17:00,{},"{""fps_id"": ""FPS-0400""}",aeedcc721871970b89af4af1934c9d2b2c14d842fd859aa4a8d3f0dca8afb914
AUD-0000267,2026-02,BEN-005661,BENEFICIARY,PREFERENCE_SUBMITTED,INTENT,INT-0009386,Beneficiary submitted intent,SUCCESS,2026-02-16T19:52:00,{},"{""fps_id"": ""FPS-0334""}",6157c77d07415da720a4db99d45e4a1e24c1aaec771b16c17508b08b3127cad7
AUD-0000268,2026-02,BEN-001346,BENEFICIARY,PREFERENCE_SUBMITTED,INTENT,INT-0008853,Beneficiary submitted intent,SUCCESS,2026-02-15T12:13:00,{},"{""fps_id"": ""FPS-0323""}",8591dc0eb2d703a46976e03e03cb0281afe4e4b7fb80df894a78e8031d6fdb5b
AUD-0000269,2026-01,BEN-009792,BENEFICIARY,PREFERENCE_SUBMITTED,INTENT,INT-0002345,Beneficiary submitted intent,SUCCESS,2026-01-08T11:28:00,{},"{""fps_id"": ""FPS-0043""}",f876c6d50cbfe4e19f914e7476122a4b5eefc246f586bc307ec238607ec9779f
AUD-0000270,2026-02,BEN-007582,BENEFICIARY,PREFERENCE_SUBMITTED,INTENT,INT-0007412,Beneficiary submitted intent,SUCCESS,2026-02-16T10:29:00,{},"{""fps_id"": ""FPS-0598""}",0bf8919c2b52b3558ffdb6d76307823f2fceb93c7fbeea3e3823e71ff2c7bbe7
AUD-0000271,2026-02,BEN-000190,BENEFICIARY,PREFERENCE_SUBMITTED,INTENT,INT-0009889,Beneficiary submitted intent,SUCCESS,2026-02-18T12:16:00,{},"{""fps_id"": ""FPS-0434""}",180544177e508b7bea328bd327e9c1b722f87ebd6209d1e60639294c95c35d36
AUD-0000272,2026-01,BEN-002284,BENEFICIARY,PREFERENCE_SUBMITTED,INTENT,INT-0004657,Beneficiary submitted intent,SUCCESS,2026-01-19T14:17:00,{},"{""fps_id"": ""FPS-0035""}",1d5ead887a34d03c173eda76d9389a318fdc6addc91875f17bbc387db8091d69
AUD-0000273,2026-01,BEN-007057,BENEFICIARY,PREFERENCE_SUBMITTED,INTENT,INT-0000855,Beneficiary submitted intent,SUCCESS,2026-01-12T19:16:00,{},"{""fps_id"": ""FPS-0206""}",c16892f6cc2031e5df5f640b52faacbef68e6dadf65a385b44cedf9c0696f7f5
AUD-0000274,2026-01,BEN-005533,BENEFICIARY,PREFERENCE_SUBMITTED,INTENT,INT-0002991,Beneficiary submitted intent,SUCCESS,2026-01-18T18:21:00,{},"{""fps_id"": ""FPS-0096""}",62b3838f7483c48e18aad355a3c4beae1d97557964660c7dde4f66b137129501
AUD-0000275,2026-02,BEN-000078,BENEFICIARY,PREFERENCE_SUBMITTED,INTENT,INT-0013812,Beneficiary submitted intent,SUCCESS,2026-02-19T16:59:00,{},"{""fps_id"": ""FPS-0248""}",1b196129ed740883200951d15c27407857339e912f9ac8e6ee04435f2afe5746
AUD-0000276,2026-02,BEN-001915,BENEFICIARY,PREFERENCE_SUBMITTED,INTENT,INT-0007701,Beneficiary submitted intent,SUCCESS,2026-02-14T11:09:00,{},"{""fps_id"": ""FPS-0541""}",e2be34572334c66fd4953736c5c45463a2291087d591a6c51cea27cc00197142
AUD-0000277,2026-02,BEN-006385,BENEFICIARY,PREFERENCE_SUBMITTED,INTENT,INT-0008220,Beneficiary submitted intent,SUCCESS,2026-02-14T19:26:00,{},"{""fps_id"": ""FPS-0157""}",9349bfdb17713782724199b1ba25782dc931c4fa8b73d92aa6f89e223a47aa43
AUD-0000278,2026-01,BEN-004116,BENEFICIARY,PREFERENCE_SUBMITTED,INTENT,INT-0004820,Beneficiary submitted intent,SUCCESS,2026-01-19T12:56:00,{},"{""fps_id"": ""FPS-0262""}",a7eff82d74688e1fe23925edccbaed4cc925dbad839cf9f6a4c897d4d2a1caef
AUD-0000279,2026-02,BEN-004346,BENEFICIARY,PREFERENCE_SUBMITTED,INTENT,INT-0007525,Beneficiary submitted intent,SUCCESS,2026-02-17T09:34:00,{},"{""fps_id"": ""FPS-0311""}",3ab9345583ae569c1af183c417826bdb07a421e16c6390ca7a4b0db37634f6fd
AUD-0000280,2026-01,BEN-000280,BENEFICIARY,PREFERENCE_SUBMITTED,INTENT,INT-0003473,Beneficiary submitted intent,SUCCESS,2026-01-06T16:57:00,{},"{""fps_id"": ""FPS-0497""}",5672a437e5c0f11f7e8ff5547cabd6d18ea8442ba0fde6e72f3ab9575df8c468
AUD-0000281,2026-02,BEN-004959,BENEFICIARY,PREFERENCE_SUBMITTED,INTENT,INT-0008182,Beneficiary submitted intent,SUCCESS,2026-02-15T17:57:00,{},"{""fps_id"": ""FPS-0174""}",ba882f2a99b1eff41f3454ec885923959e86dbce90aae167d2123eaff46364fb
AUD-0000282,2026-01,BEN-009979,BENEFICIARY,PREFERENCE_SUBMITTED,INTENT,INT-0000109,Beneficiary submitted intent,SUCCESS,2026-01-09T17:47:00,{},"{""fps_id"": ""FPS-0535""}",40fb7307bba310216d964c48eff5721e0b32879f1af5ff10f762c29a1fc41cd5
AUD-0000283,2026-02,BEN-008580,BENEFICIARY,PREFERENCE_SUBMITTED,INTENT,INT-0007551,Beneficiary submitted intent,SUCCESS,2026-02-13T11:17:00,{},"{""fps_id"": ""FPS-0166""}",00e3ed527d8118774b91b11f637ebc480a54ed79c9105e945c234ad7e8b619f1
AUD-0000284,2026-01,BEN-008172,BENEFICIARY,PREFERENCE_SUBMITTED,INTENT,INT-0006965,Beneficiary submitted intent,SUCCESS,2026-01-12T19:02:00,{},"{""fps_id"": ""FPS-0293""}",8e2219d6e98e94679e567699f9d804e27ee02053a1d55cffca13c27bb4180117
AUD-0000285,2026-02,BEN-007441,BENEFICIARY,PREFERENCE_SUBMITTED,INTENT,INT-0009271,Beneficiary submitted intent,SUCCESS,2026-02-11T10:12:00,{},"{""fps_id"": ""FPS-0302""}",8c3d182288f0f38a51f6d65157325daea0a76cccdd00bdbb35d0b62adcd62f27
AUD-0000286,2026-02,BEN-005265,BENEFICIARY,PREFERENCE_SUBMITTED,INTENT,INT-0008599,Beneficiary submitted intent,SUCCESS,2026-02-07T10:15:00,{},"{""fps_id"": ""FPS-0361""}",8abb6b506e28577a7e53f98a1df5c3d47da4b509f7d235004e1c51d4882e0de9
AUD-0000287,2026-02,BEN-001622,BENEFICIARY,PREFERENCE_SUBMITTED,INTENT,INT-0010481,Beneficiary submitted intent,SUCCESS,2026-02-10T17:34:00,{},"{""fps_id"": ""FPS-0097""}",9f9f80439b791096b7240d9efb984244e4da33bd5ca045371b8ca421efc43e77
AUD-0000288,2026-01,BEN-003653,BENEFICIARY,PREFERENCE_SUBMITTED,INTENT,INT-0004513,Beneficiary submitted intent,SUCCESS,2026-01-08T14:02:00,{},"{""fps_id"": ""FPS-0230""}",8b039a79986405cf9d6b3d2d44df80c10f98b22ae66ec4c79d1bc89a29571a2f
AUD-0000289,2026-02,BEN-008640,BENEFICIARY,PREFERENCE_SUBMITTED,INTENT,INT-0013236,Beneficiary submitted intent,SUCCESS,2026-02-06T15:20:00,{},"{""fps_id"": ""FPS-0264""}",f7243a17f4b178ca16bf81a58740b591682effb36a140c65ddeb234425c079b6
AUD-0000290,2026-01,BEN-002572,BENEFICIARY,PREFERENCE_SUBMITTED,INTENT,INT-0006952,Beneficiary submitted intent,SUCCESS,2026-01-13T15:18:00,{},"{""fps_id"": ""FPS-0387""}",923c74fb7317e8030f1d76e668535adb9560486d2d85d48bf7bf1c3ffb9d6aa9
AUD-0000291,2026-01,BEN-003070,BENEFICIARY,PREFERENCE_SUBMITTED,INTENT,INT-0003600,Beneficiary submitted intent,SUCCESS,2026-01-20T10:40:00,{},"{""fps_id"": ""FPS-0374""}",eeadb06fe0277bf3ca75ea6f32bb34dc8dfb598f9e06cc2f492666d431731457
AUD-0000292,2026-01,BEN-001367,BENEFICIARY,PREFERENCE_SUBMITTED,INTENT,INT-0005812,Beneficiary submitted intent,SUCCESS,2026-01-20T18:35:00,{},"{""fps_id"": ""FPS-0561""}",306dbc64758a08a687fa76f99918ffec278246d49bba38b86348a7d1d7ac6d7a
AUD-0000293,2026-01,BEN-004394,BENEFICIARY,PREFERENCE_SUBMITTED,INTENT,INT-0004061,Beneficiary submitted intent,SUCCESS,2026-01-12T10:11:00,{},"{""fps_id"": ""FPS-0059""}",83db08286791941bcc99e8453b343f364ea6ebc69a1ee6196262caecab21057b
AUD-0000294,2026-02,BEN-002995,BENEFICIARY,PREFERENCE_SUBMITTED,INTENT,INT-0011701,Beneficiary submitted intent,SUCCESS,2026-02-15T10:10:00,{},"{""fps_id"": ""FPS-0121""}",1f101f41fbf5fb2d50f61dd93b9296627a8e7a9312618d8f1124a8e3e603ad91
AUD-0000295,2026-01,BEN-007720,BENEFICIARY,PREFERENCE_SUBMITTED,INTENT,INT-0000774,Beneficiary submitted intent,SUCCESS,2026-01-12T09:46:00,{},"{""fps_id"": ""FPS-0302""}",a0682ba330c9c522026c44c28c3fcc63ab92551d6e8729efbedf2d1aabae4d2f
AUD-0000296,2026-01,BEN-007067,BENEFICIARY,PREFERENCE_SUBMITTED,INTENT,INT-0001950,Beneficiary submitted intent,SUCCESS,2026-01-08T09:38:00,{},"{""fps_id"": ""FPS-0562""}",7d319b966717295d8951e7c569f6d590c0c52fd192abf6ccf5dda9475b4303e4
AUD-0000297,2026-02,BEN-002515,BENEFICIARY,PREFERENCE_SUBMITTED,INTENT,INT-0009232,Beneficiary submitted intent,SUCCESS,2026-02-20T08:29:00,{},"{""fps_id"": ""FPS-0294""}",e4b90657fb4b9afa7c9dde39547b9c2c53c80210a60aec49e1df900103050900
AUD-0000298,2026-01,BEN-004593,BENEFICIARY,PREFERENCE_SUBMITTED,INTENT,INT-0002194,Beneficiary submitted intent,SUCCESS,2026-01-13T14:43:00,{},"{""fps_id"": ""FPS-0114""}",d2e7ba8d117b1cb64053b803c083139694025da036b34440f7b94d6473479371
AUD-0000299,2026-01,BEN-009139,BENEFICIARY,PREFERENCE_SUBMITTED,INTENT,INT-0005709,Beneficiary submitted intent,SUCCESS,2026-01-16T09:39:00,{},"{""fps_id"": ""FPS-0465""}",d4e76c5e843723c67f4ff3f65c7b258fae0f1c3ab0476cc6b79777cb6c7e4b30
AUD-0000300,2026-01,BEN-002502,BENEFICIARY,PREFERENCE_SUBMITTED,INTENT,INT-0003906,Beneficiary submitted intent,SUCCESS,2026-01-14T16:04:00,{},"{""fps_id"": ""FPS-0572""}",9e44f2e927f30575242f9886df01522475b21345a3fdb61f35ba1a4716c73ac6
AUD-0000301,2026-02,BEN-001112,BENEFICIARY,PREFERENCE_SUBMITTED,INTENT,INT-0010173,Beneficiary submitted intent,SUCCESS,2026-02-10T18:04:00,{},"{""fps_id"": ""FPS-0378""}",516021873f11e77ed241802e5e97777d7bceddb89cf9adbd4ed1cc40fdea7a91
AUD-0000302,2026-01,BEN-004310,BENEFICIARY,PREFERENCE_SUBMITTED,INTENT,INT-0006943,Beneficiary submitted intent,SUCCESS,2026-01-20T17:36:00,{},"{""fps_id"": ""FPS-0051""}",43be1411f76467efb2f41fea0d249e1ba3778e17abeeed67c8d0dd54e98f2b78
AUD-0000303,2026-01,BEN-001815,BENEFICIARY,PREFERENCE_SUBMITTED,INTENT,INT-0000398,Beneficiary submitted intent,SUCCESS,2026-01-10T19:35:00,{},"{""fps_id"": ""FPS-0532""}",0c9279d27a461b5383507722688090978532100bfe427e75f53b6da9f3d1f21a
AUD-0000304,2026-01,BEN-001213,BENEFICIARY,PREFERENCE_SUBMITTED,INTENT,INT-0005533,Beneficiary submitted intent,SUCCESS,2026-01-19T13:57:00,{},"{""fps_id"": ""FPS-0536""}",f2dd6e76084431a453e0175cc762da389c33a7063d467c29422c3534858b8430
AUD-0000305,2026-02,BEN-007271,BENEFICIARY,PREFERENCE_SUBMITTED,INTENT,INT-0007894,Beneficiary submitted intent,SUCCESS,2026-02-14T12:02:00,{},"{""fps_id"": ""FPS-0116""}",71bd61939d539f1f46d2b6d1654137a72f9bde2ce2e618e5d1634d058bd8fb50
AUD-0000306,2026-01,BEN-003365,BENEFICIARY,PREFERENCE_SUBMITTED,INTENT,INT-0005927,Beneficiary submitted intent,SUCCESS,2026-01-07T12:26:00,{},"{""fps_id"": ""FPS-0345""}",e9305b7ef809c7455cd54d3e2959b9b858ce73cfc066ae0d6b7514c3faef1ff2
AUD-0000307,2026-01,BEN-008574,BENEFICIARY,PREFERENCE_SUBMITTED,INTENT,INT-0000359,Beneficiary submitted intent,SUCCESS,2026-01-09T18:58:00,{},"{""fps_id"": ""FPS-0447""}",1b77379b85d862ff2361587622ec21510fc3034f233806484bf1cf5cc2b45f4a
AUD-0000308,2026-01,BEN-000523,BENEFICIARY,PREFERENCE_SUBMITTED,INTENT,INT-0006380,Beneficiary submitted intent,SUCCESS,2026-01-15T13:59:00,{},"{""fps_id"": ""FPS-0352""}",ad6fb1e816ed9f57621cc698a1a111f0c0f4af2e8abea6955933e603ac5ffa22
AUD-0000309,2026-02,BEN-008270,BENEFICIARY,PREFERENCE_SUBMITTED,INTENT,INT-0011589,Beneficiary submitted intent,SUCCESS,2026-02-17T08:40:00,{},"{""fps_id"": ""FPS-0344""}",05f92eb21de17ace88a999537935e3aa3f4925f05e587139e161f01589776150
AUD-0000310,2026-01,BEN-007020,BENEFICIARY,PREFERENCE_SUBMITTED,INTENT,INT-0006383,Beneficiary submitted intent,SUCCESS,2026-01-12T11:14:00,{},"{""fps_id"": ""FPS-0073""}",194d91a824408389677aabedbe020c04a37e46b4c00f9463a5b91b4ffb3c503a
AUD-0000311,2026-02,BEN-001997,BENEFICIARY,PREFERENCE_SUBMITTED,INTENT,INT-0008967,Beneficiary submitted intent,SUCCESS,2026-02-06T15:37:00,{},"{""fps_id"": ""FPS-0358""}",dcad033b7df34eee99d794a466e4ea3f560774a5416b2cb46c39f6430d7575a4
AUD-0000312,2026-02,BEN-002983,BENEFICIARY,PREFERENCE_SUBMITTED,INTENT,INT-0013763,Beneficiary submitted intent,SUCCESS,2026-02-19T19:12:00,{},"{""fps_id"": ""FPS-0081""}",8acf32c78fc27bed02d8f9efadb860d76ca7fd18a5cb4b816fb9d0191ca0d1ac
AUD-0000313,2026-01,BEN-008264,BENEFICIARY,PREFERENCE_SUBMITTED,INTENT,INT-0003264,Beneficiary submitted intent,SUCCESS,2026-01-12T15:33:00,{},"{""fps_id"": ""FPS-0204""}",84322b38033c1780b5a9d4fbfd0ba46f30e6f08ab7dbdaacad2c73699c0afd29
