grievance_id,beneficiary_id,fps_id,category,description,created_at,status,resolution,resolved_at
GRV-000001,BEN-002812,FPS-0327,TRANSACTION_FAILURE,TRANSACTION_FAILURE reported for RC2023102811 at FPS-0327,2026-01-22T16:00:00,RESOLVED,Resolved: TRANSACTION_FAILURE verified and adjusted,2026-01-27T16:00:00
GRV-000002,BEN-004903,FPS-0316,OTHER,OTHER reported for RC2023104902 at FPS-0316,2026-02-11T01:00:00,RESOLVED,Resolved: OTHER verified and adjusted,2026-02-17T01:00:00
GRV-000003,BEN-005916,FPS-0140,OTHER,OTHER reported for RC2025105915 at FPS-0140,2026-02-15T14:00:00,IN_REVIEW,,
GRV-000004,BEN-003562,FPS-0458,SHORT_DELIVERY,SHORT_DELIVERY reported for RC2023103561 at FPS-0458,2026-01-28T18:00:00,RESOLVED,Resolved: SHORT_DELIVERY verified and adjusted,2026-01-29T18:00:00
GRV-000005,BEN-006154,FPS-0126,TRANSACTION_FAILURE,TRANSACTION_FAILURE reported for RC2023106153 at FPS-0126,2026-03-03T17:00:00,IN_REVIEW,,
GRV-000006,BEN-005137,FPS-0492,WRONG_QUANTITY,WRONG_QUANTITY reported for RC2023105136 at FPS-0492,2026-01-13T23:00:00,IN_REVIEW,,
GRV-000007,BEN-004402,FPS-0425,FPS_CLOSED,FPS_CLOSED reported for RC2023104401 at FPS-0425,2026-02-11T12:00:00,OPEN,,
GRV-000008,BEN-006568,FPS-0318,FPS_CLOSED,FPS_CLOSED reported for RC2023106567 at FPS-0318,2026-02-27T15:00:00,IN_REVIEW,,
GRV-000009,BEN-006268,FPS-0421,FPS_CLOSED,FPS_CLOSED reported for RC2023106267 at FPS-0421,2026-03-21T05:00:00,RESOLVED,Resolved: FPS_CLOSED verified and adjusted,2026-03-22T05:00:00
GRV-000010,BEN-008488,FPS-0410,FPS_CLOSED,FPS_CLOSED reported for RC2023108487 at FPS-0410,2026-01-21T00:00:00,IN_REVIEW,,
GRV-000011,BEN-005253,FPS-0004,TRANSACTION_FAILURE,TRANSACTION_FAILURE reported for RC2025105252 at FPS-0004,2026-01-16T10:00:00,RESOLVED,Resolved: TRANSACTION_FAILURE verified and adjusted,2026-01-22T10:00:00
GRV-000012,BEN-003725,FPS-0453,WRONG_QUANTITY,WRONG_QUANTITY reported for RC2024103724 at FPS-0453,2026-01-21T03:00:00,RESOLVED,Resolved: WRONG_QUANTITY verified and adjusted,2026-01-25T03:00:00
GRV-000013,BEN-006958,FPS-0299,OTHER,OTHER reported for RC2023106957 at FPS-0299,2026-01-26T05:00:00,IN_REVIEW,,
GRV-000014,BEN-009227,FPS-0556,ENTITLEMENT_QUERY,ENTITLEMENT_QUERY reported for RC2024109226 at FPS-0556,2026-01-29T01:00:00,RESOLVED,Resolved: ENTITLEMENT_QUERY verified and adjusted,2026-02-08T01:00:00
GRV-000015,BEN-009669,FPS-0350,ENTITLEMENT_QUERY,ENTITLEMENT_QUERY reported for RC2025109668 at FPS-0350,2026-02-23T06:00:00,CLOSED,Resolved: ENTITLEMENT_QUERY verified and adjusted,2026-02-27T06:00:00
GRV-000016,BEN-004246,FPS-0204,ENTITLEMENT_QUERY,ENTITLEMENT_QUERY reported for RC2023104245 at FPS-0204,2026-02-01T20:00:00,RESOLVED,Resolved: ENTITLEMENT_QUERY verified and adjusted,2026-02-02T20:00:00
GRV-000017,BEN-002007,FPS-0259,SHORT_DELIVERY,SHORT_DELIVERY reported for RC2025102006 at FPS-0259,2026-03-13T09:00:00,RESOLVED,Resolved: SHORT_DELIVERY verified and adjusted,2026-03-17T09:00:00
GRV-000018,BEN-008075,FPS-0575,OTHER,OTHER reported for RC2024108074 at FPS-0575,2026-02-16T10:00:00,IN_REVIEW,,
GRV-000019,BEN-006466,FPS-0542,WRONG_QUANTITY,WRONG_QUANTITY reported for RC2023106465 at FPS-0542,2026-03-05T02:00:00,RESOLVED,Resolved: WRONG_QUANTITY verified and adjusted,2026-03-06T02:00:00
GRV-000020,BEN-000414,FPS-0314,WRONG_QUANTITY,WRONG_QUANTITY reported for RC2025100413 at FPS-0314,2026-03-10T20:00:00,RESOLVED,Resolved: WRONG_QUANTITY verified and adjusted,2026-03-13T20:00:00
GRV-000021,BEN-006921,FPS-0248,OTHER,OTHER reported for RC2025106920 at FPS-0248,2026-02-06T08:00:00,CLOSED,Resolved: OTHER verified and adjusted,2026-02-14T08:00:00
GRV-000022,BEN-001545,FPS-0533,TRANSACTION_FAILURE,TRANSACTION_FAILURE reported for RC2025101544 at FPS-0533,2026-02-15T02:00:00,RESOLVED,Resolved: TRANSACTION_FAILURE verified and adjusted,2026-02-22T02:00:00
GRV-000023,BEN-005110,FPS-0292,ENTITLEMENT_QUERY,ENTITLEMENT_QUERY reported for RC2023105109 at FPS-0292,2026-01-19T08:00:00,IN_REVIEW,,
GRV-000024,BEN-006862,FPS-0183,OTHER,OTHER reported for RC2023106861 at FPS-0183,2026-01-06T16:00:00,RESOLVED,Resolved: OTHER verified and adjusted,2026-01-12T16:00:00
GRV-000025,BEN-009938,FPS-0093,FPS_CLOSED,FPS_CLOSED reported for RC2024109937 at FPS-0093,2026-03-15T04:00:00,RESOLVED,Resolved: FPS_CLOSED verified and adjusted,2026-03-20T04:00:00
GRV-000026,BEN-000115,FPS-0201,ENTITLEMENT_QUERY,ENTITLEMENT_QUERY reported for RC2023100114 at FPS-0201,2026-02-06T20:00:00,CLOSED,Resolved: ENTITLEMENT_QUERY verified and adjusted,2026-02-13T20:00:00
GRV-000027,BEN-005249,FPS-0103,FPS_CLOSED,FPS_CLOSED reported for RC2024105248 at FPS-0103,2026-01-24T18:00:00,RESOLVED,Resolved: FPS_CLOSED verified and adjusted,2026-01-31T18:00:00
GRV-000028,BEN-004013,FPS-0255,OTHER,OTHER reported for RC2024104012 at FPS-0255,2026-01-30T05:00:00,IN_REVIEW,,
GRV-000029,BEN-009719,FPS-0189,SHORT_DELIVERY,SHORT_DELIVERY reported for RC2024109718 at FPS-0189,2026-01-22T12:00:00,RESOLVED,Resolved: SHORT_DELIVERY verified and adjusted,2026-01-29T12:00:00
GRV-000030,BEN-005951,FPS-0034,ENTITLEMENT_QUERY,ENTITLEMENT_QUERY reported for RC2024105950 at FPS-0034,2026-02-22T15:00:00,RESOLVED,Resolved: ENTITLEMENT_QUERY verified and adjusted,2026-02-27T15:00:00
GRV-000031,BEN-001148,FPS-0412,TRANSACTION_FAILURE,TRANSACTION_FAILURE reported for RC2024101147 at FPS-0412,2026-01-11T18:00:00,IN_REVIEW,,
GRV-000032,BEN-003610,FPS-0409,QUALITY,QUALITY reported for RC2023103609 at FPS-0409,2026-03-17T21:00:00,CLOSED,Resolved: QUALITY verified and adjusted,2026-03-27T21:00:00
GRV-000033,BEN-009595,FPS-0181,TRANSACTION_FAILURE,TRANSACTION_FAILURE reported for RC2023109594 at FPS-0181,2026-01-11T03:00:00,RESOLVED,Resolved: TRANSACTION_FAILURE verified and adjusted,2026-01-15T03:00:00
GRV-000034,BEN-003424,FPS-0055,TRANSACTION_FAILURE,TRANSACTION_FAILURE reported for RC2023103423 at FPS-0055,2026-03-20T07:00:00,RESOLVED,Resolved: TRANSACTION_FAILURE verified and adjusted,2026-03-24T07:00:00
GRV-000035,BEN-002580,FPS-0141,ENTITLEMENT_QUERY,ENTITLEMENT_QUERY reported for RC2025102579 at FPS-0141,2026-01-09T21:00:00,CLOSED,Resolved: ENTITLEMENT_QUERY verified and adjusted,2026-01-16T21:00:00
GRV-000036,BEN-003568,FPS-0219,ENTITLEMENT_QUERY,ENTITLEMENT_QUERY reported for RC2023103567 at FPS-0219,2026-03-21T19:00:00,RESOLVED,Resolved: ENTITLEMENT_QUERY verified and adjusted,2026-03-22T19:00:00
GRV-000037,BEN-007398,FPS-0361,QUALITY,QUALITY reported for RC2025107397 at FPS-0361,2026-03-02T00:00:00,OPEN,,
GRV-000038,BEN-006837,FPS-0432,QUALITY,QUALITY reported for RC2025106836 at FPS-0432,2026-02-17T07:00:00,OPEN,,
GRV-000039,BEN-005990,FPS-0150,TRANSACTION_FAILURE,TRANSACTION_FAILURE reported for RC2024105989 at FPS-0150,2026-03-17T13:00:00,IN_REVIEW,,
GRV-000040,BEN-005587,FPS-0439,WRONG_QUANTITY,WRONG_QUANTITY reported for RC2023105586 at FPS-0439,2026-01-05T22:00:00,IN_REVIEW,,
GRV-000041,BEN-006660,FPS-0305,TRANSACTION_FAILURE,TRANSACTION_FAILURE reported for RC2025106659 at FPS-0305,2026-02-19T06:00:00,RESOLVED,Resolved: TRANSACTION_FAILURE verified and adjusted,2026-02-27T06:00:00
GRV-000042,BEN-001994,FPS-0174,WRONG_QUANTITY,WRONG_QUANTITY reported for RC2024101993 at FPS-0174,2026-02-08T01:00:00,RESOLVED,Resolved: WRONG_QUANTITY verified and adjusted,2026-02-10T01:00:00
GRV-000043,BEN-009046,FPS-0092,FPS_CLOSED,FPS_CLOSED reported for RC2023109045 at FPS-0092,2026-02-11T11:00:00,IN_REVIEW,,
GRV-000044,BEN-004143,FPS-0076,QUALITY,QUALITY reported for RC2025104142 at FPS-0076,2026-01-08T04:00:00,RESOLVED,Resolved: QUALITY verified and adjusted,2026-01-17T04:00:00
GRV-000045,BEN-005168,FPS-0093,TRANSACTION_FAILURE,TRANSACTION_FAILURE reported for RC2024105167 at FPS-0093,2026-02-07T21:00:00,RESOLVED,Resolved: TRANSACTION_FAILURE verified and adjusted,2026-02-16T21:00:00
GRV-000046,BEN-007171,FPS-0359,TRANSACTION_FAILURE,TRANSACTION_FAILURE reported for RC2023107170 at FPS-0359,2026-02-17T10:00:00,CLOSED,Resolved: TRANSACTION_FAILURE verified and adjusted,2026-02-19T10:00:00
GRV-000047,BEN-005745,FPS-0434,QUALITY,QUALITY reported for RC2025105744 at FPS-0434,2026-02-09T05:00:00,CLOSED,Resolved: QUALITY verified and adjusted,2026-02-11T05:00:00
GRV-000048,BEN-009032,FPS-0182,TRANSACTION_FAILURE,TRANSACTION_FAILURE reported for RC2024109031 at FPS-0182,2026-02-08T23:00:00,RESOLVED,Resolved: TRANSACTION_FAILURE verified and adjusted,2026-02-12T23:00:00
GRV-000049,BEN-002000,FPS-0197,QUALITY,QUALITY reported for RC2024101999 at FPS-0197,2026-01-12T13:00:00,CLOSED,Resolved: QUALITY verified and adjusted,2026-01-16T13:00:00
GRV-000050,BEN-009954,FPS-0555,FPS_CLOSED,FPS_CLOSED reported for RC2025109953 at FPS-0555,2026-01-15T07:00:00,RESOLVED,Resolved: FPS_CLOSED verified and adjusted,2026-01-18T07:00:00
GRV-000051,BEN-004971,FPS-0460,FPS_CLOSED,FPS_CLOSED reported for RC2025104970 at FPS-0460,2026-02-07T05:00:00,RESOLVED,Resolved: FPS_CLOSED verified and adjusted,2026-02-09T05:00:00
GRV-000052,BEN-000949,FPS-0453,OTHER,OTHER reported for RC2023100948 at FPS-0453,2026-01-15T21:00:00,CLOSED,Resolved: OTHER verified and adjusted,2026-01-20T21:00:00
GRV-000053,BEN-001061,FPS-0178,OTHER,OTHER reported for RC2024101060 at FPS-0178,2026-01-27T14:00:00,OPEN,,
GRV-000054,BEN-000097,FPS-0053,WRONG_QUANTITY,WRONG_QUANTITY reported for RC2023100096 at FPS-0053,2026-02-17T09:00:00,OPEN,,
GRV-000055,BEN-009594,FPS-0428,SHORT_DELIVERY,SHORT_DELIVERY reported for RC2025109593 at FPS-0428,2026-03-04T21:00:00,OPEN,,
GRV-000056,BEN-007649,FPS-0477,ENTITLEMENT_QUERY,ENTITLEMENT_QUERY reported for RC2024107648 at FPS-0477,2026-01-29T23:00:00,RESOLVED,Resolved: ENTITLEMENT_QUERY verified and adjusted,2026-02-06T23:00:00
GRV-000057,BEN-007002,FPS-0254,FPS_CLOSED,FPS_CLOSED reported for RC2025107001 at FPS-0254,2026-01-16T03:00:00,OPEN,,
GRV-000058,BEN-006014,FPS-0381,WRONG_QUANTITY,WRONG_QUANTITY reported for RC2024106013 at FPS-0381,2026-02-07T16:00:00,CLOSED,Resolved: WRONG_QUANTITY verified and adjusted,2026-02-11T16:00:00
GRV-000059,BEN-009712,FPS-0593,FPS_CLOSED,FPS_CLOSED reported for RC2023109711 at FPS-0593,2026-01-28T07:00:00,IN_REVIEW,,
GRV-000060,BEN-003991,FPS-0188,TRANSACTION_FAILURE,TRANSACTION_FAILURE reported for RC2023103990 at FPS-0188,2026-02-14T07:00:00,RESOLVED,Resolved: TRANSACTION_FAILURE verified and adjusted,2026-02-19T07:00:00
GRV-000061,BEN-009477,FPS-0492,TRANSACTION_FAILURE,TRANSACTION_FAILURE reported for RC2025109476 at FPS-0492,2026-03-14T12:00:00,RESOLVED,Resolved: TRANSACTION_FAILURE verified and adjusted,2026-03-17T12:00:00
GRV-000062,BEN-008587,FPS-0285,SHORT_DELIVERY,SHORT_DELIVERY reported for RC2023108586 at FPS-0285,2026-01-16T23:00:00,IN_REVIEW,,
GRV-000063,BEN-004818,FPS-0524,WRONG_QUANTITY,WRONG_QUANTITY reported for RC2025104817 at FPS-0524,2026-01-23T19:00:00,IN_REVIEW,,
GRV-000064,BEN-005590,FPS-0056,SHORT_DELIVERY,SHORT_DELIVERY reported for RC2023105589 at FPS-0056,2026-02-12T18:00:00,RESOLVED,Resolved: SHORT_DELIVERY verified and adjusted,2026-02-17T18:00:00
GRV-000065,BEN-009851,FPS-0224,ENTITLEMENT_QUERY,ENTITLEMENT_QUERY reported for RC2024109850 at FPS-0224,2026-02-26T07:00:00,RESOLVED,Resolved: ENTITLEMENT_QUERY verified and adjusted,2026-03-02T07:00:00
GRV-000066,BEN-004062,FPS-0250,TRANSACTION_FAILURE,TRANSACTION_FAILURE reported for RC2025104061 at FPS-0250,2026-02-07T04:00:00,OPEN,,
GRV-000067,BEN-000639,FPS-0153,WRONG_QUANTITY,WRONG_QUANTITY reported for RC2025100638 at FPS-0153,2026-02-21T23:00:00,IN_REVIEW,,
GRV-000068,BEN-005372,FPS-0281,TRANSACTION_FAILURE,TRANSACTION_FAILURE reported for RC2024105371 at FPS-0281,2026-01-13T08:00:00,RESOLVED,Resolved: TRANSACTION_FAILURE verified and adjusted,2026-01-18T08:00:00
GRV-000069,BEN-005682,FPS-0209,ENTITLEMENT_QUERY,ENTITLEMENT_QUERY reported for RC2025105681 at FPS-0209,2026-02-24T14:00:00,RESOLVED,Resolved: ENTITLEMENT_QUERY verified and adjusted,2026-03-02T14:00:00
GRV-000070,BEN-007256,FPS-0094,WRONG_QUANTITY,WRONG_QUANTITY reported for RC2024107255 at FPS-0094,2026-01-05T11:00:00,RESOLVED,Resolved: WRONG_QUANTITY verified and adjusted,2026-01-10T11:00:00
GRV-000071,BEN-002010,FPS-0328,TRANSACTION_FAILURE,TRANSACTION_FAILURE reported for RC2025102009 at FPS-0328,2026-02-21T21:00:00,CLOSED,Resolved: TRANSACTION_FAILURE verified and adjusted,2026-02-22T21:00:00
GRV-000072,BEN-007940,FPS-0300,TRANSACTION_FAILURE,TRANSACTION_FAILURE reported for RC2024107939 at FPS-0300,2026-03-05T16:00:00,RESOLVED,Resolved: TRANSACTION_FAILURE verified and adjusted,2026-03-13T16:00:00
GRV-000073,BEN-007615,FPS-0323,FPS_CLOSED,FPS_CLOSED reported for RC2023107614 at FPS-0323,2026-01-29T08:00:00,OPEN,,
GRV-000074,BEN-007893,FPS-0325,SHORT_DELIVERY,SHORT_DELIVERY reported for RC2025107892 at FPS-0325,2026-02-13T04:00:00,RESOLVED,Resolved: SHORT_DELIVERY verified and adjusted,2026-02-21T04:00:00
GRV-000075,BEN-008968,FPS-0239,QUALITY,QUALITY reported for RC2023108967 at FPS-0239,2026-03-01T08:00:00,RESOLVED,Resolved: QUALITY verified and adjusted,2026-03-03T08:00:00
GRV-000076,BEN-009351,FPS-0198,FPS_CLOSED,FPS_CLOSED reported for RC2025109350 at FPS-0198,2026-01-12T23:00:00,RESOLVED,Resolved: FPS_CLOSED verified and adjusted,2026-01-15T23:00:00
GRV-000077,BEN-005245,FPS-0383,WRONG_QUANTITY,WRONG_QUANTITY reported for RC2023105244 at FPS-0383,2026-02-13T05:00:00,RESOLVED,Resolved: WRONG_QUANTITY verified and adjusted,2026-02-14T05:00:00
GRV-000078,BEN-000230,FPS-0250,SHORT_DELIVERY,SHORT_DELIVERY reported for RC2024100229 at FPS-0250,2026-01-22T21:00:00,RESOLVED,Resolved: SHORT_DELIVERY verified and adjusted,2026-01-29T21:00:00
GRV-000079,BEN-003682,FPS-0552,FPS_CLOSED,FPS_CLOSED reported for RC2023103681 at FPS-0552,2026-02-18T09:00:00,IN_REVIEW,,
GRV-000080,BEN-002294,FPS-0492,QUALITY,QUALITY reported for RC2024102293 at FPS-0492,2026-03-12T07:00:00,CLOSED,Resolved: QUALITY verified and adjusted,2026-03-15T07:00:00
GRV-000081,BEN-006520,FPS-0558,WRONG_QUANTITY,WRONG_QUANTITY reported for RC2023106519 at FPS-0558,2026-02-09T11:00:00,OPEN,,
GRV-000082,BEN-003023,FPS-0336,OTHER,OTHER reported for RC2024103022 at FPS-0336,2026-03-13T13:00:00,OPEN,,
GRV-000083,BEN-003795,FPS-0008,WRONG_QUANTITY,WRONG_QUANTITY reported for RC2025103794 at FPS-0008,2026-02-13T14:00:00,IN_REVIEW,,
GRV-000084,BEN-002521,FPS-0473,ENTITLEMENT_QUERY,ENTITLEMENT_QUERY reported for RC2023102520 at FPS-0473,2026-02-23T21:00:00,RESOLVED,Resolved: ENTITLEMENT_QUERY verified and adjusted,2026-03-04T21:00:00
GRV-000085,BEN-009902,FPS-0585,TRANSACTION_FAILURE,TRANSACTION_FAILURE reported for RC2024109901 at FPS-0585,2026-01-14T22:00:00,IN_REVIEW,,
GRV-000086,BEN-004529,FPS-0065,ENTITLEMENT_QUERY,ENTITLEMENT_QUERY reported for RC2024104528 at FPS-0065,2026-02-01T00:00:00,OPEN,,
GRV-000087,BEN-007151,FPS-0555,OTHER,OTHER reported for RC2024107150 at FPS-0555,2026-02-17T22:00:00,OPEN,,
GRV-000088,BEN-000388,FPS-0557,OTHER,OTHER reported for RC2023100387 at FPS-0557,2026-02-25T03:00:00,RESOLVED,Resolved: OTHER verified and adjusted,2026-03-03T03:00:00
GRV-000089,BEN-006350,FPS-0374,TRANSACTION_FAILURE,TRANSACTION_FAILURE reported for RC2024106349 at FPS-0374,2026-02-08T14:00:00,CLOSED,Resolved: TRANSACTION_FAILURE verified and adjusted,2026-02-13T14:00:00
GRV-000090,BEN-009270,FPS-0502,FPS_CLOSED,FPS_CLOSED reported for RC2025109269 at FPS-0502,2026-02-11T04:00:00,OPEN,,
GRV-000091,BEN-002206,FPS-0484,ENTITLEMENT_QUERY,ENTITLEMENT_QUERY reported for RC2023102205 at FPS-0484,2026-02-02T01:00:00,IN_REVIEW,,
GRV-000092,BEN-009123,FPS-0472,TRANSACTION_FAILURE,TRANSACTION_FAILURE reported for RC2025109122 at FPS-0472,2026-02-10T01:00:00,OPEN,,
GRV-000093,BEN-007884,FPS-0124,SHORT_DELIVERY,SHORT_DELIVERY reported for RC2025107883 at FPS-0124,2026-03-16T23:00:00,RESOLVED,Resolved: SHORT_DELIVERY verified and adjusted,2026-03-26T23:00:00
GRV-000094,BEN-008079,FPS-0153,TRANSACTION_FAILURE,TRANSACTION_FAILURE reported for RC2025108078 at FPS-0153,2026-02-02T13:00:00,RESOLVED,Resolved: TRANSACTION_FAILURE verified and adjusted,2026-02-06T13:00:00
GRV-000095,BEN-006579,FPS-0112,SHORT_DELIVERY,SHORT_DELIVERY reported for RC2025106578 at FPS-0112,2026-03-20T16:00:00,RESOLVED,Resolved: SHORT_DELIVERY verified and adjusted,2026-03-23T16:00:00
GRV-000096,BEN-009133,FPS-0212,WRONG_QUANTITY,WRONG_QUANTITY reported for RC2023109132 at FPS-0212,2026-03-05T03:00:00,IN_REVIEW,,
GRV-000097,BEN-005512,FPS-0187,WRONG_QUANTITY,WRONG_QUANTITY reported for RC2023105511 at FPS-0187,2026-02-05T02:00:00,OPEN,,
GRV-000098,BEN-005554,FPS-0289,QUALITY,QUALITY reported for RC2023105553 at FPS-0289,2026-02-15T01:00:00,RESOLVED,Resolved: QUALITY verified and adjusted,2026-02-20T01:00:00
GRV-000099,BEN-009677,FPS-0146,OTHER,OTHER reported for RC2024109676 at FPS-0146,2026-02-05T19:00:00,RESOLVED,Resolved: OTHER verified and adjusted,2026-02-09T19:00:00
GRV-000100,BEN-008383,FPS-0183,OTHER,OTHER reported for RC2023108382 at FPS-0183,2026-03-20T10:00:00,IN_REVIEW,,
GRV-000101,BEN-000997,FPS-0449,QUALITY,QUALITY reported for RC2023100996 at FPS-0449,2026-03-14T09:00:00,RESOLVED,Resolved: QUALITY verified and adjusted,2026-03-15T09:00:00
GRV-000102,BEN-002469,FPS-0173,WRONG_QUANTITY,WRONG_QUANTITY reported for RC2025102468 at FPS-0173,2026-01-19T13:00:00,OPEN,,
GRV-000103,BEN-003596,FPS-0149,SHORT_DELIVERY,SHORT_DELIVERY reported for RC2024103595 at FPS-0149,2026-02-04T15:00:00,IN_REVIEW,,
GRV-000104,BEN-007781,FPS-0356,TRANSACTION_FAILURE,TRANSACTION_FAILURE reported for RC2024107780 at FPS-0356,2026-02-15T07:00:00,OPEN,,
GRV-000105,BEN-005561,FPS-0470,TRANSACTION_FAILURE,TRANSACTION_FAILURE reported for RC2024105560 at FPS-0470,2026-01-30T03:00:00,OPEN,,
GRV-000106,BEN-005613,FPS-0098,OTHER,OTHER reported for RC2025105612 at FPS-0098,2026-01-31T21:00:00,IN_REVIEW,,
GRV-000107,BEN-005618,FPS-0553,WRONG_QUANTITY,WRONG_QUANTITY reported for RC2024105617 at FPS-0553,2026-02-19T10:00:00,IN_REVIEW,,
GRV-000108,BEN-002899,FPS-0391,OTHER,OTHER reported for RC2023102898 at FPS-0391,2026-01-07T22:00:00,RESOLVED,Resolved: OTHER verified and adjusted,2026-01-09T22:00:00
GRV-000109,BEN-005688,FPS-0398,QUALITY,QUALITY reported for RC2025105687 at FPS-0398,2026-01-07T00:00:00,CLOSED,Resolved: QUALITY verified and adjusted,2026-01-17T00:00:00
GRV-000110,BEN-005609,FPS-0503,FPS_CLOSED,FPS_CLOSED reported for RC2024105608 at FPS-0503,2026-01-26T23:00:00,OPEN,,
GRV-000111,BEN-009280,FPS-0477,FPS_CLOSED,FPS_CLOSED reported for RC2023109279 at FPS-0477,2026-01-20T09:00:00,CLOSED,Resolved: FPS_CLOSED verified and adjusted,2026-01-30T09:00:00
GRV-000112,BEN-003144,FPS-0351,SHORT_DELIVERY,SHORT_DELIVERY reported for RC2025103143 at FPS-0351,2026-01-20T01:00:00,CLOSED,Resolved: SHORT_DELIVERY verified and adjusted,2026-01-22T01:00:00
GRV-000113,BEN-009100,FPS-0367,OTHER,OTHER reported for RC2023109099 at FPS-0367,2026-01-14T21:00:00,RESOLVED,Resolved: OTHER verified and adjusted,2026-01-24T21:00:00
GRV-000114,BEN-002746,FPS-0147,OTHER,OTHER reported for RC2023102745 at FPS-0147,2026-01-28T08:00:00,OPEN,,
GRV-000115,BEN-000014,FPS-0309,SHORT_DELIVERY,SHORT_DELIVERY reported for RC2024100013 at FPS-0309,2026-02-06T19:00:00,RESOLVED,Resolved: SHORT_DELIVERY verified and adjusted,2026-02-09T19:00:00
GRV-000116,BEN-005033,FPS-0336,OTHER,OTHER reported for RC2024105032 at FPS-0336,2026-01-10T03:00:00,IN_REVIEW,,
GRV-000117,BEN-002529,FPS-0079,SHORT_DELIVERY,SHORT_DELIVERY reported for RC2025102528 at FPS-0079,2026-01-07T12:00:00,CLOSED,Resolved: SHORT_DELIVERY verified and adjusted,2026-01-08T12:00:00
GRV-000118,BEN-003064,FPS-0222,ENTITLEMENT_QUERY,ENTITLEMENT_QUERY reported for RC2023103063 at FPS-0222,2026-03-02T03:00:00,OPEN,,
GRV-000119,BEN-000253,FPS-0312,FPS_CLOSED,FPS_CLOSED reported for RC2023100252 at FPS-0312,2026-02-20T06:00:00,CLOSED,Resolved: FPS_CLOSED verified and adjusted,2026-02-24T06:00:00
GRV-000120,BEN-002205,FPS-0299,TRANSACTION_FAILURE,TRANSACTION_FAILURE reported for RC2025102204 at FPS-0299,2026-01-05T01:00:00,IN_REVIEW,,
GRV-000121,BEN-008247,FPS-0024,ENTITLEMENT_QUERY,ENTITLEMENT_QUERY reported for RC2025108246 at FPS-0024,2026-03-15T08:00:00,RESOLVED,Resolved: ENTITLEMENT_QUERY verified and adjusted,2026-03-20T08:00:00
GRV-000122,BEN-000088,FPS-0457,QUALITY,QUALITY reported for RC2023100087 at FPS-0457,2026-03-13T14:00:00,CLOSED,Resolved: QUALITY verified and adjusted,2026-03-23T14:00:00
GRV-000123,BEN-000785,FPS-0210,TRANSACTION_FAILURE,TRANSACTION_FAILURE reported for RC2024100784 at FPS-0210,2026-01-20T00:00:00,RESOLVED,Resolved: TRANSACTION_FAILURE verified and adjusted,2026-01-29T00:00:00
GRV-000124,BEN-000359,FPS-0275,OTHER,OTHER reported for RC2024100358 at FPS-0275,2026-03-09T01:00:00,OPEN,,
GRV-000125,BEN-005627,FPS-0308,ENTITLEMENT_QUERY,ENTITLEMENT_QUERY reported for RC2024105626 at FPS-0308,2026-02-16T22:00:00,CLOSED,Resolved: ENTITLEMENT_QUERY verified and adjusted,2026-02-19T22:00:00
GRV-000126,BEN-000901,FPS-0205,OTHER,OTHER reported for RC2023100900 at FPS-0205,2026-01-16T10:00:00,OPEN,,
GRV-000127,BEN-001868,FPS-0449,ENTITLEMENT_QUERY,ENTITLEMENT_QUERY reported for RC2024101867 at FPS-0449,2026-02-05T07:00:00,OPEN,,
GRV-000128,BEN-001212,FPS-0097,FPS_CLOSED,FPS_CLOSED reported for RC2025101211 at FPS-0097,2026-03-10T19:00:00,RESOLVED,Resolved: FPS_CLOSED verified and adjusted,2026-03-14T19:00:00
GRV-000129,BEN-000793,FPS-0585,OTHER,OTHER reported for RC2023100792 at FPS-0585,2026-02-20T19:00:00,IN_REVIEW,,
GRV-000130,BEN-009974,FPS-0531,WRONG_QUANTITY,WRONG_QUANTITY reported for RC2024109973 at FPS-0531,2026-03-12T23:00:00,OPEN,,
GRV-000131,BEN-001048,FPS-0187,WRONG_QUANTITY,WRONG_QUANTITY reported for RC2023101047 at FPS-0187,2026-01-18T02:00:00,IN_REVIEW,,
GRV-000132,BEN-006941,FPS-0286,QUALITY,QUALITY reported for RC2024106940 at FPS-0286,2026-03-11T15:00:00,RESOLVED,Resolved: QUALITY verified and adjusted,2026-03-20T15:00:00
GRV-000133,BEN-008058,FPS-0594,OTHER,OTHER reported for RC2025108057 at FPS-0594,2026-03-20T01:00:00,OPEN,,
GRV-000134,BEN-005184,FPS-0301,TRANSACTION_FAILURE,TRANSACTION_FAILURE reported for RC2025105183 at FPS-0301,2026-03-13T10:00:00,RESOLVED,Resolved: TRANSACTION_FAILURE verified and adjusted,2026-03-21T10:00:00
GRV-000135,BEN-004589,FPS-0442,QUALITY,QUALITY reported for RC2024104588 at FPS-0442,2026-01-20T13:00:00,IN_REVIEW,,
GRV-000136,BEN-007508,FPS-0282,FPS_CLOSED,FPS_CLOSED reported for RC2024107507 at FPS-0282,2026-03-18T10:00:00,RESOLVED,Resolved: FPS_CLOSED verified and adjusted,2026-03-19T10:00:00
GRV-000137,BEN-004901,FPS-0566,SHORT_DELIVERY,SHORT_DELIVERY reported for RC2024104900 at FPS-0566,2026-02-05T05:00:00,RESOLVED,Resolved: SHORT_DELIVERY verified and adjusted,2026-02-13T05:00:00
GRV-000138,BEN-001476,FPS-0589,FPS_CLOSED,FPS_CLOSED reported for RC2025101475 at FPS-0589,2026-02-21T13:00:00,RESOLVED,Resolved: FPS_CLOSED verified and adjusted,2026-02-23T13:00:00
GRV-000139,BEN-006947,FPS-0397,FPS_CLOSED,FPS_CLOSED reported for RC2024106946 at FPS-0397,2026-02-16T22:00:00,IN_REVIEW,,
GRV-000140,BEN-009603,FPS-0282,FPS_CLOSED,FPS_CLOSED reported for RC2025109602 at FPS-0282,2026-02-26T02:00:00,CLOSED,Resolved: FPS_CLOSED verified and adjusted,2026-03-03T02:00:00
GRV-000141,BEN-007615,FPS-0323,WRONG_QUANTITY,WRONG_QUANTITY reported for RC2023107614 at FPS-0323,2026-02-03T18:00:00,CLOSED,Resolved: WRONG_QUANTITY verified and adjusted,2026-02-04T18:00:00
GRV-000142,BEN-005647,FPS-0263,WRONG_QUANTITY,WRONG_QUANTITY reported for RC2023105646 at FPS-0263,2026-02-04T05:00:00,RESOLVED,Resolved: WRONG_QUANTITY verified and adjusted,2026-02-05T05:00:00
GRV-000143,BEN-002641,FPS-0169,QUALITY,QUALITY reported for RC2023102640 at FPS-0169,2026-01-15T23:00:00,IN_REVIEW,,
GRV-000144,BEN-004910,FPS-0178,ENTITLEMENT_QUERY,ENTITLEMENT_QUERY reported for RC2024104909 at FPS-0178,2026-02-10T10:00:00,RESOLVED,Resolved: ENTITLEMENT_QUERY verified and adjusted,2026-02-17T10:00:00
GRV-000145,BEN-007400,FPS-0130,FPS_CLOSED,FPS_CLOSED reported for RC2024107399 at FPS-0130,2026-03-06T10:00:00,CLOSED,Resolved: FPS_CLOSED verified and adjusted,2026-03-16T10:00:00
GRV-000146,BEN-002971,FPS-0463,FPS_CLOSED,FPS_CLOSED reported for RC2023102970 at FPS-0463,2026-03-10T04:00:00,RESOLVED,Resolved: FPS_CLOSED verified and adjusted,2026-03-20T04:00:00
GRV-000147,BEN-004180,FPS-0290,WRONG_QUANTITY,WRONG_QUANTITY reported for RC2023104179 at FPS-0290,2026-01-19T16:00:00,RESOLVED,Resolved: WRONG_QUANTITY verified and adjusted,2026-01-24T16:00:00
GRV-000148,BEN-007272,FPS-0260,WRONG_QUANTITY,WRONG_QUANTITY reported for RC2025107271 at FPS-0260,2026-01-16T07:00:00,OPEN,,
GRV-000149,BEN-009504,FPS-0528,ENTITLEMENT_QUERY,ENTITLEMENT_QUERY reported for RC2025109503 at FPS-0528,2026-02-28T07:00:00,RESOLVED,Resolved: ENTITLEMENT_QUERY verified and adjusted,2026-03-05T07:00:00
GRV-000150,BEN-004215,FPS-0469,OTHER,OTHER reported for RC2025104214 at FPS-0469,2026-03-10T17:00:00,IN_REVIEW,,
GRV-000151,BEN-003763,FPS-0402,ENTITLEMENT_QUERY,ENTITLEMENT_QUERY reported for RC2023103762 at FPS-0402,2026-02-15T12:00:00,RESOLVED,Resolved: ENTITLEMENT_QUERY verified and adjusted,2026-02-24T12:00:00
GRV-000152,BEN-001741,FPS-0187,WRONG_QUANTITY,WRONG_QUANTITY reported for RC2023101740 at FPS-0187,2026-01-29T20:00:00,RESOLVED,Resolved: WRONG_QUANTITY verified and adjusted,2026-02-03T20:00:00
GRV-000153,BEN-003206,FPS-0345,OTHER,OTHER reported for RC2024103205 at FPS-0345,2026-01-15T19:00:00,CLOSED,Resolved: OTHER verified and adjusted,2026-01-22T19:00:00
GRV-000154,BEN-003337,FPS-0421,ENTITLEMENT_QUERY,ENTITLEMENT_QUERY reported for RC2023103336 at FPS-0421,2026-02-20T08:00:00,CLOSED,Resolved: ENTITLEMENT_QUERY verified and adjusted,2026-02-23T08:00:00
GRV-000155,BEN-004544,FPS-0485,SHORT_DELIVERY,SHORT_DELIVERY reported for RC2024104543 at FPS-0485,2026-02-17T12:00:00,IN_REVIEW,,
GRV-000156,BEN-003396,FPS-0232,WRONG_QUANTITY,WRONG_QUANTITY reported for RC2025103395 at FPS-0232,2026-02-17T14:00:00,CLOSED,Resolved: WRONG_QUANTITY verified and adjusted,2026-02-19T14:00:00
GRV-000157,BEN-008029,FPS-0283,SHORT_DELIVERY,SHORT_DELIVERY reported for RC2023108028 at FPS-0283,2026-02-08T12:00:00,RESOLVED,Resolved: SHORT_DELIVERY verified and adjusted,2026-02-16T12:00:00
GRV-000158,BEN-008265,FPS-0348,WRONG_QUANTITY,WRONG_QUANTITY reported for RC2025108264 at FPS-0348,2026-01-19T18:00:00,RESOLVED,Resolved: WRONG_QUANTITY verified and adjusted,2026-01-29T18:00:00
GRV-000159,BEN-009992,FPS-0411,FPS_CLOSED,FPS_CLOSED reported for RC2024109991 at FPS-0411,2026-03-20T20:00:00,RESOLVED,Resolved: FPS_CLOSED verified and adjusted,2026-03-21T20:00:00
GRV-000160,BEN-008649,FPS-0048,WRONG_QUANTITY,WRONG_QUANTITY reported for RC2025108648 at FPS-0048,2026-02-07T13:00:00,CLOSED,Resolved: WRONG_QUANTITY verified and adjusted,2026-02-13T13:00:00
GRV-000161,BEN-006836,FPS-0321,FPS_CLOSED,FPS_CLOSED reported for RC2024106835 at FPS-0321,2026-01-26T02:00:00,RESOLVED,Resolved: FPS_CLOSED verified and adjusted,2026-02-01T02:00:00
GRV-000162,BEN-006043,FPS-0568,QUALITY,QUALITY reported for RC2023106042 at FPS-0568,2026-01-18T08:00:00,OPEN,,
GRV-000163,BEN-004871,FPS-0121,FPS_CLOSED,FPS_CLOSED reported for RC2024104870 at FPS-0121,2026-01-15T07:00:00,RESOLVED,Resolved: FPS_CLOSED verified and adjusted,2026-01-23T07:00:00
GRV-000164,BEN-009053,FPS-0093,TRANSACTION_FAILURE,TRANSACTION_FAILURE reported for RC2024109052 at FPS-0093,2026-02-19T21:00:00,OPEN,,
GRV-000165,BEN-002336,FPS-0336,WRONG_QUANTITY,WRONG_QUANTITY reported for RC2024102335 at FPS-0336,2026-02-03T17:00:00,RESOLVED,Resolved: WRONG_QUANTITY verified and adjusted,2026-02-10T17:00:00
GRV-000166,BEN-001844,FPS-0315,WRONG_QUANTITY,WRONG_QUANTITY reported for RC2024101843 at FPS-0315,2026-01-24T04:00:00,RESOLVED,Resolved: WRONG_QUANTITY verified and adjusted,2026-01-28T04:00:00
GRV-000167,BEN-009285,FPS-0011,WRONG_QUANTITY,WRONG_QUANTITY reported for RC2025109284 at FPS-0011,2026-01-14T21:00:00,CLOSED,Resolved: WRONG_QUANTITY verified and adjusted,2026-01-23T21:00:00
GRV-000168,BEN-003470,FPS-0185,TRANSACTION_FAILURE,TRANSACTION_FAILURE reported for RC2024103469 at FPS-0185,2026-02-02T03:00:00,CLOSED,Resolved: TRANSACTION_FAILURE verified and adjusted,2026-02-09T03:00:00
GRV-000169,BEN-002340,FPS-0374,TRANSACTION_FAILURE,TRANSACTION_FAILURE reported for RC2025102339 at FPS-0374,2026-01-23T09:00:00,RESOLVED,Resolved: TRANSACTION_FAILURE verified and adjusted,2026-01-24T09:00:00
GRV-000170,BEN-003983,FPS-0081,FPS_CLOSED,FPS_CLOSED reported for RC2024103982 at FPS-0081,2026-03-05T19:00:00,IN_REVIEW,,
GRV-000171,BEN-009094,FPS-0114,FPS_CLOSED,FPS_CLOSED reported for RC2023109093 at FPS-0114,2026-02-25T10:00:00,OPEN,,
GRV-000172,BEN-004904,FPS-0187,OTHER,OTHER reported for RC2024104903 at FPS-0187,2026-03-16T10:00:00,CLOSED,Resolved: OTHER verified and adjusted,2026-03-24T10:00:00
GRV-000173,BEN-006469,FPS-0105,FPS_CLOSED,FPS_CLOSED reported for RC2023106468 at FPS-0105,2026-01-27T21:00:00,RESOLVED,Resolved: FPS_CLOSED verified and adjusted,2026-02-04T21:00:00
GRV-000174,BEN-006916,FPS-0428,ENTITLEMENT_QUERY,ENTITLEMENT_QUERY reported for RC2023106915 at FPS-0428,2026-01-30T06:00:00,OPEN,,
GRV-000175,BEN-007077,FPS-0130,QUALITY,QUALITY reported for RC2025107076 at FPS-0130,2026-02-24T10:00:00,OPEN,,
GRV-000176,BEN-001375,FPS-0443,SHORT_DELIVERY,SHORT_DELIVERY reported for RC2023101374 at FPS-0443,2026-02-05T19:00:00,RESOLVED,Resolved: SHORT_DELIVERY verified and adjusted,2026-02-15T19:00:00
GRV-000177,BEN-003374,FPS-0409,SHORT_DELIVERY,SHORT_DELIVERY reported for RC2024103373 at FPS-0409,2026-03-21T08:00:00,IN_REVIEW,,
GRV-000178,BEN-006063,FPS-0368,SHORT_DELIVERY,SHORT_DELIVERY reported for RC2025106062 at FPS-0368,2026-01-29T16:00:00,RESOLVED,Resolved: SHORT_DELIVERY verified and adjusted,2026-02-01T16:00:00
GRV-000179,BEN-006367,FPS-0130,WRONG_QUANTITY,WRONG_QUANTITY reported for RC2023106366 at FPS-0130,2026-01-12T18:00:00,CLOSED,Resolved: WRONG_QUANTITY verified and adjusted,2026-01-21T18:00:00
GRV-000180,BEN-006552,FPS-0465,SHORT_DELIVERY,SHORT_DELIVERY reported for RC2025106551 at FPS-0465,2026-01-17T19:00:00,RESOLVED,Resolved: SHORT_DELIVERY verified and adjusted,2026-01-26T19:00:00
GRV-000181,BEN-000015,FPS-0436,WRONG_QUANTITY,WRONG_QUANTITY reported for RC2025100014 at FPS-0436,2026-01-07T09:00:00,IN_REVIEW,,
GRV-000182,BEN-007332,FPS-0352,SHORT_DELIVERY,SHORT_DELIVERY reported for RC2025107331 at FPS-0352,2026-03-16T18:00:00,IN_REVIEW,,
GRV-000183,BEN-003991,FPS-0188,WRONG_QUANTITY,WRONG_QUANTITY reported for RC2023103990 at FPS-0188,2026-01-13T15:00:00,RESOLVED,Resolved: WRONG_QUANTITY verified and adjusted,2026-01-21T15:00:00
GRV-000184,BEN-001678,FPS-0043,WRONG_QUANTITY,WRONG_QUANTITY reported for RC2023101677 at FPS-0043,2026-03-11T22:00:00,RESOLVED,Resolved: WRONG_QUANTITY verified and adjusted,2026-03-16T22:00:00
GRV-000185,BEN-007421,FPS-0229,TRANSACTION_FAILURE,TRANSACTION_FAILURE reported for RC2024107420 at FPS-0229,2026-03-13T05:00:00,RESOLVED,Resolved: TRANSACTION_FAILURE verified and adjusted,2026-03-18T05:00:00
GRV-000186,BEN-008157,FPS-0273,QUALITY,QUALITY reported for RC2025108156 at FPS-0273,2026-01-17T04:00:00,OPEN,,
GRV-000187,BEN-004590,FPS-0330,SHORT_DELIVERY,SHORT_DELIVERY reported for RC2025104589 at FPS-0330,2026-01-11T01:00:00,RESOLVED,Resolved: SHORT_DELIVERY verified and adjusted,2026-01-19T01:00:00
GRV-000188,BEN-002170,FPS-0030,FPS_CLOSED,FPS_CLOSED reported for RC2023102169 at FPS-0030,2026-01-27T17:00:00,OPEN,,
GRV-000189,BEN-003852,FPS-0585,FPS_CLOSED,FPS_CLOSED reported for RC2025103851 at FPS-0585,2026-03-14T16:00:00,RESOLVED,Resolved: FPS_CLOSED verified and adjusted,2026-03-22T16:00:00
GRV-000190,BEN-007716,FPS-0115,TRANSACTION_FAILURE,TRANSACTION_FAILURE reported for RC2025107715 at FPS-0115,2026-02-10T05:00:00,RESOLVED,Resolved: TRANSACTION_FAILURE verified and adjusted,2026-02-11T05:00:00
GRV-000191,BEN-009475,FPS-0013,ENTITLEMENT_QUERY,ENTITLEMENT_QUERY reported for RC2023109474 at FPS-0013,2026-01-23T16:00:00,RESOLVED,Resolved: ENTITLEMENT_QUERY verified and adjusted,2026-01-26T16:00:00
GRV-000192,BEN-004496,FPS-0537,SHORT_DELIVERY,SHORT_DELIVERY reported for RC2024104495 at FPS-0537,2026-03-14T03:00:00,RESOLVED,Resolved: SHORT_DELIVERY verified and adjusted,2026-03-21T03:00:00
GRV-000193,BEN-007178,FPS-0408,TRANSACTION_FAILURE,TRANSACTION_FAILURE reported for RC2024107177 at FPS-0408,2026-01-08T19:00:00,RESOLVED,Resolved: TRANSACTION_FAILURE verified and adjusted,2026-01-13T19:00:00
GRV-000194,BEN-006998,FPS-0417,FPS_CLOSED,FPS_CLOSED reported for RC2024106997 at FPS-0417,2026-02-03T06:00:00,RESOLVED,Resolved: FPS_CLOSED verified and adjusted,2026-02-08T06:00:00
GRV-000195,BEN-005598,FPS-0219,TRANSACTION_FAILURE,TRANSACTION_FAILURE reported for RC2025105597 at FPS-0219,2026-03-13T13:00:00,OPEN,,
GRV-000196,BEN-006913,FPS-0189,QUALITY,QUALITY reported for RC2023106912 at FPS-0189,2026-02-09T22:00:00,OPEN,,
GRV-000197,BEN-007794,FPS-0055,WRONG_QUANTITY,WRONG_QUANTITY reported for RC2025107793 at FPS-0055,2026-02-10T23:00:00,CLOSED,Resolved: WRONG_QUANTITY verified and adjusted,2026-02-20T23:00:00
GRV-000198,BEN-004958,FPS-0043,QUALITY,QUALITY reported for RC2024104957 at FPS-0043,2026-03-12T17:00:00,IN_REVIEW,,
GRV-000199,BEN-008674,FPS-0468,ENTITLEMENT_QUERY,ENTITLEMENT_QUERY reported for RC2023108673 at FPS-0468,2026-03-20T19:00:00,RESOLVED,Resolved: ENTITLEMENT_QUERY verified and adjusted,2026-03-22T19:00:00
GRV-000200,BEN-006960,FPS-0211,QUALITY,QUALITY reported for RC2025106959 at FPS-0211,2026-03-06T19:00:00,RESOLVED,Resolved: QUALITY verified and adjusted,2026-03-09T19:00:00
GRV-000201,BEN-005659,FPS-0585,OTHER,OTHER reported for RC2023105658 at FPS-0585,2026-01-05T14:00:00,RESOLVED,Resolved: OTHER verified and adjusted,2026-01-08T14:00:00
GRV-000202,BEN-001167,FPS-0470,OTHER,OTHER reported for RC2025101166 at FPS-0470,2026-03-14T01:00:00,OPEN,,
GRV-000203,BEN-000740,FPS-0545,SHORT_DELIVERY,SHORT_DELIVERY reported for RC2024100739 at FPS-0545,2026-01-10T15:00:00,IN_REVIEW,,
GRV-000204,BEN-003894,FPS-0518,FPS_CLOSED,FPS_CLOSED reported for RC2025103893 at FPS-0518,2026-03-17T06:00:00,RESOLVED,Resolved: FPS_CLOSED verified and adjusted,2026-03-25T06:00:00
GRV-000205,BEN-008449,FPS-0142,FPS_CLOSED,FPS_CLOSED reported for RC2023108448 at FPS-0142,2026-02-09T12:00:00,RESOLVED,Resolved: FPS_CLOSED verified and adjusted,2026-02-16T12:00:00
GRV-000206,BEN-002898,FPS-0405,QUALITY,QUALITY reported for RC2025102897 at FPS-0405,2026-01-29T06:00:00,IN_REVIEW,,
GRV-000207,BEN-000581,FPS-0453,SHORT_DELIVERY,SHORT_DELIVERY reported for RC2024100580 at FPS-0453,2026-01-22T18:00:00,RESOLVED,Resolved: SHORT_DELIVERY verified and adjusted,2026-01-23T18:00:00
GRV-000208,BEN-001647,FPS-0414,ENTITLEMENT_QUERY,ENTITLEMENT_QUERY reported for RC2025101646 at FPS-0414,2026-01-27T04:00:00,RESOLVED,Resolved: ENTITLEMENT_QUERY verified and adjusted,2026-01-29T04:00:00
GRV-000209,BEN-005048,FPS-0024,FPS_CLOSED,FPS_CLOSED reported for RC2024105047 at FPS-0024,2026-01-06T10:00:00,CLOSED,Resolved: FPS_CLOSED verified and adjusted,2026-01-15T10:00:00
GRV-000210,BEN-000538,FPS-0410,FPS_CLOSED,FPS_CLOSED reported for RC2023100537 at FPS-0410,2026-01-23T20:00:00,IN_REVIEW,,
GRV-000211,BEN-003248,FPS-0309,ENTITLEMENT_QUERY,ENTITLEMENT_QUERY reported for RC2024103247 at FPS-0309,2026-03-04T17:00:00,RESOLVED,Resolved: ENTITLEMENT_QUERY verified and adjusted,2026-03-14T17:00:00
GRV-000212,BEN-001670,FPS-0024,ENTITLEMENT_QUERY,ENTITLEMENT_QUERY reported for RC2024101669 at FPS-0024,2026-02-23T21:00:00,OPEN,,
GRV-000213,BEN-009281,FPS-0386,FPS_CLOSED,FPS_CLOSED reported for RC2024109280 at FPS-0386,2026-03-02T13:00:00,RESOLVED,Resolved: FPS_CLOSED verified and adjusted,2026-03-06T13:00:00
GRV-000214,BEN-003407,FPS-0103,QUALITY,QUALITY reported for RC2024103406 at FPS-0103,2026-02-11T00:00:00,RESOLVED,Resolved: QUALITY verified and adjusted,2026-02-18T00:00:00
GRV-000215,BEN-000436,FPS-0562,ENTITLEMENT_QUERY,ENTITLEMENT_QUERY reported for RC2023100435 at FPS-0562,2026-03-07T03:00:00,OPEN,,
GRV-000216,BEN-005256,FPS-0497,OTHER,OTHER reported for RC2025105255 at FPS-0497,2026-02-25T19:00:00,OPEN,,
GRV-000217,BEN-004460,FPS-0111,OTHER,OTHER reported for RC2024104459 at FPS-0111,2026-01-16T17:00:00,CLOSED,Resolved: OTHER verified and adjusted,2026-01-25T17:00:00
GRV-000218,BEN-007844,FPS-0340,WRONG_QUANTITY,WRONG_QUANTITY reported for RC2024107843 at FPS-0340,2026-01-19T23:00:00,IN_REVIEW,,
GRV-000219,BEN-002952,FPS-0127,FPS_CLOSED,FPS_CLOSED reported for RC2025102951 at FPS-0127,2026-01-25T22:00:00,OPEN,,
GRV-000220,BEN-002356,FPS-0095,FPS_CLOSED,FPS_CLOSED reported for RC2023102355 at FPS-0095,2026-02-15T21:00:00,CLOSED,Resolved: FPS_CLOSED verified and adjusted,2026-02-20T21:00:00
GRV-000221,BEN-004821,FPS-0445,QUALITY,QUALITY reported for RC2025104820 at FPS-0445,2026-03-20T02:00:00,OPEN,,
GRV-000222,BEN-003627,FPS-0093,QUALITY,QUALITY reported for RC2025103626 at FPS-0093,2026-03-12T08:00:00,RESOLVED,Resolved: QUALITY verified and adjusted,2026-03-18T08:00:00
GRV-000223,BEN-007597,FPS-0305,FPS_CLOSED,FPS_CLOSED reported for RC2023107596 at FPS-0305,2026-01-22T08:00:00,CLOSED,Resolved: FPS_CLOSED verified and adjusted,2026-02-01T08:00:00
GRV-000224,BEN-009111,FPS-0375,OTHER,OTHER reported for RC2025109110 at FPS-0375,2026-01-11T15:00:00,RESOLVED,Resolved: OTHER verified and adjusted,2026-01-12T15:00:00
GRV-000225,BEN-000382,FPS-0388,WRONG_QUANTITY,WRONG_QUANTITY reported for RC2023100381 at FPS-0388,2026-03-11T07:00:00,RESOLVED,Resolved: WRONG_QUANTITY verified and adjusted,2026-03-20T07:00:00
GRV-000226,BEN-006285,FPS-0460,QUALITY,QUALITY reported for RC2025106284 at FPS-0460,2026-03-19T10:00:00,IN_REVIEW,,
GRV-000227,BEN-006884,FPS-0152,WRONG_QUANTITY,WRONG_QUANTITY reported for RC2024106883 at FPS-0152,2026-01-20T02:00:00,IN_REVIEW,,
GRV-000228,BEN-006343,FPS-0376,OTHER,OTHER reported for RC2023106342 at FPS-0376,2026-01-06T12:00:00,RESOLVED,Resolved: OTHER verified and adjusted,2026-01-15T12:00:00
GRV-000229,BEN-001713,FPS-0011,FPS_CLOSED,FPS_CLOSED reported for RC2025101712 at FPS-0011,2026-01-25T10:00:00,CLOSED,Resolved: FPS_CLOSED verified and adjusted,2026-02-03T10:00:00
GRV-000230,BEN-000102,FPS-0299,WRONG_QUANTITY,WRONG_QUANTITY reported for RC2025100101 at FPS-0299,2026-03-02T18:00:00,RESOLVED,Resolved: WRONG_QUANTITY verified and adjusted,2026-03-10T18:00:00
GRV-000231,BEN-003391,FPS-0373,TRANSACTION_FAILURE,TRANSACTION_FAILURE reported for RC2023103390 at FPS-0373,2026-01-25T12:00:00,RESOLVED,Resolved: TRANSACTION_FAILURE verified and adjusted,2026-01-28T12:00:00
GRV-000232,BEN-002713,FPS-0275,ENTITLEMENT_QUERY,ENTITLEMENT_QUERY reported for RC2023102712 at FPS-0275,2026-01-17T17:00:00,IN_REVIEW,,
GRV-000233,BEN-008232,FPS-0108,TRANSACTION_FAILURE,TRANSACTION_FAILURE reported for RC2025108231 at FPS-0108,2026-02-12T12:00:00,CLOSED,Resolved: TRANSACTION_FAILURE verified and adjusted,2026-02-13T12:00:00
GRV-000234,BEN-003034,FPS-0103,ENTITLEMENT_QUERY,ENTITLEMENT_QUERY reported for RC2023103033 at FPS-0103,2026-01-09T22:00:00,RESOLVED,Resolved: ENTITLEMENT_QUERY verified and adjusted,2026-01-17T22:00:00
GRV-000235,BEN-002028,FPS-0053,SHORT_DELIVERY,SHORT_DELIVERY reported for RC2025102027 at FPS-0053,2026-02-14T22:00:00,IN_REVIEW,,
GRV-000236,BEN-005469,FPS-0248,WRONG_QUANTITY,WRONG_QUANTITY reported for RC2025105468 at FPS-0248,2026-03-15T12:00:00,RESOLVED,Resolved: WRONG_QUANTITY verified and adjusted,2026-03-17T12:00:00
GRV-000237,BEN-008351,FPS-0521,ENTITLEMENT_QUERY,ENTITLEMENT_QUERY reported for RC2024108350 at FPS-0521,2026-01-28T20:00:00,IN_REVIEW,,
GRV-000238,BEN-004650,FPS-0430,FPS_CLOSED,FPS_CLOSED reported for RC2025104649 at FPS-0430,2026-02-11T14:00:00,IN_REVIEW,,
GRV-000239,BEN-001515,FPS-0535,FPS_CLOSED,FPS_CLOSED reported for RC2025101514 at FPS-0535,2026-01-05T07:00:00,RESOLVED,Resolved: FPS_CLOSED verified and adjusted,2026-01-09T07:00:00
GRV-000240,BEN-005013,FPS-0123,TRANSACTION_FAILURE,TRANSACTION_FAILURE reported for RC2025105012 at FPS-0123,2026-02-23T17:00:00,RESOLVED,Resolved: TRANSACTION_FAILURE verified and adjusted,2026-03-01T17:00:00
GRV-000241,BEN-009685,FPS-0124,FPS_CLOSED,FPS_CLOSED reported for RC2023109684 at FPS-0124,2026-01-10T12:00:00,CLOSED,Resolved: FPS_CLOSED verified and adjusted,2026-01-13T12:00:00
GRV-000242,BEN-006158,FPS-0475,OTHER,OTHER reported for RC2024106157 at FPS-0475,2026-02-19T13:00:00,RESOLVED,Resolved: OTHER verified and adjusted,2026-02-21T13:00:00
GRV-000243,BEN-003687,FPS-0581,ENTITLEMENT_QUERY,ENTITLEMENT_QUERY reported for RC2025103686 at FPS-0581,2026-02-14T23:00:00,OPEN,,
GRV-000244,BEN-007618,FPS-0499,QUALITY,QUALITY reported for RC2023107617 at FPS-0499,2026-02-03T14:00:00,RESOLVED,Resolved: QUALITY verified and adjusted,2026-02-09T14:00:00
GRV-000245,BEN-009103,FPS-0379,WRONG_QUANTITY,WRONG_QUANTITY reported for RC2023109102 at FPS-0379,2026-02-22T07:00:00,OPEN,,
GRV-000246,BEN-007776,FPS-0069,OTHER,OTHER reported for RC2025107775 at FPS-0069,2026-03-16T12:00:00,RESOLVED,Resolved: OTHER verified and adjusted,2026-03-19T12:00:00
GRV-000247,BEN-007553,FPS-0301,ENTITLEMENT_QUERY,ENTITLEMENT_QUERY reported for RC2024107552 at FPS-0301,2026-01-25T23:00:00,RESOLVED,Resolved: ENTITLEMENT_QUERY verified and adjusted,2026-01-28T23:00:00
GRV-000248,BEN-003974,FPS-0365,SHORT_DELIVERY,SHORT_DELIVERY reported for RC2024103973 at FPS-0365,2026-02-06T10:00:00,IN_REVIEW,,
GRV-000249,BEN-000151,FPS-0177,SHORT_DELIVERY,SHORT_DELIVERY reported for RC2023100150 at FPS-0177,2026-01-17T17:00:00,OPEN,,
GRV-000250,BEN-002047,FPS-0575,TRANSACTION_FAILURE,TRANSACTION_FAILURE reported for RC2023102046 at FPS-0575,2026-03-12T00:00:00,RESOLVED,Resolved: TRANSACTION_FAILURE verified and adjusted,2026-03-14T00:00:00
GRV-000251,BEN-004375,FPS-0470,FPS_CLOSED,FPS_CLOSED reported for RC2023104374 at FPS-0470,2026-03-21T21:00:00,CLOSED,Resolved: FPS_CLOSED verified and adjusted,2026-03-31T21:00:00
GRV-000252,BEN-005318,FPS-0575,OTHER,OTHER reported for RC2024105317 at FPS-0575,2026-03-01T23:00:00,RESOLVED,Resolved: OTHER verified and adjusted,2026-03-10T23:00:00
GRV-000253,BEN-005912,FPS-0190,WRONG_QUANTITY,WRONG_QUANTITY reported for RC2024105911 at FPS-0190,2026-01-10T01:00:00,OPEN,,
GRV-000254,BEN-003271,FPS-0557,TRANSACTION_FAILURE,TRANSACTION_FAILURE reported for RC2023103270 at FPS-0557,2026-01-12T09:00:00,RESOLVED,Resolved: TRANSACTION_FAILURE verified and adjusted,2026-01-22T09:00:00
GRV-000255,BEN-005823,FPS-0307,OTHER,OTHER reported for RC2025105822 at FPS-0307,2026-03-06T08:00:00,CLOSED,Resolved: OTHER verified and adjusted,2026-03-10T08:00:00
GRV-000256,BEN-004915,FPS-0458,QUALITY,QUALITY reported for RC2023104914 at FPS-0458,2026-01-25T04:00:00,RESOLVED,Resolved: QUALITY verified and adjusted,2026-01-28T04:00:00
GRV-000257,BEN-002389,FPS-0069,WRONG_QUANTITY,WRONG_QUANTITY reported for RC2023102388 at FPS-0069,2026-03-11T09:00:00,RESOLVED,Resolved: WRONG_QUANTITY verified and adjusted,2026-03-16T09:00:00
GRV-000258,BEN-004884,FPS-0498,FPS_CLOSED,FPS_CLOSED reported for RC2025104883 at FPS-0498,2026-01-08T18:00:00,RESOLVED,Resolved: FPS_CLOSED verified and adjusted,2026-01-12T18:00:00
GRV-000259,BEN-008417,FPS-0050,QUALITY,QUALITY reported for RC2024108416 at FPS-0050,2026-01-28T23:00:00,OPEN,,
GRV-000260,BEN-008049,FPS-0366,QUALITY,QUALITY reported for RC2025108048 at FPS-0366,2026-02-19T08:00:00,RESOLVED,Resolved: QUALITY verified and adjusted,2026-03-01T08:00:00
GRV-000261,BEN-006543,FPS-0414,ENTITLEMENT_QUERY,ENTITLEMENT_QUERY reported for RC2025106542 at FPS-0414,2026-01-26T12:00:00,RESOLVED,Resolved: ENTITLEMENT_QUERY verified and adjusted,2026-02-04T12:00:00
GRV-000262,BEN-003815,FPS-0323,WRONG_QUANTITY,WRONG_QUANTITY reported for RC2024103814 at FPS-0323,2026-02-21T17:00:00,CLOSED,Resolved: WRONG_QUANTITY verified and adjusted,2026-02-25T17:00:00
GRV-000263,BEN-005873,FPS-0413,WRONG_QUANTITY,WRONG_QUANTITY reported for RC2024105872 at FPS-0413,2026-01-28T07:00:00,CLOSED,Resolved: WRONG_QUANTITY verified and adjusted,2026-02-04T07:00:00
GRV-000264,BEN-008356,FPS-0353,TRANSACTION_FAILURE,TRANSACTION_FAILURE reported for RC2023108355 at FPS-0353,2026-02-09T16:00:00,CLOSED,Resolved: TRANSACTION_FAILURE verified and adjusted,2026-02-10T16:00:00
GRV-000265,BEN-009679,FPS-0236,TRANSACTION_FAILURE,TRANSACTION_FAILURE reported for RC2023109678 at FPS-0236,2026-03-18T10:00:00,OPEN,,
GRV-000266,BEN-004013,FPS-0255,ENTITLEMENT_QUERY,ENTITLEMENT_QUERY reported for RC2024104012 at FPS-0255,2026-02-08T18:00:00,OPEN,,
GRV-000267,BEN-001986,FPS-0052,QUALITY,QUALITY reported for RC2025101985 at FPS-0052,2026-01-29T06:00:00,OPEN,,
GRV-000268,BEN-004354,FPS-0268,ENTITLEMENT_QUERY,ENTITLEMENT_QUERY reported for RC2023104353 at FPS-0268,2026-01-21T02:00:00,IN_REVIEW,,
GRV-000269,BEN-000931,FPS-0509,QUALITY,QUALITY reported for RC2023100930 at FPS-0509,2026-02-09T18:00:00,RESOLVED,Resolved: QUALITY verified and adjusted,2026-02-12T18:00:00
GRV-000270,BEN-007605,FPS-0345,WRONG_QUANTITY,WRONG_QUANTITY reported for RC2025107604 at FPS-0345,2026-01-27T02:00:00,RESOLVED,Resolved: WRONG_QUANTITY verified and adjusted,2026-02-03T02:00:00
GRV-000271,BEN-000168,FPS-0412,QUALITY,QUALITY reported for RC2025100167 at FPS-0412,2026-01-28T09:00:00,RESOLVED,Resolved: QUALITY verified and adjusted,2026-02-06T09:00:00
GRV-000272,BEN-007010,FPS-0374,OTHER,OTHER reported for RC2024107009 at FPS-0374,2026-03-14T19:00:00,RESOLVED,Resolved: OTHER verified and adjusted,2026-03-18T19:00:00
GRV-000273,BEN-006101,FPS-0060,QUALITY,QUALITY reported for RC2024106100 at FPS-0060,2026-01-18T20:00:00,IN_REVIEW,,
GRV-000274,BEN-009650,FPS-0145,OTHER,OTHER reported for RC2024109649 at FPS-0145,2026-02-02T22:00:00,RESOLVED,Resolved: OTHER verified and adjusted,2026-02-12T22:00:00
GRV-000275,BEN-001618,FPS-0230,SHORT_DELIVERY,SHORT_DELIVERY reported for RC2023101617 at FPS-0230,2026-01-31T06:00:00,RESOLVED,Resolved: SHORT_DELIVERY verified and adjusted,2026-02-01T06:00:00
GRV-000276,BEN-005088,FPS-0588,OTHER,OTHER reported for RC2025105087 at FPS-0588,2026-02-10T09:00:00,RESOLVED,Resolved: OTHER verified and adjusted,2026-02-19T09:00:00
GRV-000277,BEN-002212,FPS-0083,WRONG_QUANTITY,WRONG_QUANTITY reported for RC2023102211 at FPS-0083,2026-03-10T21:00:00,OPEN,,
GRV-000278,BEN-001327,FPS-0366,SHORT_DELIVERY,SHORT_DELIVERY reported for RC2023101326 at FPS-0366,2026-03-17T17:00:00,RESOLVED,Resolved: SHORT_DELIVERY verified and adjusted,2026-03-26T17:00:00
GRV-000279,BEN-006686,FPS-0117,OTHER,OTHER reported for RC2024106685 at FPS-0117,2026-03-16T20:00:00,IN_REVIEW,,
GRV-000280,BEN-005420,FPS-0333,WRONG_QUANTITY,WRONG_QUANTITY reported for RC2024105419 at FPS-0333,2026-02-07T22:00:00,RESOLVED,Resolved: WRONG_QUANTITY verified and adjusted,2026-02-08T22:00:00
GRV-000281,BEN-001589,FPS-0249,QUALITY,QUALITY reported for RC2024101588 at FPS-0249,2026-01-13T10:00:00,OPEN,,
GRV-000282,BEN-008604,FPS-0472,TRANSACTION_FAILURE,TRANSACTION_FAILURE reported for RC2025108603 at FPS-0472,2026-01-31T22:00:00,OPEN,,
GRV-000283,BEN-001717,FPS-0143,QUALITY,QUALITY reported for RC2023101716 at FPS-0143,2026-02-06T00:00:00,OPEN,,
GRV-000284,BEN-009565,FPS-0464,TRANSACTION_FAILURE,TRANSACTION_FAILURE reported for RC2023109564 at FPS-0464,2026-03-10T12:00:00,RESOLVED,Resolved: TRANSACTION_FAILURE verified and adjusted,2026-03-16T12:00:00
GRV-000285,BEN-007363,FPS-0304,OTHER,OTHER reported for RC2023107362 at FPS-0304,2026-01-15T03:00:00,RESOLVED,Resolved: OTHER verified and adjusted,2026-01-22T03:00:00
GRV-000286,BEN-006168,FPS-0067,QUALITY,QUALITY reported for RC2025106167 at FPS-0067,2026-01-25T18:00:00,RESOLVED,Resolved: QUALITY verified and adjusted,2026-01-28T18:00:00
GRV-000287,BEN-002657,FPS-0171,ENTITLEMENT_QUERY,ENTITLEMENT_QUERY reported for RC2024102656 at FPS-0171,2026-01-07T19:00:00,RESOLVED,Resolved: ENTITLEMENT_QUERY verified and adjusted,2026-01-17T19:00:00
GRV-000288,BEN-002269,FPS-0504,QUALITY,QUALITY reported for RC2023102268 at FPS-0504,2026-02-27T10:00:00,RESOLVED,Resolved: QUALITY verified and adjusted,2026-03-06T10:00:00
GRV-000289,BEN-008115,FPS-0288,ENTITLEMENT_QUERY,ENTITLEMENT_QUERY reported for RC2025108114 at FPS-0288,2026-01-21T23:00:00,RESOLVED,Resolved: ENTITLEMENT_QUERY verified and adjusted,2026-01-25T23:00:00
GRV-000290,BEN-008221,FPS-0505,WRONG_QUANTITY,WRONG_QUANTITY reported for RC2023108220 at FPS-0505,2026-01-15T12:00:00,IN_REVIEW,,
GRV-000291,BEN-008142,FPS-0108,QUALITY,QUALITY reported for RC2025108141 at FPS-0108,2026-02-23T10:00:00,RESOLVED,Resolved: QUALITY verified and adjusted,2026-03-05T10:00:00
GRV-000292,BEN-009065,FPS-0336,WRONG_QUANTITY,WRONG_QUANTITY reported for RC2024109064 at FPS-0336,2026-03-05T04:00:00,IN_REVIEW,,
GRV-000293,BEN-005652,FPS-0010,ENTITLEMENT_QUERY,ENTITLEMENT_QUERY reported for RC2025105651 at FPS-0010,2026-02-02T19:00:00,RESOLVED,Resolved: ENTITLEMENT_QUERY verified and adjusted,2026-02-07T19:00:00
GRV-000294,BEN-005138,FPS-0549,QUALITY,QUALITY reported for RC2024105137 at FPS-0549,2026-03-21T22:00:00,RESOLVED,Resolved: QUALITY verified and adjusted,2026-03-24T22:00:00
GRV-000295,BEN-002950,FPS-0029,OTHER,OTHER reported for RC2023102949 at FPS-0029,2026-02-21T23:00:00,RESOLVED,Resolved: OTHER verified and adjusted,2026-02-22T23:00:00
GRV-000296,BEN-008932,FPS-0128,FPS_CLOSED,FPS_CLOSED reported for RC2023108931 at FPS-0128,2026-02-23T23:00:00,RESOLVED,Resolved: FPS_CLOSED verified and adjusted,2026-02-25T23:00:00
GRV-000297,BEN-005244,FPS-0587,SHORT_DELIVERY,SHORT_DELIVERY reported for RC2025105243 at FPS-0587,2026-01-30T18:00:00,CLOSED,Resolved: SHORT_DELIVERY verified and adjusted,2026-02-02T18:00:00
GRV-000298,BEN-005026,FPS-0142,ENTITLEMENT_QUERY,ENTITLEMENT_QUERY reported for RC2023105025 at FPS-0142,2026-01-31T00:00:00,OPEN,,
GRV-000299,BEN-007245,FPS-0196,OTHER,OTHER reported for RC2025107244 at FPS-0196,2026-02-10T02:00:00,RESOLVED,Resolved: OTHER verified and adjusted,2026-02-17T02:00:00
GRV-000300,BEN-006519,FPS-0390,ENTITLEMENT_QUERY,ENTITLEMENT_QUERY reported for RC2025106518 at FPS-0390,2026-02-05T00:00:00,RESOLVED,Resolved: ENTITLEMENT_QUERY verified and adjusted,2026-02-14T00:00:00
GRV-000301,BEN-006121,FPS-0259,WRONG_QUANTITY,WRONG_QUANTITY reported for RC2023106120 at FPS-0259,2026-01-22T21:00:00,RESOLVED,Resolved: WRONG_QUANTITY verified and adjusted,2026-02-01T21:00:00
GRV-000302,BEN-002838,FPS-0303,ENTITLEMENT_QUERY,ENTITLEMENT_QUERY reported for RC2025102837 at FPS-0303,2026-01-14T08:00:00,IN_REVIEW,,
GRV-000303,BEN-001029,FPS-0319,TRANSACTION_FAILURE,TRANSACTION_FAILURE reported for RC2025101028 at FPS-0319,2026-03-01T13:00:00,CLOSED,Resolved: TRANSACTION_FAILURE verified and adjusted,2026-03-05T13:00:00
GRV-000304,BEN-001945,FPS-0104,WRONG_QUANTITY,WRONG_QUANTITY reported for RC2023101944 at FPS-0104,2026-01-17T12:00:00,RESOLVED,Resolved: WRONG_QUANTITY verified and adjusted,2026-01-23T12:00:00
GRV-000305,BEN-007532,FPS-0015,OTHER,OTHER reported for RC2024107531 at FPS-0015,2026-02-10T23:00:00,RESOLVED,Resolved: OTHER verified and adjusted,2026-02-12T23:00:00
GRV-000306,BEN-002147,FPS-0201,FPS_CLOSED,FPS_CLOSED reported for RC2024102146 at FPS-0201,2026-02-04T03:00:00,IN_REVIEW,,
GRV-000307,BEN-007782,FPS-0174,TRANSACTION_FAILURE,TRANSACTION_FAILURE reported for RC2025107781 at FPS-0174,2026-02-18T19:00:00,OPEN,,
GRV-000308,BEN-002321,FPS-0543,QUALITY,QUALITY reported for RC2024102320 at FPS-0543,2026-01-14T22:00:00,RESOLVED,Resolved: QUALITY verified and adjusted,2026-01-20T22:00:00
GRV-000309,BEN-009575,FPS-0551,ENTITLEMENT_QUERY,ENTITLEMENT_QUERY reported for RC2024109574 at FPS-0551,2026-02-11T19:00:00,IN_REVIEW,,
GRV-000310,BEN-007879,FPS-0474,QUALITY,QUALITY reported for RC2023107878 at FPS-0474,2026-01-10T04:00:00,CLOSED,Resolved: QUALITY verified and adjusted,2026-01-16T04:00:00
GRV-000311,BEN-009835,FPS-0477,FPS_CLOSED,FPS_CLOSED reported for RC2023109834 at FPS-0477,2026-01-12T04:00:00,OPEN,,
GRV-000312,BEN-009791,FPS-0270,SHORT_DELIVERY,SHORT_DELIVERY reported for RC2024109790 at FPS-0270,2026-01-18T19:00:00,CLOSED,Resolved: SHORT_DELIVERY verified and adjusted,2026-01-26T19:00:00
GRV-000313,BEN-000034,FPS-0183,FPS_CLOSED,FPS_CLOSED reported for RC2023100033 at FPS-0183,2026-01-19T13:00:00,OPEN,,
GRV-000314,BEN-008646,FPS-0001,WRONG_QUANTITY,WRONG_QUANTITY reported for RC2025108645 at FPS-0001,2026-01-19T15:00:00,IN_REVIEW,,
GRV-000315,BEN-005987,FPS-0513,SHORT_DELIVERY,SHORT_DELIVERY reported for RC2024105986 at FPS-0513,2026-01-06T13:00:00,OPEN,,
GRV-000316,BEN-008543,FPS-0557,FPS_CLOSED,FPS_CLOSED reported for RC2024108542 at FPS-0557,2026-01-26T15:00:00,IN_REVIEW,,
GRV-000317,BEN-007847,FPS-0595,OTHER,OTHER reported for RC2024107846 at FPS-0595,2026-02-13T14:00:00,RESOLVED,Resolved: OTHER verified and adjusted,2026-02-19T14:00:00
GRV-000318,BEN-009126,FPS-0347,ENTITLEMENT_QUERY,ENTITLEMENT_QUERY reported for RC2025109125 at FPS-0347,2026-02-07T00:00:00,CLOSED,Resolved: ENTITLEMENT_QUERY verified and adjusted,2026-02-17T00:00:00
GRV-000319,BEN-005945,FPS-0045,OTHER,OTHER reported for RC2024105944 at FPS-0045,2026-02-23T03:00:00,IN_REVIEW,,
GRV-000320,BEN-008003,FPS-0551,QUALITY,QUALITY reported for RC2024108002 at FPS-0551,2026-03-02T23:00:00,CLOSED,Resolved: QUALITY verified and adjusted,2026-03-06T23:00:00
GRV-000321,BEN-009030,FPS-0319,TRANSACTION_FAILURE,TRANSACTION_FAILURE reported for RC2025109029 at FPS-0319,2026-03-21T05:00:00,RESOLVED,Resolved: TRANSACTION_FAILURE verified and adjusted,2026-03-27T05:00:00
GRV-000322,BEN-000734,FPS-0042,QUALITY,QUALITY reported for RC2024100733 at FPS-0042,2026-03-14T00:00:00,CLOSED,Resolved: QUALITY verified and adjusted,2026-03-24T00:00:00
GRV-000323,BEN-002079,FPS-0082,WRONG_QUANTITY,WRONG_QUANTITY reported for RC2025102078 at FPS-0082,2026-02-24T10:00:00,RESOLVED,Resolved: WRONG_QUANTITY verified and adjusted,2026-02-28T10:00:00
GRV-000324,BEN-000489,FPS-0095,WRONG_QUANTITY,WRONG_QUANTITY reported for RC2025100488 at FPS-0095,2026-03-19T11:00:00,RESOLVED,Resolved: WRONG_QUANTITY verified and adjusted,2026-03-21T11:00:00
GRV-000325,BEN-008994,FPS-0427,SHORT_DELIVERY,SHORT_DELIVERY reported for RC2025108993 at FPS-0427,2026-01-30T16:00:00,IN_REVIEW,,
GRV-000326,BEN-004479,FPS-0023,OTHER,OTHER reported for RC2025104478 at FPS-0023,2026-01-19T12:00:00,RESOLVED,Resolved: OTHER verified and adjusted,2026-01-23T12:00:00
GRV-000327,BEN-008231,FPS-0451,SHORT_DELIVERY,SHORT_DELIVERY reported for RC2024108230 at FPS-0451,2026-01-27T09:00:00,CLOSED,Resolved: SHORT_DELIVERY verified and adjusted,2026-01-29T09:00:00
GRV-000328,BEN-007724,FPS-0026,FPS_CLOSED,FPS_CLOSED reported for RC2024107723 at FPS-0026,2026-03-08T20:00:00,CLOSED,Resolved: FPS_CLOSED verified and adjusted,2026-03-15T20:00:00
GRV-000329,BEN-005524,FPS-0099,OTHER,OTHER reported for RC2023105523 at FPS-0099,2026-01-18T00:00:00,CLOSED,Resolved: OTHER verified and adjusted,2026-01-28T00:00:00
GRV-000330,BEN-001316,FPS-0300,WRONG_QUANTITY,WRONG_QUANTITY reported for RC2024101315 at FPS-0300,2026-02-25T13:00:00,RESOLVED,Resolved: WRONG_QUANTITY verified and adjusted,2026-02-27T13:00:00
GRV-000331,BEN-004058,FPS-0581,OTHER,OTHER reported for RC2024104057 at FPS-0581,2026-01-22T21:00:00,RESOLVED,Resolved: OTHER verified and adjusted,2026-01-26T21:00:00
GRV-000332,BEN-005671,FPS-0559,WRONG_QUANTITY,WRONG_QUANTITY reported for RC2023105670 at FPS-0559,2026-02-08T20:00:00,RESOLVED,Resolved: WRONG_QUANTITY verified and adjusted,2026-02-12T20:00:00
GRV-000333,BEN-001893,FPS-0106,FPS_CLOSED,FPS_CLOSED reported for RC2025101892 at FPS-0106,2026-02-09T08:00:00,IN_REVIEW,,
GRV-000334,BEN-000321,FPS-0451,WRONG_QUANTITY,WRONG_QUANTITY reported for RC2025100320 at FPS-0451,2026-01-26T11:00:00,OPEN,,
GRV-000335,BEN-007208,FPS-0560,OTHER,OTHER reported for RC2024107207 at FPS-0560,2026-02-27T06:00:00,IN_REVIEW,,
GRV-000336,BEN-002348,FPS-0253,OTHER,OTHER reported for RC2024102347 at FPS-0253,2026-01-08T03:00:00,IN_REVIEW,,
GRV-000337,BEN-007163,FPS-0241,SHORT_DELIVERY,SHORT_DELIVERY reported for RC2024107162 at FPS-0241,2026-03-07T10:00:00,RESOLVED,Resolved: SHORT_DELIVERY verified and adjusted,2026-03-11T10:00:00
GRV-000338,BEN-002556,FPS-0517,WRONG_QUANTITY,WRONG_QUANTITY reported for RC2025102555 at FPS-0517,2026-01-22T00:00:00,RESOLVED,Resolved: WRONG_QUANTITY verified and adjusted,2026-01-25T00:00:00
GRV-000339,BEN-009775,FPS-0572,ENTITLEMENT_QUERY,ENTITLEMENT_QUERY reported for RC2023109774 at FPS-0572,2026-02-23T12:00:00,RESOLVED,Resolved: ENTITLEMENT_QUERY verified and adjusted,2026-02-25T12:00:00
GRV-000340,BEN-006845,FPS-0335,TRANSACTION_FAILURE,TRANSACTION_FAILURE reported for RC2024106844 at FPS-0335,2026-02-04T09:00:00,RESOLVED,Resolved: TRANSACTION_FAILURE verified and adjusted,2026-02-12T09:00:00
GRV-000341,BEN-006916,FPS-0428,TRANSACTION_FAILURE,TRANSACTION_FAILURE reported for RC2023106915 at FPS-0428,2026-02-21T19:00:00,OPEN,,
GRV-000342,BEN-004432,FPS-0107,SHORT_DELIVERY,SHORT_DELIVERY reported for RC2023104431 at FPS-0107,2026-02-23T20:00:00,RESOLVED,Resolved: SHORT_DELIVERY verified and adjusted,2026-02-27T20:00:00
GRV-000343,BEN-003795,FPS-0008,OTHER,OTHER reported for RC2025103794 at FPS-0008,2026-01-18T09:00:00,RESOLVED,Resolved: OTHER verified and adjusted,2026-01-25T09:00:00
GRV-000344,BEN-004550,FPS-0496,WRONG_QUANTITY,WRONG_QUANTITY reported for RC2024104549 at FPS-0496,2026-03-08T23:00:00,RESOLVED,Resolved: WRONG_QUANTITY verified and adjusted,2026-03-14T23:00:00
GRV-000345,BEN-002850,FPS-0133,QUALITY,QUALITY reported for RC2025102849 at FPS-0133,2026-02-07T14:00:00,CLOSED,Resolved: QUALITY verified and adjusted,2026-02-16T14:00:00
GRV-000346,BEN-003985,FPS-0245,SHORT_DELIVERY,SHORT_DELIVERY reported for RC2023103984 at FPS-0245,2026-02-14T05:00:00,IN_REVIEW,,
GRV-000347,BEN-001649,FPS-0260,TRANSACTION_FAILURE,TRANSACTION_FAILURE reported for RC2024101648 at FPS-0260,2026-02-02T01:00:00,RESOLVED,Resolved: TRANSACTION_FAILURE verified and adjusted,2026-02-06T01:00:00
GRV-000348,BEN-004463,FPS-0024,OTHER,OTHER reported for RC2024104462 at FPS-0024,2026-02-07T21:00:00,CLOSED,Resolved: OTHER verified and adjusted,2026-02-08T21:00:00
GRV-000349,BEN-003153,FPS-0112,OTHER,OTHER reported for RC2025103152 at FPS-0112,2026-02-11T20:00:00,RESOLVED,Resolved: OTHER verified and adjusted,2026-02-16T20:00:00
GRV-000350,BEN-006476,FPS-0590,FPS_CLOSED,FPS_CLOSED reported for RC2024106475 at FPS-0590,2026-01-28T22:00:00,IN_REVIEW,,
GRV-000351,BEN-005794,FPS-0020,ENTITLEMENT_QUERY,ENTITLEMENT_QUERY reported for RC2023105793 at FPS-0020,2026-01-15T16:00:00,RESOLVED,Resolved: ENTITLEMENT_QUERY verified and adjusted,2026-01-23T16:00:00
GRV-000352,BEN-004360,FPS-0403,SHORT_DELIVERY,SHORT_DELIVERY reported for RC2023104359 at FPS-0403,2026-02-28T10:00:00,RESOLVED,Resolved: SHORT_DELIVERY verified and adjusted,2026-03-03T10:00:00
GRV-000353,BEN-005494,FPS-0138,WRONG_QUANTITY,WRONG_QUANTITY reported for RC2023105493 at FPS-0138,2026-02-07T15:00:00,RESOLVED,Resolved: WRONG_QUANTITY verified and adjusted,2026-02-13T15:00:00
GRV-000354,BEN-005565,FPS-0295,FPS_CLOSED,FPS_CLOSED reported for RC2025105564 at FPS-0295,2026-02-22T14:00:00,CLOSED,Resolved: FPS_CLOSED verified and adjusted,2026-03-04T14:00:00
GRV-000355,BEN-002250,FPS-0265,SHORT_DELIVERY,SHORT_DELIVERY reported for RC2025102249 at FPS-0265,2026-03-11T20:00:00,RESOLVED,Resolved: SHORT_DELIVERY verified and adjusted,2026-03-15T20:00:00
GRV-000356,BEN-005666,FPS-0364,FPS_CLOSED,FPS_CLOSED reported for RC2024105665 at FPS-0364,2026-01-23T03:00:00,RESOLVED,Resolved: FPS_CLOSED verified and adjusted,2026-01-27T03:00:00
GRV-000357,BEN-000887,FPS-0341,OTHER,OTHER reported for RC2024100886 at FPS-0341,2026-03-04T04:00:00,OPEN,,
GRV-000358,BEN-005224,FPS-0266,WRONG_QUANTITY,WRONG_QUANTITY reported for RC2023105223 at FPS-0266,2026-03-08T07:00:00,IN_REVIEW,,
GRV-000359,BEN-004556,FPS-0078,SHORT_DELIVERY,SHORT_DELIVERY reported for RC2024104555 at FPS-0078,2026-03-12T03:00:00,RESOLVED,Resolved: SHORT_DELIVERY verified and adjusted,2026-03-20T03:00:00
GRV-000360,BEN-007938,FPS-0238,SHORT_DELIVERY,SHORT_DELIVERY reported for RC2025107937 at FPS-0238,2026-02-15T11:00:00,OPEN,,
GRV-000361,BEN-002080,FPS-0297,QUALITY,QUALITY reported for RC2023102079 at FPS-0297,2026-01-23T00:00:00,RESOLVED,Resolved: QUALITY verified and adjusted,2026-02-01T00:00:00
GRV-000362,BEN-005705,FPS-0481,SHORT_DELIVERY,SHORT_DELIVERY reported for RC2024105704 at FPS-0481,2026-03-07T23:00:00,RESOLVED,Resolved: SHORT_DELIVERY verified and adjusted,2026-03-12T23:00:00
GRV-000363,BEN-004985,FPS-0012,WRONG_QUANTITY,WRONG_QUANTITY reported for RC2024104984 at FPS-0012,2026-02-21T19:00:00,RESOLVED,Resolved: WRONG_QUANTITY verified and adjusted,2026-02-23T19:00:00
GRV-000364,BEN-008964,FPS-0430,ENTITLEMENT_QUERY,ENTITLEMENT_QUERY reported for RC2025108963 at FPS-0430,2026-03-11T12:00:00,CLOSED,Resolved: ENTITLEMENT_QUERY verified and adjusted,2026-03-20T12:00:00
GRV-000365,BEN-000276,FPS-0289,FPS_CLOSED,FPS_CLOSED reported for RC2025100275 at FPS-0289,2026-01-12T03:00:00,RESOLVED,Resolved: FPS_CLOSED verified and adjusted,2026-01-18T03:00:00
GRV-000366,BEN-002263,FPS-0272,FPS_CLOSED,FPS_CLOSED reported for RC2023102262 at FPS-0272,2026-03-17T00:00:00,RESOLVED,Resolved: FPS_CLOSED verified and adjusted,2026-03-22T00:00:00
GRV-000367,BEN-003614,FPS-0263,WRONG_QUANTITY,WRONG_QUANTITY reported for RC2024103613 at FPS-0263,2026-01-27T13:00:00,IN_REVIEW,,
GRV-000368,BEN-009582,FPS-0250,QUALITY,QUALITY reported for RC2025109581 at FPS-0250,2026-01-23T10:00:00,OPEN,,
GRV-000369,BEN-008840,FPS-0263,ENTITLEMENT_QUERY,ENTITLEMENT_QUERY reported for RC2024108839 at FPS-0263,2026-01-12T09:00:00,IN_REVIEW,,
GRV-000370,BEN-009381,FPS-0599,FPS_CLOSED,FPS_CLOSED reported for RC2025109380 at FPS-0599,2026-02-05T20:00:00,OPEN,,
GRV-000371,BEN-003290,FPS-0161,FPS_CLOSED,FPS_CLOSED reported for RC2024103289 at FPS-0161,2026-01-28T13:00:00,RESOLVED,Resolved: FPS_CLOSED verified and adjusted,2026-02-01T13:00:00
GRV-000372,BEN-004083,FPS-0105,TRANSACTION_FAILURE,TRANSACTION_FAILURE reported for RC2025104082 at FPS-0105,2026-02-19T23:00:00,RESOLVED,Resolved: TRANSACTION_FAILURE verified and adjusted,2026-02-24T23:00:00
GRV-000373,BEN-000152,FPS-0164,ENTITLEMENT_QUERY,ENTITLEMENT_QUERY reported for RC2024100151 at FPS-0164,2026-02-17T21:00:00,CLOSED,Resolved: ENTITLEMENT_QUERY verified and adjusted,2026-02-25T21:00:00
GRV-000374,BEN-009462,FPS-0298,SHORT_DELIVERY,SHORT_DELIVERY reported for RC2025109461 at FPS-0298,2026-01-28T14:00:00,IN_REVIEW,,
GRV-000375,BEN-009632,FPS-0334,ENTITLEMENT_QUERY,ENTITLEMENT_QUERY reported for RC2024109631 at FPS-0334,2026-01-20T13:00:00,IN_REVIEW,,
GRV-000376,BEN-003069,FPS-0185,TRANSACTION_FAILURE,TRANSACTION_FAILURE reported for RC2025103068 at FPS-0185,2026-01-29T20:00:00,CLOSED,Resolved: TRANSACTION_FAILURE verified and adjusted,2026-02-02T20:00:00
GRV-000377,BEN-002510,FPS-0585,QUALITY,QUALITY reported for RC2024102509 at FPS-0585,2026-03-15T18:00:00,OPEN,,
GRV-000378,BEN-008866,FPS-0524,QUALITY,QUALITY reported for RC2023108865 at FPS-0524,2026-03-09T08:00:00,RESOLVED,Resolved: QUALITY verified and adjusted,2026-03-16T08:00:00
GRV-000379,BEN-002239,FPS-0505,WRONG_QUANTITY,WRONG_QUANTITY reported for RC2023102238 at FPS-0505,2026-03-11T07:00:00,RESOLVED,Resolved: WRONG_QUANTITY verified and adjusted,2026-03-13T07:00:00
GRV-000380,BEN-004392,FPS-0585,FPS_CLOSED,FPS_CLOSED reported for RC2025104391 at FPS-0585,2026-03-21T23:00:00,RESOLVED,Resolved: FPS_CLOSED verified and adjusted,2026-03-22T23:00:00
GRV-000381,BEN-004888,FPS-0596,WRONG_QUANTITY,WRONG_QUANTITY reported for RC2023104887 at FPS-0596,2026-01-31T15:00:00,RESOLVED,Resolved: WRONG_QUANTITY verified and adjusted,2026-02-08T15:00:00
GRV-000382,BEN-004781,FPS-0097,OTHER,OTHER reported for RC2024104780 at FPS-0097,2026-01-12T07:00:00,RESOLVED,Resolved: OTHER verified and adjusted,2026-01-19T07:00:00
GRV-000383,BEN-000549,FPS-0002,FPS_CLOSED,FPS_CLOSED reported for RC2025100548 at FPS-0002,2026-02-20T15:00:00,RESOLVED,Resolved: FPS_CLOSED verified and adjusted,2026-03-02T15:00:00
GRV-000384,BEN-004694,FPS-0463,QUALITY,QUALITY reported for RC2024104693 at FPS-0463,2026-01-27T16:00:00,RESOLVED,Resolved: QUALITY verified and adjusted,2026-01-28T16:00:00
GRV-000385,BEN-008036,FPS-0539,ENTITLEMENT_QUERY,ENTITLEMENT_QUERY reported for RC2024108035 at FPS-0539,2026-01-21T02:00:00,IN_REVIEW,,
GRV-000386,BEN-007102,FPS-0563,SHORT_DELIVERY,SHORT_DELIVERY reported for RC2023107101 at FPS-0563,2026-01-08T06:00:00,CLOSED,Resolved: SHORT_DELIVERY verified and adjusted,2026-01-17T06:00:00
GRV-000387,BEN-004427,FPS-0117,ENTITLEMENT_QUERY,ENTITLEMENT_QUERY reported for RC2024104426 at FPS-0117,2026-03-10T17:00:00,RESOLVED,Resolved: ENTITLEMENT_QUERY verified and adjusted,2026-03-16T17:00:00
GRV-000388,BEN-003202,FPS-0331,QUALITY,QUALITY reported for RC2023103201 at FPS-0331,2026-01-06T04:00:00,CLOSED,Resolved: QUALITY verified and adjusted,2026-01-09T04:00:00
GRV-000389,BEN-006987,FPS-0015,SHORT_DELIVERY,SHORT_DELIVERY reported for RC2025106986 at FPS-0015,2026-02-21T16:00:00,RESOLVED,Resolved: SHORT_DELIVERY verified and adjusted,2026-02-26T16:00:00
GRV-000390,BEN-003564,FPS-0483,SHORT_DELIVERY,SHORT_DELIVERY reported for RC2025103563 at FPS-0483,2026-01-23T20:00:00,RESOLVED,Resolved: SHORT_DELIVERY verified and adjusted,2026-01-29T20:00:00
GRV-000391,BEN-005188,FPS-0374,FPS_CLOSED,FPS_CLOSED reported for RC2023105187 at FPS-0374,2026-01-18T14:00:00,RESOLVED,Resolved: FPS_CLOSED verified and adjusted,2026-01-24T14:00:00
GRV-000392,BEN-009834,FPS-0362,OTHER,OTHER reported for RC2025109833 at FPS-0362,2026-02-17T03:00:00,OPEN,,
GRV-000393,BEN-004353,FPS-0175,WRONG_QUANTITY,WRONG_QUANTITY reported for RC2025104352 at FPS-0175,2026-03-18T21:00:00,RESOLVED,Resolved: WRONG_QUANTITY verified and adjusted,2026-03-26T21:00:00
GRV-000394,BEN-008793,FPS-0302,FPS_CLOSED,FPS_CLOSED reported for RC2025108792 at FPS-0302,2026-01-17T19:00:00,RESOLVED,Resolved: FPS_CLOSED verified and adjusted,2026-01-26T19:00:00
GRV-000395,BEN-005243,FPS-0424,ENTITLEMENT_QUERY,ENTITLEMENT_QUERY reported for RC2024105242 at FPS-0424,2026-01-23T01:00:00,IN_REVIEW,,
GRV-000396,BEN-003507,FPS-0252,FPS_CLOSED,FPS_CLOSED reported for RC2025103506 at FPS-0252,2026-02-08T17:00:00,IN_REVIEW,,
GRV-000397,BEN-000366,FPS-0195,OTHER,OTHER reported for RC2025100365 at FPS-0195,2026-01-29T17:00:00,IN_REVIEW,,
GRV-000398,BEN-005107,FPS-0320,SHORT_DELIVERY,SHORT_DELIVERY reported for RC2023105106 at FPS-0320,2026-02-08T05:00:00,RESOLVED,Resolved: SHORT_DELIVERY verified and adjusted,2026-02-17T05:00:00
GRV-000399,BEN-007212,FPS-0005,ENTITLEMENT_QUERY,ENTITLEMENT_QUERY reported for RC2025107211 at FPS-0005,2026-02-24T14:00:00,CLOSED,Resolved: ENTITLEMENT_QUERY verified and adjusted,2026-03-04T14:00:00
GRV-000400,BEN-001747,FPS-0213,TRANSACTION_FAILURE,TRANSACTION_FAILURE reported for RC2023101746 at FPS-0213,2026-01-05T16:00:00,OPEN,,
GRV-000401,BEN-008188,FPS-0448,ENTITLEMENT_QUERY,ENTITLEMENT_QUERY reported for RC2023108187 at FPS-0448,2026-02-10T21:00:00,CLOSED,Resolved: ENTITLEMENT_QUERY verified and adjusted,2026-02-12T21:00:00
GRV-000402,BEN-001036,FPS-0056,FPS_CLOSED,FPS_CLOSED reported for RC2023101035 at FPS-0056,2026-01-21T02:00:00,RESOLVED,Resolved: FPS_CLOSED verified and adjusted,2026-01-24T02:00:00
GRV-000403,BEN-006287,FPS-0047,OTHER,OTHER reported for RC2024106286 at FPS-0047,2026-02-18T08:00:00,IN_REVIEW,,
GRV-000404,BEN-006346,FPS-0574,WRONG_QUANTITY,WRONG_QUANTITY reported for RC2023106345 at FPS-0574,2026-02-05T12:00:00,CLOSED,Resolved: WRONG_QUANTITY verified and adjusted,2026-02-07T12:00:00
GRV-000405,BEN-005901,FPS-0356,FPS_CLOSED,FPS_CLOSED reported for RC2025105900 at FPS-0356,2026-01-18T22:00:00,RESOLVED,Resolved: FPS_CLOSED verified and adjusted,2026-01-25T22:00:00
GRV-000406,BEN-005576,FPS-0193,FPS_CLOSED,FPS_CLOSED reported for RC2024105575 at FPS-0193,2026-02-17T07:00:00,CLOSED,Resolved: FPS_CLOSED verified and adjusted,2026-02-25T07:00:00
GRV-000407,BEN-002923,FPS-0201,SHORT_DELIVERY,SHORT_DELIVERY reported for RC2023102922 at FPS-0201,2026-02-27T09:00:00,IN_REVIEW,,
GRV-000408,BEN-004090,FPS-0189,ENTITLEMENT_QUERY,ENTITLEMENT_QUERY reported for RC2023104089 at FPS-0189,2026-01-30T08:00:00,RESOLVED,Resolved: ENTITLEMENT_QUERY verified and adjusted,2026-02-06T08:00:00
GRV-000409,BEN-001790,FPS-0050,TRANSACTION_FAILURE,TRANSACTION_FAILURE reported for RC2024101789 at FPS-0050,2026-02-03T17:00:00,CLOSED,Resolved: TRANSACTION_FAILURE verified and adjusted,2026-02-05T17:00:00
GRV-000410,BEN-007282,FPS-0100,TRANSACTION_FAILURE,TRANSACTION_FAILURE reported for RC2023107281 at FPS-0100,2026-01-30T01:00:00,IN_REVIEW,,
GRV-000411,BEN-003014,FPS-0049,FPS_CLOSED,FPS_CLOSED reported for RC2024103013 at FPS-0049,2026-02-15T18:00:00,RESOLVED,Resolved: FPS_CLOSED verified and adjusted,2026-02-24T18:00:00
GRV-000412,BEN-009154,FPS-0265,OTHER,OTHER reported for RC2023109153 at FPS-0265,2026-02-06T23:00:00,RESOLVED,Resolved: OTHER verified and adjusted,2026-02-08T23:00:00
GRV-000413,BEN-004009,FPS-0072,FPS_CLOSED,FPS_CLOSED reported for RC2023104008 at FPS-0072,2026-02-19T11:00:00,RESOLVED,Resolved: FPS_CLOSED verified and adjusted,2026-02-24T11:00:00
GRV-000414,BEN-007430,FPS-0233,WRONG_QUANTITY,WRONG_QUANTITY reported for RC2024107429 at FPS-0233,2026-01-24T01:00:00,RESOLVED,Resolved: WRONG_QUANTITY verified and adjusted,2026-01-31T01:00:00
GRV-000415,BEN-007199,FPS-0584,ENTITLEMENT_QUERY,ENTITLEMENT_QUERY reported for RC2024107198 at FPS-0584,2026-03-18T19:00:00,OPEN,,
GRV-000416,BEN-003017,FPS-0279,OTHER,OTHER reported for RC2024103016 at FPS-0279,2026-03-07T19:00:00,CLOSED,Resolved: OTHER verified and adjusted,2026-03-14T19:00:00
GRV-000417,BEN-001377,FPS-0332,OTHER,OTHER reported for RC2025101376 at FPS-0332,2026-02-04T06:00:00,IN_REVIEW,,
GRV-000418,BEN-009822,FPS-0475,SHORT_DELIVERY,SHORT_DELIVERY reported for RC2025109821 at FPS-0475,2026-01-22T15:00:00,RESOLVED,Resolved: SHORT_DELIVERY verified and adjusted,2026-01-29T15:00:00
GRV-000419,BEN-002739,FPS-0266,ENTITLEMENT_QUERY,ENTITLEMENT_QUERY reported for RC2025102738 at FPS-0266,2026-01-13T09:00:00,CLOSED,Resolved: ENTITLEMENT_QUERY verified and adjusted,2026-01-23T09:00:00
GRV-000420,BEN-007675,FPS-0148,WRONG_QUANTITY,WRONG_QUANTITY reported for RC2023107674 at FPS-0148,2026-03-07T06:00:00,OPEN,,
GRV-000421,BEN-003339,FPS-0408,ENTITLEMENT_QUERY,ENTITLEMENT_QUERY reported for RC2025103338 at FPS-0408,2026-03-11T00:00:00,RESOLVED,Resolved: ENTITLEMENT_QUERY verified and adjusted,2026-03-14T00:00:00
GRV-000422,BEN-002593,FPS-0480,TRANSACTION_FAILURE,TRANSACTION_FAILURE reported for RC2023102592 at FPS-0480,2026-03-05T15:00:00,RESOLVED,Resolved: TRANSACTION_FAILURE verified and adjusted,2026-03-15T15:00:00
GRV-000423,BEN-005329,FPS-0416,SHORT_DELIVERY,SHORT_DELIVERY reported for RC2023105328 at FPS-0416,2026-01-09T10:00:00,IN_REVIEW,,
GRV-000424,BEN-005722,FPS-0378,SHORT_DELIVERY,SHORT_DELIVERY reported for RC2023105721 at FPS-0378,2026-03-19T08:00:00,RESOLVED,Resolved: SHORT_DELIVERY verified and adjusted,2026-03-22T08:00:00
GRV-000425,BEN-006443,FPS-0326,OTHER,OTHER reported for RC2024106442 at FPS-0326,2026-02-06T08:00:00,RESOLVED,Resolved: OTHER verified and adjusted,2026-02-15T08:00:00
GRV-000426,BEN-006100,FPS-0327,QUALITY,QUALITY reported for RC2023106099 at FPS-0327,2026-03-15T03:00:00,CLOSED,Resolved: QUALITY verified and adjusted,2026-03-23T03:00:00
GRV-000427,BEN-002234,FPS-0505,TRANSACTION_FAILURE,TRANSACTION_FAILURE reported for RC2024102233 at FPS-0505,2026-01-05T15:00:00,RESOLVED,Resolved: TRANSACTION_FAILURE verified and adjusted,2026-01-10T15:00:00
GRV-000428,BEN-001229,FPS-0287,WRONG_QUANTITY,WRONG_QUANTITY reported for RC2024101228 at FPS-0287,2026-02-04T09:00:00,CLOSED,Resolved: WRONG_QUANTITY verified and adjusted,2026-02-10T09:00:00
GRV-000429,BEN-007060,FPS-0514,TRANSACTION_FAILURE,TRANSACTION_FAILURE reported for RC2023107059 at FPS-0514,2026-02-24T04:00:00,RESOLVED,Resolved: TRANSACTION_FAILURE verified and adjusted,2026-03-01T04:00:00
GRV-000430,BEN-002249,FPS-0504,FPS_CLOSED,FPS_CLOSED reported for RC2024102248 at FPS-0504,2026-01-08T17:00:00,CLOSED,Resolved: FPS_CLOSED verified and adjusted,2026-01-09T17:00:00
GRV-000431,BEN-002260,FPS-0376,ENTITLEMENT_QUERY,ENTITLEMENT_QUERY reported for RC2023102259 at FPS-0376,2026-01-30T00:00:00,IN_REVIEW,,
GRV-000432,BEN-000022,FPS-0059,ENTITLEMENT_QUERY,ENTITLEMENT_QUERY reported for RC2023100021 at FPS-0059,2026-01-08T14:00:00,RESOLVED,Resolved: ENTITLEMENT_QUERY verified and adjusted,2026-01-17T14:00:00
GRV-000433,BEN-002620,FPS-0499,ENTITLEMENT_QUERY,ENTITLEMENT_QUERY reported for RC2023102619 at FPS-0499,2026-01-06T11:00:00,RESOLVED,Resolved: ENTITLEMENT_QUERY verified and adjusted,2026-01-15T11:00:00
GRV-000434,BEN-005281,FPS-0275,QUALITY,QUALITY reported for RC2023105280 at FPS-0275,2026-03-19T10:00:00,CLOSED,Resolved: QUALITY verified and adjusted,2026-03-26T10:00:00
GRV-000435,BEN-002761,FPS-0099,TRANSACTION_FAILURE,TRANSACTION_FAILURE reported for RC2023102760 at FPS-0099,2026-03-07T19:00:00,IN_REVIEW,,
GRV-000436,BEN-007883,FPS-0053,WRONG_QUANTITY,WRONG_QUANTITY reported for RC2024107882 at FPS-0053,2026-02-15T22:00:00,CLOSED,Resolved: WRONG_QUANTITY verified and adjusted,2026-02-20T22:00:00
GRV-000437,BEN-001625,FPS-0454,QUALITY,QUALITY reported for RC2024101624 at FPS-0454,2026-01-28T13:00:00,RESOLVED,Resolved: QUALITY verified and adjusted,2026-02-03T13:00:00
GRV-000438,BEN-006238,FPS-0324,QUALITY,QUALITY reported for RC2023106237 at FPS-0324,2026-02-04T15:00:00,RESOLVED,Resolved: QUALITY verified and adjusted,2026-02-07T15:00:00
GRV-000439,BEN-004362,FPS-0326,WRONG_QUANTITY,WRONG_QUANTITY reported for RC2025104361 at FPS-0326,2026-01-16T05:00:00,IN_REVIEW,,
GRV-000440,BEN-004073,FPS-0157,SHORT_DELIVERY,SHORT_DELIVERY reported for RC2024104072 at FPS-0157,2026-02-08T06:00:00,OPEN,,
GRV-000441,BEN-009987,FPS-0334,OTHER,OTHER reported for RC2025109986 at FPS-0334,2026-01-23T09:00:00,OPEN,,
GRV-000442,BEN-003182,FPS-0377,WRONG_QUANTITY,WRONG_QUANTITY reported for RC2024103181 at FPS-0377,2026-01-19T22:00:00,RESOLVED,Resolved: WRONG_QUANTITY verified and adjusted,2026-01-29T22:00:00
GRV-000443,BEN-004019,FPS-0412,FPS_CLOSED,FPS_CLOSED reported for RC2024104018 at FPS-0412,2026-01-06T07:00:00,IN_REVIEW,,
GRV-000444,BEN-009168,FPS-0452,OTHER,OTHER reported for RC2025109167 at FPS-0452,2026-02-24T19:00:00,OPEN,,
GRV-000445,BEN-003185,FPS-0024,QUALITY,QUALITY reported for RC2024103184 at FPS-0024,2026-02-22T15:00:00,RESOLVED,Resolved: QUALITY verified and adjusted,2026-03-01T15:00:00
GRV-000446,BEN-005232,FPS-0337,QUALITY,QUALITY reported for RC2025105231 at FPS-0337,2026-02-24T17:00:00,CLOSED,Resolved: QUALITY verified and adjusted,2026-02-25T17:00:00
GRV-000447,BEN-005519,FPS-0571,ENTITLEMENT_QUERY,ENTITLEMENT_QUERY reported for RC2024105518 at FPS-0571,2026-03-03T22:00:00,IN_REVIEW,,
GRV-000448,BEN-006484,FPS-0407,WRONG_QUANTITY,WRONG_QUANTITY reported for RC2023106483 at FPS-0407,2026-02-12T11:00:00,OPEN,,
GRV-000449,BEN-008972,FPS-0297,SHORT_DELIVERY,SHORT_DELIVERY reported for RC2024108971 at FPS-0297,2026-01-24T22:00:00,IN_REVIEW,,
GRV-000450,BEN-003165,FPS-0202,ENTITLEMENT_QUERY,ENTITLEMENT_QUERY reported for RC2025103164 at FPS-0202,2026-03-18T10:00:00,RESOLVED,Resolved: ENTITLEMENT_QUERY verified and adjusted,2026-03-25T10:00:00
GRV-000451,BEN-000231,FPS-0265,ENTITLEMENT_QUERY,ENTITLEMENT_QUERY reported for RC2025100230 at FPS-0265,2026-02-25T03:00:00,CLOSED,Resolved: ENTITLEMENT_QUERY verified and adjusted,2026-03-04T03:00:00
GRV-000452,BEN-001064,FPS-0488,QUALITY,QUALITY reported for RC2024101063 at FPS-0488,2026-02-25T19:00:00,IN_REVIEW,,
GRV-000453,BEN-001692,FPS-0131,OTHER,OTHER reported for RC2025101691 at FPS-0131,2026-01-14T22:00:00,RESOLVED,Resolved: OTHER verified and adjusted,2026-01-21T22:00:00
GRV-000454,BEN-009565,FPS-0464,SHORT_DELIVERY,SHORT_DELIVERY reported for RC2023109564 at FPS-0464,2026-02-20T19:00:00,RESOLVED,Resolved: SHORT_DELIVERY verified and adjusted,2026-02-27T19:00:00
GRV-000455,BEN-001931,FPS-0102,QUALITY,QUALITY reported for RC2024101930 at FPS-0102,2026-02-27T02:00:00,RESOLVED,Resolved: QUALITY verified and adjusted,2026-02-28T02:00:00
GRV-000456,BEN-007965,FPS-0241,FPS_CLOSED,FPS_CLOSED reported for RC2025107964 at FPS-0241,2026-01-18T07:00:00,CLOSED,Resolved: FPS_CLOSED verified and adjusted,2026-01-27T07:00:00
GRV-000457,BEN-003281,FPS-0315,TRANSACTION_FAILURE,TRANSACTION_FAILURE reported for RC2024103280 at FPS-0315,2026-03-16T22:00:00,CLOSED,Resolved: TRANSACTION_FAILURE verified and adjusted,2026-03-21T22:00:00
GRV-000458,BEN-000460,FPS-0441,SHORT_DELIVERY,SHORT_DELIVERY reported for RC2023100459 at FPS-0441,2026-01-20T08:00:00,IN_REVIEW,,
GRV-000459,BEN-007243,FPS-0299,WRONG_QUANTITY,WRONG_QUANTITY reported for RC2023107242 at FPS-0299,2026-03-14T07:00:00,RESOLVED,Resolved: WRONG_QUANTITY verified and adjusted,2026-03-22T07:00:00
GRV-000460,BEN-003906,FPS-0580,TRANSACTION_FAILURE,TRANSACTION_FAILURE reported for RC2025103905 at FPS-0580,2026-03-07T00:00:00,OPEN,,
GRV-000461,BEN-003900,FPS-0319,SHORT_DELIVERY,SHORT_DELIVERY reported for RC2025103899 at FPS-0319,2026-03-11T21:00:00,RESOLVED,Resolved: SHORT_DELIVERY verified and adjusted,2026-03-14T21:00:00
GRV-000462,BEN-004686,FPS-0493,ENTITLEMENT_QUERY,ENTITLEMENT_QUERY reported for RC2025104685 at FPS-0493,2026-03-19T17:00:00,RESOLVED,Resolved: ENTITLEMENT_QUERY verified and adjusted,2026-03-29T17:00:00
GRV-000463,BEN-005925,FPS-0184,SHORT_DELIVERY,SHORT_DELIVERY reported for RC2025105924 at FPS-0184,2026-01-21T12:00:00,RESOLVED,Resolved: SHORT_DELIVERY verified and adjusted,2026-01-28T12:00:00
GRV-000464,BEN-000695,FPS-0100,OTHER,OTHER reported for RC2024100694 at FPS-0100,2026-02-08T02:00:00,RESOLVED,Resolved: OTHER verified and adjusted,2026-02-12T02:00:00
GRV-000465,BEN-009311,FPS-0124,ENTITLEMENT_QUERY,ENTITLEMENT_QUERY reported for RC2024109310 at FPS-0124,2026-03-01T17:00:00,RESOLVED,Resolved: ENTITLEMENT_QUERY verified and adjusted,2026-03-11T17:00:00
GRV-000466,BEN-007706,FPS-0530,WRONG_QUANTITY,WRONG_QUANTITY reported for RC2024107705 at FPS-0530,2026-01-05T04:00:00,IN_REVIEW,,
GRV-000467,BEN-003108,FPS-0021,SHORT_DELIVERY,SHORT_DELIVERY reported for RC2025103107 at FPS-0021,2026-02-18T12:00:00,OPEN,,
GRV-000468,BEN-006529,FPS-0207,FPS_CLOSED,FPS_CLOSED reported for RC2023106528 at FPS-0207,2026-01-28T15:00:00,OPEN,,
GRV-000469,BEN-005736,FPS-0363,QUALITY,QUALITY reported for RC2025105735 at FPS-0363,2026-03-04T10:00:00,IN_REVIEW,,
GRV-000470,BEN-004780,FPS-0488,SHORT_DELIVERY,SHORT_DELIVERY reported for RC2023104779 at FPS-0488,2026-03-01T21:00:00,CLOSED,Resolved: SHORT_DELIVERY verified and adjusted,2026-03-08T21:00:00
GRV-000471,BEN-009567,FPS-0126,TRANSACTION_FAILURE,TRANSACTION_FAILURE reported for RC2025109566 at FPS-0126,2026-02-05T22:00:00,OPEN,,
GRV-000472,BEN-003206,FPS-0345,QUALITY,QUALITY reported for RC2024103205 at FPS-0345,2026-02-16T03:00:00,RESOLVED,Resolved: QUALITY verified and adjusted,2026-02-22T03:00:00
GRV-000473,BEN-003480,FPS-0396,TRANSACTION_FAILURE,TRANSACTION_FAILURE reported for RC2025103479 at FPS-0396,2026-02-07T17:00:00,RESOLVED,Resolved: TRANSACTION_FAILURE verified and adjusted,2026-02-08T17:00:00
GRV-000474,BEN-003670,FPS-0084,ENTITLEMENT_QUERY,ENTITLEMENT_QUERY reported for RC2023103669 at FPS-0084,2026-02-09T23:00:00,IN_REVIEW,,
GRV-000475,BEN-003889,FPS-0163,SHORT_DELIVERY,SHORT_DELIVERY reported for RC2023103888 at FPS-0163,2026-03-09T22:00:00,CLOSED,Resolved: SHORT_DELIVERY verified and adjusted,2026-03-15T22:00:00
GRV-000476,BEN-002921,FPS-0142,QUALITY,QUALITY reported for RC2024102920 at FPS-0142,2026-01-06T03:00:00,CLOSED,Resolved: QUALITY verified and adjusted,2026-01-09T03:00:00
GRV-000477,BEN-006936,FPS-0402,WRONG_QUANTITY,WRONG_QUANTITY reported for RC2025106935 at FPS-0402,2026-03-07T17:00:00,RESOLVED,Resolved: WRONG_QUANTITY verified and adjusted,2026-03-13T17:00:00
GRV-000478,BEN-008084,FPS-0042,OTHER,OTHER reported for RC2024108083 at FPS-0042,2026-01-20T15:00:00,RESOLVED,Resolved: OTHER verified and adjusted,2026-01-22T15:00:00
GRV-000479,BEN-000271,FPS-0271,QUALITY,QUALITY reported for RC2023100270 at FPS-0271,2026-02-10T13:00:00,OPEN,,
GRV-000480,BEN-001707,FPS-0332,QUALITY,QUALITY reported for RC2025101706 at FPS-0332,2026-03-15T21:00:00,RESOLVED,Resolved: QUALITY verified and adjusted,2026-03-23T21:00:00
GRV-000481,BEN-008604,FPS-0472,QUALITY,QUALITY reported for RC2025108603 at FPS-0472,2026-02-18T00:00:00,OPEN,,
GRV-000482,BEN-008675,FPS-0376,FPS_CLOSED,FPS_CLOSED reported for RC2024108674 at FPS-0376,2026-02-25T10:00:00,OPEN,,
GRV-000483,BEN-008160,FPS-0024,FPS_CLOSED,FPS_CLOSED reported for RC2025108159 at FPS-0024,2026-03-19T11:00:00,RESOLVED,Resolved: FPS_CLOSED verified and adjusted,2026-03-22T11:00:00
GRV-000484,BEN-005023,FPS-0281,TRANSACTION_FAILURE,TRANSACTION_FAILURE reported for RC2023105022 at FPS-0281,2026-02-01T00:00:00,RESOLVED,Resolved: TRANSACTION_FAILURE verified and adjusted,2026-02-02T00:00:00
GRV-000485,BEN-002901,FPS-0357,TRANSACTION_FAILURE,TRANSACTION_FAILURE reported for RC2025102900 at FPS-0357,2026-03-15T07:00:00,CLOSED,Resolved: TRANSACTION_FAILURE verified and adjusted,2026-03-21T07:00:00
GRV-000486,BEN-006379,FPS-0528,ENTITLEMENT_QUERY,ENTITLEMENT_QUERY reported for RC2023106378 at FPS-0528,2026-02-03T00:00:00,RESOLVED,Resolved: ENTITLEMENT_QUERY verified and adjusted,2026-02-12T00:00:00
GRV-000487,BEN-007947,FPS-0343,SHORT_DELIVERY,SHORT_DELIVERY reported for RC2025107946 at FPS-0343,2026-03-20T08:00:00,OPEN,,
GRV-000488,BEN-000508,FPS-0574,WRONG_QUANTITY,WRONG_QUANTITY reported for RC2023100507 at FPS-0574,2026-02-18T09:00:00,RESOLVED,Resolved: WRONG_QUANTITY verified and adjusted,2026-02-21T09:00:00
GRV-000489,BEN-004157,FPS-0041,QUALITY,QUALITY reported for RC2024104156 at FPS-0041,2026-02-03T23:00:00,RESOLVED,Resolved: QUALITY verified and adjusted,2026-02-08T23:00:00
GRV-000490,BEN-004787,FPS-0505,SHORT_DELIVERY,SHORT_DELIVERY reported for RC2024104786 at FPS-0505,2026-01-07T14:00:00,OPEN,,
GRV-000491,BEN-005560,FPS-0488,ENTITLEMENT_QUERY,ENTITLEMENT_QUERY reported for RC2023105559 at FPS-0488,2026-02-05T10:00:00,OPEN,,
GRV-000492,BEN-006236,FPS-0445,FPS_CLOSED,FPS_CLOSED reported for RC2024106235 at FPS-0445,2026-03-12T19:00:00,RESOLVED,Resolved: FPS_CLOSED verified and adjusted,2026-03-13T19:00:00
GRV-000493,BEN-008822,FPS-0504,TRANSACTION_FAILURE,TRANSACTION_FAILURE reported for RC2024108821 at FPS-0504,2026-02-24T20:00:00,CLOSED,Resolved: TRANSACTION_FAILURE verified and adjusted,2026-02-26T20:00:00
GRV-000494,BEN-004959,FPS-0174,ENTITLEMENT_QUERY,ENTITLEMENT_QUERY reported for RC2025104958 at FPS-0174,2026-02-24T13:00:00,CLOSED,Resolved: ENTITLEMENT_QUERY verified and adjusted,2026-03-06T13:00:00
GRV-000495,BEN-009511,FPS-0348,WRONG_QUANTITY,WRONG_QUANTITY reported for RC2023109510 at FPS-0348,2026-03-16T09:00:00,CLOSED,Resolved: WRONG_QUANTITY verified and adjusted,2026-03-24T09:00:00
GRV-000496,BEN-005096,FPS-0354,QUALITY,QUALITY reported for RC2024105095 at FPS-0354,2026-02-17T03:00:00,CLOSED,Resolved: QUALITY verified and adjusted,2026-02-22T03:00:00
GRV-000497,BEN-000820,FPS-0586,TRANSACTION_FAILURE,TRANSACTION_FAILURE reported for RC2023100819 at FPS-0586,2026-01-07T16:00:00,OPEN,,
GRV-000498,BEN-009535,FPS-0588,WRONG_QUANTITY,WRONG_QUANTITY reported for RC2023109534 at FPS-0588,2026-02-05T22:00:00,RESOLVED,Resolved: WRONG_QUANTITY verified and adjusted,2026-02-07T22:00:00
GRV-000499,BEN-008759,FPS-0088,TRANSACTION_FAILURE,TRANSACTION_FAILURE reported for RC2024108758 at FPS-0088,2026-02-26T13:00:00,IN_REVIEW,,
GRV-000500,BEN-006568,FPS-0318,OTHER,OTHER reported for RC2023106567 at FPS-0318,2026-02-18T10:00:00,OPEN,,
