inspection_id,fps_id,inspector_id,inspection_date,stock_expected_kg,stock_observed_kg,stock_variance_kg,weighing_accuracy,moisture_status,shop_condition,stock_register_verified,epos_verified,finding,status,evidence_reference,sealed_hash
INSP-000001,FPS-0535,OFF-00007,2026-01-29,1939,1907,-32,0.98,LOW,GOOD,YES,YES,NORMAL,SUBMITTED,EVID-1831,5ff322a77d15039ab4446a449319c833919fb7d2d6d62f5716273175bace6f7f
INSP-000002,FPS-0115,OFF-00051,2026-03-09,1650,1625,-25,0.98,NORMAL,POOR,NO,YES,NORMAL,SEALED,EVID-5973,a5f83787cf32276959b9b2ef4e23aee2eb7027fa676298c507e0cb9e6cdbd611
INSP-000003,FPS-0227,OFF-00043,2026-03-14,1340,1322,-18,1.0,NORMAL,AVERAGE,YES,YES,NORMAL,SEALED,EVID-9982,9bd1677e2b29d0a3d412787937912cfd3d6d7879d9be92a0f346fe5569d68d5e
INSP-000004,FPS-0508,OFF-00010,2026-01-23,2013,2015,2,0.98,NORMAL,AVERAGE,YES,YES,NORMAL,DRAFT,EVID-7199,50673831645281993560e2c71ff63920e2e97f328d25cf1aa4495b2569f55295
INSP-000005,FPS-0145,OFF-00021,2026-01-13,1730,1688,-42,1.0,NORMAL,GOOD,YES,YES,NORMAL,SEALED,EVID-7761,ef06eb46c4fa3187c017d5acbe3e155656e3e8aa6e6efae625805643417ad353
INSP-000006,FPS-0502,OFF-00028,2026-01-13,1257,1252,-5,0.99,HIGH,POOR,NO,YES,NORMAL,SUBMITTED,EVID-6703,8ffa2bc8c7224645ed1bdebcf05467a2aa908466f8443d39b9cc913703344ad7
INSP-000007,FPS-0577,OFF-00051,2026-01-18,1557,1561,4,0.98,NORMAL,POOR,NO,NO,NORMAL,SEALED,EVID-8682,f12ed31157cd4379d56d4346d67fd4967141891551680df674b2e97b4f4f3538
INSP-000008,FPS-0249,OFF-00011,2026-03-21,1091,1059,-32,0.97,LOW,GOOD,YES,YES,NORMAL,SEALED,EVID-2282,9890b5a4e40479e2d7061678d8fa1eb30cebb1e9f2fe8d3e43ffb75e9c6b8cb7
INSP-000009,FPS-0475,OFF-00010,2026-01-10,1882,1825,-57,0.99,NORMAL,AVERAGE,YES,YES,NORMAL,SEALED,EVID-9515,694b16fe863e5960f3df1f0b84b08f0c55b328b430067a460dd7111352b2e858
INSP-000010,FPS-0085,OFF-00049,2026-01-24,1215,1238,23,1.0,NORMAL,GOOD,YES,YES,NORMAL,SEALED,EVID-2800,4436b2e86924a2f3c084d47003ea0508cc14f6c2ef9e8032d07561ab83340009
INSP-000011,FPS-0135,OFF-00058,2026-01-14,1574,1543,-31,0.98,NORMAL,POOR,NO,NO,NORMAL,SUBMITTED,EVID-3137,28ac7545b8f179f853f55f8deaec8176053f84d5137f75081fc34e61d85c2c98
INSP-000012,FPS-0483,OFF-00044,2026-02-08,914,912,-2,0.99,HIGH,GOOD,NO,NO,NORMAL,SEALED,EVID-9111,b58f433c1fe074fecf43135c2579df7781d45d3dc12c1eca96746ae55fc448ce
INSP-000013,FPS-0024,OFF-00042,2026-02-12,1604,1581,-23,0.99,LOW,POOR,NO,NO,NORMAL,SUBMITTED,EVID-2444,c1617602152be87b08fcf4c9985503caecb074b1c35b809881f000780dd22281
INSP-000014,FPS-0018,OFF-00034,2026-01-08,1118,1112,-6,1.0,NORMAL,POOR,NO,YES,NORMAL,SEALED,EVID-2158,08972350992b2c19cac801719443060be2c5521c5b78ce514dc1f92bd63abdc3
INSP-000015,FPS-0147,OFF-00045,2026-03-01,1355,1384,29,1.0,NORMAL,AVERAGE,NO,NO,NORMAL,SEALED,EVID-6511,397809d12448bebbabcca17d9c93e2a41d5cc112ed8c1e415155bdd7e60969a9
INSP-000016,FPS-0153,OFF-00025,2026-02-15,1060,1040,-20,0.98,NORMAL,GOOD,NO,YES,NORMAL,SEALED,EVID-9432,eb4086179e1a2959c6741c2d778f86e64e997cf5f8a5a34f37c321e0508d4d32
INSP-000017,FPS-0031,OFF-00048,2026-02-01,2090,2057,-33,1.0,HIGH,AVERAGE,NO,YES,NORMAL,SUBMITTED,EVID-5085,3541c85679741a059020d71c9f7edaa06920d331214fa4b63708cce1dbb7cd0a
INSP-000018,FPS-0275,OFF-00009,2026-02-08,1513,1547,34,0.99,LOW,POOR,NO,YES,NORMAL,SEALED,EVID-8240,f2b42338b21197531b10ad1c66300585e4445c02729db1d41d45eb853fcd9080
INSP-000019,FPS-0519,OFF-00020,2026-01-21,665,683,18,1.0,HIGH,GOOD,YES,NO,NORMAL,DRAFT,EVID-8363,3fbaefa6945ae1124fdaeb48edf0a6b04628b50b23fbe78b665189c8af13e903
INSP-000020,FPS-0098,OFF-00057,2026-01-17,952,1022,70,0.97,LOW,POOR,YES,NO,STOCK_VARIANCE,SUBMITTED,EVID-4254,69fe53607ea200189db7addb4df243a75cbd6464008a1f2607013150507c66a6
INSP-000021,FPS-0419,OFF-00061,2026-03-19,1769,1788,19,1.0,HIGH,AVERAGE,YES,NO,NORMAL,SUBMITTED,EVID-3377,5eb5a0d0943aff63c87d27faafb9b67a01ba8ea89db303447c4d82238937d815
INSP-000022,FPS-0204,OFF-00042,2026-01-19,1231,1194,-37,0.98,LOW,POOR,YES,NO,NORMAL,SEALED,EVID-2263,6d8bec303dafa230b663e5daa45ae501a394f1cbd0124e69d249be4100b613ce
INSP-000023,FPS-0341,OFF-00019,2026-03-12,1499,1524,25,0.97,NORMAL,AVERAGE,NO,NO,NORMAL,SUBMITTED,EVID-4930,a89f43f750fc06d35b1cb020ea71eca22910b3834d956c3e0b29955f0c624e58
INSP-000024,FPS-0112,OFF-00028,2026-01-10,619,635,16,1.0,NORMAL,GOOD,YES,YES,NORMAL,SEALED,EVID-1497,f8631d03a663801ec95560d16329627992703eff72396365bc1a6aff888ee47c
INSP-000025,FPS-0469,OFF-00030,2026-01-28,2002,2045,43,0.98,HIGH,POOR,NO,NO,NORMAL,SEALED,EVID-3114,fb4d1e8b0452849f839abaa78896f990aa13fca3f0af919b88f23c880002fbbb
INSP-000026,FPS-0510,OFF-00040,2026-03-04,1445,1486,41,0.99,NORMAL,GOOD,NO,NO,NORMAL,DRAFT,EVID-5938,e4aca6784b047a1b3038fb5d07be7db27fa6e4a01bceec39478d2d910a5e3047
INSP-000027,FPS-0266,OFF-00039,2026-02-04,1926,1943,17,0.98,LOW,GOOD,YES,NO,NORMAL,SUBMITTED,EVID-6312,e75be4e429403e9ada3638ad76a49a66a10d64918e9c6b2892f796e725ee7630
INSP-000028,FPS-0181,OFF-00041,2026-03-13,916,939,23,0.98,HIGH,GOOD,YES,YES,NORMAL,SUBMITTED,EVID-1945,d8c2f7f29c549e5a171950f628760553902bb02e4a5e68c9a656092a33d1d43f
INSP-000029,FPS-0006,OFF-00049,2026-01-29,1227,1234,7,0.99,HIGH,AVERAGE,YES,NO,NORMAL,SUBMITTED,EVID-4335,0ef265f0bfabc84544f7136174ea89e29adddbe8ecf596d72cbb6d973d491514
INSP-000030,FPS-0455,OFF-00022,2026-03-11,1829,1844,15,0.98,NORMAL,GOOD,YES,NO,NORMAL,SEALED,EVID-7765,793958ae1b2c7b0896fe3ae5e49de9bd178ba541e9abcca3cb27be1d901a1c9a
INSP-000031,FPS-0130,OFF-00014,2026-01-26,1838,1620,-218,0.98,HIGH,AVERAGE,YES,YES,STOCK_VARIANCE,SEALED,EVID-2646,f3a0c5f7203507e9be8a5297b0bd0bda9290a3407d6391b5a957acab60b7ff15
INSP-000032,FPS-0444,OFF-00057,2026-03-11,1310,1277,-33,1.0,LOW,GOOD,YES,YES,NORMAL,SUBMITTED,EVID-8288,b644f70cbbcd403b848546d66cd13c106012a20e0f892fcf5aafafee61ace966
INSP-000033,FPS-0219,OFF-00060,2026-02-19,1022,1026,4,0.97,NORMAL,POOR,NO,NO,NORMAL,SEALED,EVID-9975,4d9302cb40bc09dcb6b1f609d223aaae0bad02ee527ccb589b27c8e806f7c1d0
INSP-000034,FPS-0473,OFF-00031,2026-02-09,1785,1793,8,0.98,LOW,GOOD,NO,YES,NORMAL,SUBMITTED,EVID-6852,51b472b1e2795ec95871eff8e8d8037c046ffdc0ba6337b3b2a6965de6980f6e
INSP-000035,FPS-0236,OFF-00039,2026-02-06,1868,1845,-23,0.98,HIGH,POOR,NO,NO,NORMAL,SUBMITTED,EVID-6530,85d3c7f868f06015dfae090f20aa89baf6fa35d2331d50a84343b1eac913ee37
INSP-000036,FPS-0012,OFF-00007,2026-01-21,1698,1654,-44,0.99,HIGH,POOR,YES,YES,NORMAL,SEALED,EVID-4892,7f1138462fe97e644143cffef6132a9b161aa8229b9dcde8735863098a0f7a04
INSP-000037,FPS-0212,OFF-00064,2026-01-31,1452,1428,-24,0.99,HIGH,GOOD,NO,NO,NORMAL,DRAFT,EVID-7191,9611ee7f28bbf768302b8b6453ba64c019adbe372e594ee575640151cf95136c
INSP-000038,FPS-0402,OFF-00027,2026-03-08,819,786,-33,1.0,LOW,POOR,NO,YES,NORMAL,SUBMITTED,EVID-9009,23885813c1f3e9b6f00bcc857348dd9600c29ab70f9ba0aa2b93e372f91c5b40
INSP-000039,FPS-0246,OFF-00014,2026-02-10,1874,1850,-24,0.99,HIGH,POOR,YES,YES,NORMAL,DRAFT,EVID-2911,42ca1874035cc747de5a909f06539dd9928d32724ad124a7f9b1527c3540a991
INSP-000040,FPS-0161,OFF-00045,2026-01-09,882,903,21,0.99,NORMAL,GOOD,NO,NO,NORMAL,SUBMITTED,EVID-2812,5d7c164b90aeea83283074b0b981571ffb70778cf2af10fc5d5d475179e60b42
INSP-000041,FPS-0525,OFF-00062,2026-01-31,1861,1904,43,0.97,HIGH,AVERAGE,NO,YES,NORMAL,SEALED,EVID-5073,7f50753e61f795e271ca11bd089144e955dc4f14ac2d51663ab2b8ce5e4688a2
INSP-000042,FPS-0239,OFF-00046,2026-02-18,2489,2553,64,1.0,LOW,AVERAGE,NO,NO,NORMAL,SUBMITTED,EVID-3618,42530a1d81b250b5dbfcc5ed2af5fcb3159dea1667f0089866cba58049cbb147
INSP-000043,FPS-0499,OFF-00021,2026-01-08,2188,2233,45,0.97,LOW,AVERAGE,NO,YES,NORMAL,SEALED,EVID-8501,6ff8cd60ef7e25bb91a4bef7de855d2a7a802527ad096ea6ecedeac93e0fab01
INSP-000044,FPS-0579,OFF-00033,2026-02-01,1412,1433,21,1.0,HIGH,POOR,NO,NO,NORMAL,SEALED,EVID-9096,9aff61a4b313674bb029fdbde1fd03003e4fa199176901d916d3d3a670a222b6
INSP-000045,FPS-0012,OFF-00055,2026-01-31,2501,2573,72,1.0,HIGH,GOOD,NO,YES,NORMAL,SUBMITTED,EVID-6691,d95f0b1143bf8eb60cab87630320d9f71376181bba7188dd62c9f3f24b8811f4
INSP-000046,FPS-0073,OFF-00011,2026-01-30,2264,2245,-19,0.99,LOW,AVERAGE,NO,NO,NORMAL,SEALED,EVID-4602,eee2621d323d97e78d176a91409c46581c9b51437ddea1d591e0d23ca2ad0736
INSP-000047,FPS-0017,OFF-00051,2026-02-08,1458,1484,26,0.97,HIGH,AVERAGE,NO,YES,NORMAL,SUBMITTED,EVID-8510,f64d42b5bf1be221a985c9b735e257fc70bd43e7826241b0a38d90c2cc65b9d8
INSP-000048,FPS-0103,OFF-00023,2026-02-13,1731,1734,3,0.97,HIGH,POOR,NO,NO,NORMAL,DRAFT,EVID-1547,8c24e2e69872b50b7f95f6fa9149a66b75b03ccf237d3433d264c2067e52802c
INSP-000049,FPS-0063,OFF-00023,2026-02-27,1117,1137,20,0.97,NORMAL,GOOD,YES,NO,NORMAL,SEALED,EVID-2747,9cfa63f1d5ff93bc3db74b4cfe4758cb886c56512b294f4d3ad6850bccb93dbd
INSP-000050,FPS-0321,OFF-00033,2026-02-24,2409,2401,-8,1.0,HIGH,AVERAGE,NO,NO,NORMAL,SEALED,EVID-4574,cfa8710261c4668afa97abf7c3ba1ea4e99ee4785414972cb087b57b82554891
INSP-000051,FPS-0197,OFF-00007,2026-02-15,635,647,12,0.98,HIGH,POOR,NO,YES,NORMAL,SEALED,EVID-3664,4ee4dfa8ab0b74dc5999117cf222dc950bd32f65fdf1d3d85d8f34ef30b665ef
INSP-000052,FPS-0227,OFF-00058,2026-01-06,1548,1586,38,0.98,NORMAL,AVERAGE,YES,NO,NORMAL,SEALED,EVID-4169,f59fb0267b976e50a9b5390f1b4cfea5e41a085f558d557bd95b5c3f2795981b
INSP-000053,FPS-0062,OFF-00019,2026-01-18,1694,1723,29,0.99,NORMAL,POOR,YES,NO,NORMAL,SEALED,EVID-5022,4926fcff8b8266f7d1027334857c2e83b57420af04be4ea98be654dd662eec99
INSP-000054,FPS-0217,OFF-00064,2026-01-03,1262,1249,-13,0.99,LOW,POOR,YES,NO,NORMAL,SEALED,EVID-2100,24c019608bf7471ad47570e03532e35d859bc69148db83fbaaff1ef8be49605b
INSP-000055,FPS-0149,OFF-00031,2026-02-16,596,581,-15,0.97,HIGH,POOR,YES,YES,NORMAL,SUBMITTED,EVID-7659,4545f43c86a69e9d7b9ea3bd3f47b31307d1bc14670a4fd5fe4a372623c14af3
INSP-000056,FPS-0151,OFF-00015,2026-03-20,2049,2038,-11,0.99,NORMAL,POOR,YES,NO,NORMAL,DRAFT,EVID-4224,4bc5d5f4624e7dac8d186beb14b58ba2146b747116f7eb3585f0dcd9c6c52718
INSP-000057,FPS-0554,OFF-00066,2026-02-04,1641,1675,34,0.99,LOW,GOOD,YES,NO,NORMAL,SUBMITTED,EVID-3554,7633fe4458891fe19775c5115a61a22aa765d3326e0dbdb0fa2d4bb036706960
INSP-000058,FPS-0258,OFF-00061,2026-02-12,869,779,-90,0.99,LOW,POOR,YES,NO,STOCK_VARIANCE,SEALED,EVID-8454,fa2f44fc5122d33c2bf73046e3037f8e12770c3a4248006dc4ef97d6fe61aaa7
INSP-000059,FPS-0074,OFF-00063,2026-01-13,1178,1183,5,1.0,LOW,AVERAGE,YES,YES,NORMAL,SEALED,EVID-8182,aa7996afa0ace1500c2f007a59fb55c005c7f1954765f8186d239e6d878b7575
INSP-000060,FPS-0502,OFF-00013,2026-03-22,1597,1644,47,0.97,LOW,POOR,NO,NO,NORMAL,SUBMITTED,EVID-6467,1dabf4dd0f9240317bb4fac1655db505620026e7a9ffcde90c1a714d01341394
INSP-000061,FPS-0205,OFF-00029,2026-03-01,2433,2284,-149,0.99,HIGH,POOR,NO,NO,STOCK_VARIANCE,SEALED,EVID-5715,30ff4dd8ea86ffcbb68769ed53c558046d50abd0177db2ec58ac094d35bc0c1c
INSP-000062,FPS-0523,OFF-00058,2026-01-07,1549,1586,37,1.0,HIGH,POOR,NO,NO,NORMAL,SUBMITTED,EVID-4718,6203c761da748bfdda965964d8826643a0e899ff5a45554757e1a366ad784e22
INSP-000063,FPS-0528,OFF-00056,2026-03-22,877,900,23,0.97,HIGH,AVERAGE,NO,NO,NORMAL,SUBMITTED,EVID-7072,65abc9657aa0e1d3de01275d581d1e4dcebc41b5beb7553a41bd71e8dc98a0eb
INSP-000064,FPS-0414,OFF-00064,2026-01-30,1543,1536,-7,0.98,NORMAL,AVERAGE,NO,YES,NORMAL,SEALED,EVID-2235,9243afe620c609c7bcb7b877c84dd0ee7d38ac8abec559d5d44339eb1d6fa30e
INSP-000065,FPS-0558,OFF-00060,2026-03-10,1157,1136,-21,1.0,HIGH,GOOD,NO,YES,NORMAL,DRAFT,EVID-9139,a701484358fac931d173ae320e87c61aa9d09fee8be98b4b4510e19208aeb560
INSP-000066,FPS-0015,OFF-00009,2026-01-28,1873,1922,49,0.99,NORMAL,GOOD,YES,NO,NORMAL,SEALED,EVID-9300,84ac353efd8f5437a0eeff02e8ef3e27c5907054ff3a2831cac28614dab15286
INSP-000067,FPS-0018,OFF-00066,2026-02-04,1214,1206,-8,0.99,HIGH,POOR,NO,NO,NORMAL,SEALED,EVID-4035,a51c175b8ffb195e68a409f84074c4fe0d5907d7325612e795108b43b38cd9e6
INSP-000068,FPS-0577,OFF-00061,2026-01-17,1594,1594,0,0.97,LOW,POOR,NO,NO,NORMAL,SEALED,EVID-7771,ae363aa6762e08ad006bd51dab8de1b1dfa258c62c5988e6de4554404f7f8767
INSP-000069,FPS-0115,OFF-00059,2026-01-04,1599,1593,-6,0.97,NORMAL,GOOD,YES,NO,NORMAL,SEALED,EVID-3663,543b45e9145e35cbee78be617bc95de9c5c03623dce4e4ac9d0847acb2518e66
INSP-000070,FPS-0274,OFF-00009,2026-03-18,2083,2021,-62,0.97,NORMAL,POOR,YES,NO,NORMAL,SEALED,EVID-2947,2afd61fb803ef5632ffaef8b38f060f25f033b3529b3c4c8415834b060a67987
INSP-000071,FPS-0064,OFF-00047,2026-03-22,2208,2229,21,1.0,LOW,GOOD,NO,YES,NORMAL,SUBMITTED,EVID-9938,b7d613c8b7e8406f9cd1fb183952de4f5a2c8e579ebd619519f4bb6a11ccb90f
INSP-000072,FPS-0077,OFF-00007,2026-01-18,1954,1939,-15,0.99,LOW,GOOD,YES,NO,NORMAL,SEALED,EVID-4726,e5587ab19364f3b664b4f791a56cf7e908615de665131e6ad0b2e32a32f3d4fb
INSP-000073,FPS-0122,OFF-00035,2026-03-12,1882,1934,52,0.99,LOW,POOR,NO,YES,NORMAL,SUBMITTED,EVID-9296,041437b355097cc8bf8b4b079440716ff66f3682c81ba00e295b5978424b4bf9
INSP-000074,FPS-0172,OFF-00010,2026-02-13,1511,1497,-14,0.98,HIGH,AVERAGE,YES,YES,NORMAL,SEALED,EVID-5346,3268bfefe94b38782489ad91b0ce96ae3ab1d429c4badb18689f071295689aa0
INSP-000075,FPS-0172,OFF-00027,2026-03-12,1633,1643,10,0.98,HIGH,AVERAGE,YES,YES,NORMAL,SEALED,EVID-8564,382b2e533abb38609d8909a2fb0b782d58e3c876912fe5b3ec6ee40f9bd7c281
INSP-000076,FPS-0054,OFF-00024,2026-02-15,1171,1185,14,0.97,LOW,POOR,NO,NO,NORMAL,SEALED,EVID-8710,62c98dedbea6c33ed0651c274a2aba9b42f25891bcffc1ef37027009efb0f336
INSP-000077,FPS-0109,OFF-00015,2026-03-17,2215,2179,-36,0.99,LOW,POOR,NO,YES,NORMAL,SEALED,EVID-8120,1f96a9f3ba345515700faadfed116505bfc4df59b8568e650d7abc5bd80c52f7
INSP-000078,FPS-0357,OFF-00048,2026-03-20,2669,2681,12,0.98,NORMAL,GOOD,NO,NO,NORMAL,SUBMITTED,EVID-8149,97f1380faeaf356c155ac7be34a532f4b1a5d2f8def92818064269148db9191b
INSP-000079,FPS-0071,OFF-00042,2026-01-03,1605,1640,35,1.0,NORMAL,POOR,NO,YES,NORMAL,SEALED,EVID-4485,fe7f42cb34a35bf1a822bdcd137470ac2f311d4272c2aa959bd13fd894e82878
INSP-000080,FPS-0459,OFF-00051,2026-03-07,2349,2415,66,0.99,LOW,GOOD,YES,NO,NORMAL,SUBMITTED,EVID-5936,7ea2808707773146a6bf5e12c5bbbc590b556a321bc422726ff43108db31ed2e
INSP-000081,FPS-0587,OFF-00034,2026-02-16,1246,1268,22,0.98,NORMAL,GOOD,YES,YES,NORMAL,SEALED,EVID-1754,1a56789ac08f871a7e193d7ec700ae50f50e6a3c6d6ec2226df286fc05c7b6e9
INSP-000082,FPS-0152,OFF-00040,2026-01-23,1221,1225,4,0.99,LOW,GOOD,YES,YES,NORMAL,DRAFT,EVID-9550,e4dd98d5456d899c60eb5820f0c22939b6d7723472db0dc0cb2e667da75cf263
INSP-000083,FPS-0207,OFF-00009,2026-01-13,1505,1468,-37,0.99,HIGH,AVERAGE,NO,YES,NORMAL,SUBMITTED,EVID-9024,9b80b8ce4a059729819cdc24be02eb44f055863a1a5548010f8130bbb40644c7
INSP-000084,FPS-0512,OFF-00007,2026-02-07,1203,1220,17,1.0,NORMAL,GOOD,NO,YES,NORMAL,SEALED,EVID-6221,966e0d431996f0eede8855807f3ddc3b97f9fdeb8ccf3990583aaf989363db59
INSP-000085,FPS-0375,OFF-00007,2026-03-03,1057,1064,7,0.98,LOW,GOOD,NO,YES,NORMAL,SEALED,EVID-5146,9653327d4854d5920b4048bd94ef1d8d983cca712af437cb28f703b81b27612a
INSP-000086,FPS-0516,OFF-00020,2026-02-21,770,792,22,0.99,LOW,GOOD,YES,NO,NORMAL,SEALED,EVID-2288,e80851e83728c4d47a2c840597e4aca0ac6e8b1e9ca7a8f8617d305d78812b7f
INSP-000087,FPS-0429,OFF-00015,2026-03-13,1518,1503,-15,0.99,LOW,GOOD,YES,YES,NORMAL,SEALED,EVID-2956,3718bd51fb65651c2974465da61a2250e1284003e6a7b614354ece4168b5ef1f
INSP-000088,FPS-0419,OFF-00019,2026-03-12,2128,2067,-61,0.97,NORMAL,GOOD,YES,NO,NORMAL,SUBMITTED,EVID-6671,09777b09bc077b41636a46c76628e7893f1a9aa569ee0d9b717353b4cfc4fc42
INSP-000089,FPS-0502,OFF-00050,2026-01-16,1136,1152,16,0.99,NORMAL,POOR,NO,YES,NORMAL,SUBMITTED,EVID-1944,6bbf003d6fe67f8e57e7aa94970491d488bf168ec3affbc7325d1c47b8ca4159
INSP-000090,FPS-0502,OFF-00007,2026-02-08,1196,1229,33,0.99,HIGH,POOR,YES,YES,NORMAL,SEALED,EVID-9787,bf619ca7f67a2d3d3ff6582ea91a631cd703eb6fc1557830768c792691a7cc12
INSP-000091,FPS-0589,OFF-00032,2026-02-22,1381,1369,-12,1.0,NORMAL,GOOD,YES,YES,NORMAL,SEALED,EVID-6068,e584ace68fd33b27ec3757baf94c8821c078b3d3f2f16d5810a52978491359ca
INSP-000092,FPS-0056,OFF-00042,2026-03-22,1291,1265,-26,0.98,HIGH,GOOD,YES,YES,NORMAL,SUBMITTED,EVID-8380,af7951a73b9fe16eefb75e2e4d91902d9a07394ded7429f60e8a58beccf8f548
INSP-000093,FPS-0589,OFF-00019,2026-03-22,1447,1330,-117,0.98,LOW,AVERAGE,NO,NO,STOCK_VARIANCE,DRAFT,EVID-1276,4e89e06bb268c6fc793b664f69fcfb3add371792c73370ea55a8cf91dab588fe
INSP-000094,FPS-0391,OFF-00035,2026-02-01,1051,1029,-22,1.0,LOW,GOOD,NO,YES,NORMAL,SEALED,EVID-6481,d64d8042bea460acd8ff333b13575a41964bac339f1f88a7ff912248f5319f85
INSP-000095,FPS-0329,OFF-00019,2026-02-18,1190,1249,59,1.0,HIGH,GOOD,NO,NO,STOCK_VARIANCE,SUBMITTED,EVID-5389,da418dbc3cba08aa6c07391ebbefe62363a5200487499f00c3e04173c4d3c2c7
INSP-000096,FPS-0084,OFF-00046,2026-01-13,928,934,6,0.99,HIGH,POOR,YES,NO,NORMAL,SEALED,EVID-9680,52eae35c52ee8622606eea4e6613918a4922b2b707bce5120f0d1a0328309b6d
INSP-000097,FPS-0209,OFF-00046,2026-03-10,1304,1270,-34,0.99,LOW,POOR,YES,NO,NORMAL,SEALED,EVID-4783,f282b97cc981bcbb9d3cae59dd2dbb19808d629753236ac186d1bad8bc8a8ea4
INSP-000098,FPS-0129,OFF-00030,2026-01-23,1698,1698,0,1.0,LOW,AVERAGE,NO,YES,NORMAL,SEALED,EVID-6126,ee000c5f6f8a2f0966dbc5f8252667314d9bd1cfce2ca28ca5f86265054f6b1d
INSP-000099,FPS-0407,OFF-00039,2026-01-23,2920,2865,-55,0.99,LOW,GOOD,NO,YES,NORMAL,SEALED,EVID-2751,a340caefedaaf92539867a164fcf44d12a797bb293f008dedeb150e19a16485b
INSP-000100,FPS-0028,OFF-00008,2026-03-04,2072,2053,-19,1.0,NORMAL,POOR,YES,NO,NORMAL,SEALED,EVID-6424,20fc1f6ceee1af6e4b96ea8e46fa48da99590dd5abd05512aa92a39ece1fbf74
INSP-000101,FPS-0063,OFF-00038,2026-02-14,1243,1231,-12,0.98,LOW,AVERAGE,YES,YES,NORMAL,SEALED,EVID-3451,d4fd75bd246749bdeb59f3418c2bce6006752872b3789da3143defc56137b91e
INSP-000102,FPS-0001,OFF-00016,2026-02-03,728,653,-75,0.99,HIGH,POOR,NO,YES,STOCK_VARIANCE,SEALED,EVID-3284,8ce18422cce1dbbc21f9852084c6ac9414ad0caa8cb1cbaa4c02908d94ccc08c
INSP-000103,FPS-0164,OFF-00028,2026-02-20,2068,2080,12,0.99,NORMAL,POOR,YES,NO,NORMAL,SUBMITTED,EVID-1831,f3c58365eb73127e50c38039f26993397366b4eac1be63e8401be4d4d0a19b2d
INSP-000104,FPS-0085,OFF-00057,2026-01-22,1079,1066,-13,0.98,NORMAL,AVERAGE,NO,YES,NORMAL,SUBMITTED,EVID-7986,5e4f28de5e2e15ecee3e78f87ed45418abc9505b0aedef125b7f4f9ad542d5a9
INSP-000105,FPS-0036,OFF-00053,2026-01-26,1822,2006,184,0.99,LOW,AVERAGE,NO,YES,STOCK_VARIANCE,DRAFT,EVID-6876,332a51e0d8e6bfd309804ab43873bec74692c550e81a2e4125371d60138f7d76
INSP-000106,FPS-0147,OFF-00036,2026-01-23,1662,1643,-19,0.98,HIGH,POOR,YES,YES,NORMAL,SEALED,EVID-7292,8ce9d2ecaf37becf9d1d6182eebc95a822f14af4141e93fb5bbf1715b875f00e
INSP-000107,FPS-0263,OFF-00024,2026-01-26,1439,1450,11,0.98,LOW,GOOD,NO,NO,NORMAL,SEALED,EVID-8181,74d341011ab1f1c717ab289fe31ab8c9f7197e838fedea5c8848f995cb1df4f6
INSP-000108,FPS-0345,OFF-00054,2026-02-16,903,894,-9,1.0,HIGH,AVERAGE,YES,NO,NORMAL,SEALED,EVID-1759,558fff41b4f4e9b2e912b76e8ad30b2dbf7ae14ee7ba7e8993e59a1e0df9fbab
INSP-000109,FPS-0279,OFF-00041,2026-03-04,851,875,24,0.98,LOW,AVERAGE,YES,NO,NORMAL,SEALED,EVID-8669,5e2cc8f21c1502a868ed6d607044132a18627e6ae697c0e043fa462b2169bcef
INSP-000110,FPS-0029,OFF-00023,2026-02-19,1325,1320,-5,1.0,LOW,GOOD,NO,YES,NORMAL,SEALED,EVID-5493,35b571034f2b8b35aec82c497ac70a97015acdd5eb918fa7e6d006b7890d051c
INSP-000111,FPS-0399,OFF-00025,2026-01-12,1664,1711,47,0.99,NORMAL,AVERAGE,YES,NO,NORMAL,SEALED,EVID-4160,277c2c49ec3433e486e1b65d8274fb44b6acc0b11e072379317090a028844f44
INSP-000112,FPS-0089,OFF-00058,2026-03-21,1419,1432,13,0.98,HIGH,POOR,NO,NO,NORMAL,SEALED,EVID-2693,8c188276e233fb48f07d9f7915bb6c57b606eadc7105993af4b8f0ca34a2f455
INSP-000113,FPS-0046,OFF-00066,2026-01-06,1346,1306,-40,0.98,HIGH,POOR,NO,YES,NORMAL,DRAFT,EVID-8105,d0bbce9626929c54bb3505667207ad22ee1cdc06e61cb6670a3e9ab7f0527984
INSP-000114,FPS-0125,OFF-00049,2026-01-06,930,953,23,0.98,HIGH,AVERAGE,NO,NO,NORMAL,SUBMITTED,EVID-9571,21e98321180c2520232ef4d96854bd87458ad6ce71f0b76f6f46f055c2a52ed1
INSP-000115,FPS-0178,OFF-00020,2026-01-27,1345,1368,23,0.98,LOW,GOOD,NO,YES,NORMAL,DRAFT,EVID-5010,fff5ffe08debdfbc2ee2f806a24e6b9b8d78911f9759ca430902585c98652d37
INSP-000116,FPS-0253,OFF-00065,2026-02-22,2418,2462,44,0.99,LOW,AVERAGE,NO,NO,NORMAL,SEALED,EVID-8009,2d97bf40461684adc6ce193923370091e3751d2bc99d475b15d95417387522b5
INSP-000117,FPS-0546,OFF-00008,2026-02-07,1126,1158,32,0.99,HIGH,AVERAGE,NO,YES,NORMAL,SEALED,EVID-7428,583f39362592edd5fa7d66ad76b017fd42a5efdfabff08427c13be4b17c733f8
INSP-000118,FPS-0210,OFF-00066,2026-03-15,819,827,8,1.0,LOW,AVERAGE,NO,NO,NORMAL,DRAFT,EVID-9304,4fdf08a8cc3c30305103d666f9427e9250aea71cce29fa03ab2f5abdcf438a19
INSP-000119,FPS-0085,OFF-00052,2026-02-02,1358,1359,1,0.97,NORMAL,POOR,NO,YES,NORMAL,SUBMITTED,EVID-1721,6323fb9f4eaf839e16da988441f1f4b73062ed92d5933e33ab2f6bb1087e0ad9
INSP-000120,FPS-0108,OFF-00039,2026-03-14,2424,2402,-22,0.99,LOW,POOR,YES,YES,NORMAL,SEALED,EVID-5080,84180f952f9a7f06ab7cfa612a6998610402c006bd6fadb3f8da62cf5476fa85
INSP-000121,FPS-0309,OFF-00057,2026-02-05,1849,1901,52,0.98,NORMAL,POOR,NO,YES,NORMAL,SEALED,EVID-8352,657dda1482b4d5cdb843333ed0b8967e8e32c92119b0f43a47bfaff607fdabb3
INSP-000122,FPS-0444,OFF-00017,2026-02-19,1544,1561,17,0.99,HIGH,AVERAGE,YES,NO,NORMAL,SEALED,EVID-8319,c623df1a116f188053bdbfbb8d3174f0d1a890109c39521d7776f4d3efba3486
INSP-000123,FPS-0222,OFF-00065,2026-03-04,1508,1524,16,0.99,LOW,AVERAGE,YES,NO,NORMAL,SUBMITTED,EVID-7366,90ba343f1d0e50143b28be92137a7931822f4f317439f97a16d87e57a13cecb1
INSP-000124,FPS-0226,OFF-00008,2026-03-22,880,891,11,0.97,HIGH,GOOD,YES,YES,NORMAL,DRAFT,EVID-6088,75a197abe0999ee8adc1bad3f890134b267a3a8b33c9e9153094dc0224cdc0f6
INSP-000125,FPS-0262,OFF-00033,2026-01-27,1231,1199,-32,0.97,HIGH,POOR,YES,YES,NORMAL,SEALED,EVID-7675,3b5f1ecdc9eceaf7b6bf6eecad83bb7b4936659621982b6349a4e42d6ac17f6f
INSP-000126,FPS-0578,OFF-00040,2026-02-28,1607,1566,-41,1.0,NORMAL,GOOD,NO,NO,NORMAL,SUBMITTED,EVID-5895,1b164891b7eeb57530f0789f0435fb8f4c7631a0bca30217f6b1d6cdc631aa0b
INSP-000127,FPS-0202,OFF-00008,2026-03-20,856,860,4,0.99,LOW,GOOD,NO,NO,NORMAL,SEALED,EVID-8849,cc5edd7b830ecd2a349fff2de163391f99eb1b97e51b8c6f9999a7fc66ba4a83
INSP-000128,FPS-0560,OFF-00051,2026-03-04,1401,1413,12,0.99,LOW,POOR,YES,NO,NORMAL,SUBMITTED,EVID-3678,2d91b1cfae0f0f618941a6a447c4c51236309681af93e8b6b6ef35fc7f4b91e6
INSP-000129,FPS-0395,OFF-00063,2026-02-04,860,853,-7,0.99,LOW,AVERAGE,NO,YES,NORMAL,SEALED,EVID-3285,40d625f76da63c3220fb4a96a49c3611927982d404550ed4a6c9dd2ec42b6e50
INSP-000130,FPS-0378,OFF-00016,2026-03-11,1111,1163,52,0.99,LOW,AVERAGE,NO,YES,NORMAL,SEALED,EVID-6353,2afd087e14d7d4d8f041eec47b72964037c0a3c42366857deb90cdb0df480105
INSP-000131,FPS-0293,OFF-00046,2026-03-22,1692,1712,20,0.98,HIGH,AVERAGE,YES,YES,NORMAL,SEALED,EVID-4767,d8b42bc2887a36eaa6bbf388194e3698ef4378984a2d56f0b931e45343377905
INSP-000132,FPS-0049,OFF-00035,2026-03-12,2460,2403,-57,1.0,NORMAL,POOR,NO,NO,NORMAL,SUBMITTED,EVID-9923,d238dff4ca4b3c91d655dfa7a40b1b45df763b8927c6a8b78c83cd67fe88b669
INSP-000133,FPS-0517,OFF-00052,2026-02-09,1814,1789,-25,0.98,NORMAL,AVERAGE,NO,NO,NORMAL,SEALED,EVID-7313,4312201b8c2fd8e2268f1748d78ab121a6529e9cdf789bd3850580790bec0c7d
INSP-000134,FPS-0267,OFF-00039,2026-03-22,1740,1740,0,0.99,LOW,AVERAGE,YES,YES,NORMAL,SEALED,EVID-8563,7b2f9c43b1d5a25f76846db9996f399e026c4a542ad6d65767995a36382a2012
INSP-000135,FPS-0289,OFF-00050,2026-02-18,1867,1848,-19,1.0,LOW,AVERAGE,NO,YES,NORMAL,SEALED,EVID-3363,579d0ed42d814e4c06a2a54dd52b76bd7d1d738c02e1345853bf13c80686dfb6
INSP-000136,FPS-0479,OFF-00053,2026-01-27,1233,1196,-37,0.99,NORMAL,GOOD,YES,NO,NORMAL,DRAFT,EVID-2597,86dfe03b4010a585748e3bae309d0e806e1dabdb4856ca777285d584e8e11fc4
INSP-000137,FPS-0373,OFF-00057,2026-03-04,1812,1785,-27,1.0,LOW,POOR,NO,NO,NORMAL,SEALED,EVID-3040,fdb34ad147b5e1f2af4fbfee90b2452eba04fa8899c5cdef97cd5fd9e8a38fbf
INSP-000138,FPS-0391,OFF-00054,2026-03-02,1535,1541,6,0.98,NORMAL,POOR,NO,YES,NORMAL,SEALED,EVID-5633,84239352063b32c82a449bc500c8d89860336a52695864735e104551ba233846
INSP-000139,FPS-0174,OFF-00028,2026-03-02,2445,2398,-47,0.99,NORMAL,POOR,NO,NO,NORMAL,SEALED,EVID-8230,b721b6440efc2abb93cda4161448ca2042db2be02b0e4d28f28133f6e037ea9b
INSP-000140,FPS-0125,OFF-00014,2026-02-20,758,821,63,1.0,NORMAL,GOOD,NO,YES,STOCK_VARIANCE,SEALED,EVID-4138,cf207bdf5dd3844eec048f2dba2f40eaa2e1cf91a504742489aefdc5525a57ef
INSP-000141,FPS-0281,OFF-00022,2026-02-15,1100,1102,2,0.99,NORMAL,AVERAGE,YES,YES,NORMAL,SUBMITTED,EVID-1026,9ea17753a5871ef5bd1f676698e053b3d0d50e065b9ce721cd80b8f68948137a
INSP-000142,FPS-0258,OFF-00012,2026-02-17,826,878,52,0.99,HIGH,AVERAGE,YES,NO,STOCK_VARIANCE,SEALED,EVID-2882,8c6128f041b39bac01631012693203f8375504382bd65ce83aa1542060d3e6d3
INSP-000143,FPS-0204,OFF-00065,2026-03-01,891,912,21,0.99,NORMAL,POOR,YES,NO,NORMAL,SEALED,EVID-4479,d1646167832ec6c301c60ba66e75c3c02ce62e9129e0d8eb08122368052c2897
INSP-000144,FPS-0186,OFF-00047,2026-02-27,555,560,5,0.99,NORMAL,POOR,NO,NO,NORMAL,SUBMITTED,EVID-1994,8b1463ea734bf97f64dd3242749f750545808231fb56ded5d0e16f69c25899a9
INSP-000145,FPS-0208,OFF-00047,2026-02-07,952,925,-27,0.98,LOW,POOR,NO,YES,NORMAL,DRAFT,EVID-1116,c3e857f6ef5ceeb134d53800fb89945777c75744a1e7f2cd81984de6a911fe9a
INSP-000146,FPS-0199,OFF-00028,2026-03-13,1411,1396,-15,1.0,LOW,GOOD,YES,YES,NORMAL,SEALED,EVID-7670,1ae9b92f0fd498ed3280261eadbf3531348ea8514d2fc3ac1955d4748827f55f
INSP-000147,FPS-0014,OFF-00041,2026-01-02,1570,1539,-31,0.98,LOW,AVERAGE,NO,NO,NORMAL,SEALED,EVID-6318,ee5a88c10262415e6a1ec33334901eacc4768e5e504e408bcda5730376b736aa
INSP-000148,FPS-0500,OFF-00050,2026-02-25,956,928,-28,0.97,LOW,POOR,YES,NO,NORMAL,SUBMITTED,EVID-2893,b57ffb218d65ba367e1551aa0e382f7cc94aee6aa83a8eb24528f7ccb9a0d37a
INSP-000149,FPS-0064,OFF-00018,2026-02-26,1530,1533,3,0.99,LOW,POOR,YES,NO,NORMAL,SUBMITTED,EVID-6988,46780a79aa38cea8421d54747e43a5a0e75e55afea95a42bf0c532a58aca8759
INSP-000150,FPS-0390,OFF-00044,2026-03-14,923,918,-5,0.98,LOW,AVERAGE,YES,YES,NORMAL,SEALED,EVID-9250,c9e320be4d6aeed599d95bfb0144c5b062361ea336a39e1706421d05356b0b93
INSP-000151,FPS-0165,OFF-00021,2026-03-14,1630,1629,-1,0.98,NORMAL,POOR,NO,YES,NORMAL,SEALED,EVID-4656,a36090d2a73f30698ded4f0c1ad81954009a6c91c3f5d90daadd7e48e9cf20b0
INSP-000152,FPS-0229,OFF-00020,2026-03-07,1126,1125,-1,0.99,LOW,GOOD,YES,YES,NORMAL,DRAFT,EVID-4966,ed488b9a4655a97c616204d76cfca14ce0438303c739d912fd39b03e8b142f2d
INSP-000153,FPS-0083,OFF-00030,2026-02-19,1566,1524,-42,1.0,LOW,GOOD,YES,YES,NORMAL,SUBMITTED,EVID-3896,39c3fdc53e7e3e8acc72711843a93148959d501ae4a0faa523149d0bb4baf74f
INSP-000154,FPS-0559,OFF-00032,2026-01-01,1178,1157,-21,0.99,LOW,POOR,YES,NO,NORMAL,SEALED,EVID-3953,726ebd27ae3fb93c2d2d7e1ef69dfe14296e373bf52e49d51f3772b0797b6353
INSP-000155,FPS-0158,OFF-00049,2026-02-03,1109,1120,11,0.98,HIGH,POOR,NO,NO,NORMAL,SEALED,EVID-6420,9b4cdf375db0db24fdd13c32fdebd0b72f625865f1787ba10a5cb058d86b3e37
INSP-000156,FPS-0267,OFF-00024,2026-02-16,1717,1732,15,0.97,HIGH,POOR,YES,NO,NORMAL,SUBMITTED,EVID-4164,c7f7e29bdc6b074970442b47c0d95a4af6a6701ad69afb2ac02bf8ab1dc4f23a
INSP-000157,FPS-0552,OFF-00050,2026-01-26,1379,1369,-10,0.98,HIGH,POOR,YES,YES,NORMAL,SEALED,EVID-2695,63eb403d8255f36bc78b80d93b239e6960506debd728220c98e9c239de578db1
INSP-000158,FPS-0417,OFF-00057,2026-03-05,2069,2053,-16,0.97,LOW,POOR,YES,NO,NORMAL,SEALED,EVID-4758,a2550a1f1f71b6c8fd6fc4fe6d5ef599999ecb691714be3c5667a6b7ba149c5b
INSP-000159,FPS-0447,OFF-00028,2026-02-09,828,816,-12,0.97,HIGH,AVERAGE,NO,YES,NORMAL,SEALED,EVID-8209,27fee5bcd0c8dcfde8a3b03466dbb8ee4b21c26e064e9dca5f4df479d46522ab
INSP-000160,FPS-0319,OFF-00054,2026-02-07,1003,1006,3,0.98,NORMAL,GOOD,YES,YES,NORMAL,SEALED,EVID-3243,4063c1b9844e8b8bf30822c67c1a09163cbbc347980d1a9ea5b4d8c7372032d3
INSP-000161,FPS-0492,OFF-00066,2026-02-18,1262,1278,16,0.97,LOW,POOR,NO,NO,NORMAL,DRAFT,EVID-5425,53e13d81586d0aebfe8cb5307fedc6804b789dd788b3c4eb60b946c7975eb144
INSP-000162,FPS-0371,OFF-00012,2026-01-11,823,818,-5,0.99,NORMAL,AVERAGE,YES,YES,NORMAL,SEALED,EVID-3852,38c4712d46e4638289ef526e9543ca699231550ccdb7bd88c2d5754a9ac66445
INSP-000163,FPS-0001,OFF-00035,2026-01-16,541,543,2,0.98,HIGH,AVERAGE,YES,YES,NORMAL,SUBMITTED,EVID-1799,858b9eba51edb3b983e360975d9df3ae577978c2a4fb51f2714013954a65a6fa
INSP-000164,FPS-0445,OFF-00010,2026-01-25,615,598,-17,0.97,NORMAL,AVERAGE,NO,NO,NORMAL,DRAFT,EVID-8784,52283a186040ed64aff59e9febef19f823c0351fdb24daf7bbcbdfff20e67d7e
INSP-000165,FPS-0156,OFF-00049,2026-02-04,807,824,17,0.98,HIGH,POOR,NO,NO,NORMAL,SEALED,EVID-7052,e72903f15f87d269c6a257033c8931b6322095b958c66cf977daecde1b9a8c80
INSP-000166,FPS-0001,OFF-00023,2026-02-21,679,657,-22,0.98,LOW,POOR,YES,YES,NORMAL,SEALED,EVID-8734,812d390a68a9288380dec8f478b77227d2dd66246bccd0226f5b09d7f3fc8242
INSP-000167,FPS-0022,OFF-00012,2026-02-17,1710,1743,33,0.98,HIGH,POOR,YES,YES,NORMAL,SEALED,EVID-9411,2f8a5cb3950800c15917fbf67e3ea531a60ef539ae400d5539ca1ffa6ca9207e
INSP-000168,FPS-0187,OFF-00048,2026-03-04,1598,1598,0,0.98,NORMAL,GOOD,YES,NO,NORMAL,SEALED,EVID-3448,daa18340de33c0c9055070f249e0fbdaa37701bf84b40f8e2bece4b4bdf014bc
INSP-000169,FPS-0551,OFF-00028,2026-03-02,1695,1863,168,0.99,LOW,POOR,YES,NO,STOCK_VARIANCE,SUBMITTED,EVID-6205,50cc55d813bb52ff6383646dc83b62c29bb084391aa392c33556deacef5b2d96
INSP-000170,FPS-0433,OFF-00065,2026-03-13,1120,1132,12,0.97,NORMAL,POOR,YES,NO,NORMAL,SEALED,EVID-8290,37b0f2221bc66109d1ea0558d3e67a6a5801e4563f5b07f0ec0a3c98f4c7b7e6
INSP-000171,FPS-0467,OFF-00012,2026-01-30,1551,1491,-60,0.98,LOW,GOOD,NO,YES,NORMAL,SUBMITTED,EVID-7259,a35127949fe5d2ca96857d708c5413eb1cc47bf71bdf775d12332e386fc8c5f3
INSP-000172,FPS-0434,OFF-00028,2026-01-25,1390,1443,53,0.99,LOW,AVERAGE,YES,YES,NORMAL,SUBMITTED,EVID-9605,68a98c9787afcadf534715a26bc3ade0729ddc96e152dd2b86aa13498d73e677
INSP-000173,FPS-0188,OFF-00014,2026-03-22,1090,1069,-21,0.99,HIGH,AVERAGE,YES,YES,NORMAL,SUBMITTED,EVID-5755,fe9ab6884968918505ff6cfe6670861514e6a96058003650f45fde83452c2852
INSP-000174,FPS-0283,OFF-00042,2026-02-02,1229,1242,13,1.0,NORMAL,AVERAGE,YES,NO,NORMAL,SEALED,EVID-6691,fd985fea740c740d7db590dfd9864c1910bcca83f58113d1176ffef821e6b575
INSP-000175,FPS-0593,OFF-00043,2026-03-07,781,792,11,0.98,HIGH,POOR,YES,NO,NORMAL,SUBMITTED,EVID-9318,470c7dd17728a03a74309950ed92f1f773b1b267da62a59326ed94e7b76d00c8
INSP-000176,FPS-0447,OFF-00048,2026-01-16,987,985,-2,0.98,HIGH,AVERAGE,NO,NO,NORMAL,SUBMITTED,EVID-9470,8972257fe5c064457b8e5c2f9833f10a9b66c261f2089cb2bd4cef5939f149ed
INSP-000177,FPS-0486,OFF-00056,2026-01-03,1781,1779,-2,0.98,NORMAL,AVERAGE,YES,YES,NORMAL,SEALED,EVID-1552,49add94ba63f0350e5f0bbc259810d715f1ad250049351e34d6c61891754f576
INSP-000178,FPS-0563,OFF-00035,2026-03-03,1668,1619,-49,0.97,HIGH,GOOD,NO,NO,NORMAL,SEALED,EVID-7012,5012c78ac05908d9c3a3f5f2d98dd269b675ba67826c68be2bceaa978d3890d3
INSP-000179,FPS-0218,OFF-00027,2026-03-15,1566,1555,-11,0.99,HIGH,POOR,NO,YES,NORMAL,SUBMITTED,EVID-9491,b053bed22d729ece521479365922d3309fc8aa9dd7f30a6818c4b1480d651aad
INSP-000180,FPS-0514,OFF-00011,2026-01-18,1078,1097,19,0.99,LOW,GOOD,NO,YES,NORMAL,SUBMITTED,EVID-3882,ce63d7083c5bd799a5f3424975f5ca216eca50fcd1bb75253411ba457782663a
INSP-000181,FPS-0282,OFF-00025,2026-01-12,841,831,-10,0.98,NORMAL,GOOD,YES,YES,NORMAL,SEALED,EVID-9462,1ac1df00024b10eb250e5992b5931f017905a56d720995599fbaf21c26d2b54b
INSP-000182,FPS-0437,OFF-00040,2026-02-26,2001,1948,-53,0.99,LOW,POOR,YES,NO,NORMAL,SEALED,EVID-6414,f3e4431b4cfa750b5c4ead4073382721bd949f78a9630b792039c85b5dda7b48
INSP-000183,FPS-0549,OFF-00030,2026-02-19,1203,1195,-8,0.99,NORMAL,GOOD,YES,YES,NORMAL,SUBMITTED,EVID-2099,ee3910f71c5be69fb2a9af475ee3b290355b7066e9bc31c2ed1815419743d216
INSP-000184,FPS-0505,OFF-00039,2026-03-13,1676,1687,11,0.99,HIGH,AVERAGE,NO,NO,NORMAL,SUBMITTED,EVID-7454,b88fa8319b942e40a83a5cfa6221c5c1dff48278975f79a3dec094b3b1fdbaaf
INSP-000185,FPS-0060,OFF-00026,2026-01-14,1862,1834,-28,1.0,LOW,POOR,YES,NO,NORMAL,SUBMITTED,EVID-4250,487379c190f1001fb4953006b40a09f31a25c9f0dd20dea6762cbef9ee3d14c3
INSP-000186,FPS-0434,OFF-00020,2026-03-09,1401,1374,-27,0.99,LOW,POOR,YES,NO,NORMAL,DRAFT,EVID-3689,e574d662578d53be3ec1aff19f70bf1444540c62042010ce3de50d7990c1683f
INSP-000187,FPS-0147,OFF-00065,2026-02-01,1951,1911,-40,0.98,HIGH,POOR,YES,YES,NORMAL,SEALED,EVID-1397,3a1e645483d757ac4a9ed864d55f1f4c2275fada3a8c54cd7049a512f930baf5
INSP-000188,FPS-0560,OFF-00018,2026-02-08,2049,1992,-57,0.98,NORMAL,GOOD,YES,NO,NORMAL,SUBMITTED,EVID-7547,82e7c17ed9bea6362f211431fa3621c22ef19b0e8726edda7b31fccafee993f7
INSP-000189,FPS-0305,OFF-00063,2026-02-18,2170,2377,207,0.97,HIGH,POOR,YES,YES,STOCK_VARIANCE,SEALED,EVID-5287,1f313722b838867c4330f702b2b445df3ec6da71e2c3980c6506e82cffdad21b
INSP-000190,FPS-0555,OFF-00060,2026-01-12,1903,1877,-26,0.99,LOW,POOR,YES,YES,NORMAL,SUBMITTED,EVID-4165,6b1a84b1a069b79b2fb6361502f32c9c2332bfb0625f078d8c367aba760442c6
INSP-000191,FPS-0353,OFF-00025,2026-01-24,1466,1465,-1,0.99,NORMAL,GOOD,NO,YES,NORMAL,DRAFT,EVID-8111,652ac6b3db3f1c62cd7525bd4d4bf85f8dd13f345fd79621345b074c117f6bf4
INSP-000192,FPS-0503,OFF-00033,2026-03-16,942,933,-9,0.98,LOW,GOOD,NO,YES,NORMAL,SUBMITTED,EVID-9180,2fbbee5951eae7136dc88aeef7cb0aca4beb22b88c806409a6419f3e38deaf0d
INSP-000193,FPS-0104,OFF-00027,2026-03-16,1937,1891,-46,0.99,LOW,AVERAGE,NO,YES,NORMAL,SEALED,EVID-5392,5f18eec7cc6a06d30b3d5baf3233425085dd405c9b5339deeeac5a8865e7764f
INSP-000194,FPS-0401,OFF-00044,2026-02-14,1060,1090,30,0.99,NORMAL,GOOD,YES,YES,NORMAL,SEALED,EVID-6587,5f61d7b3843213ec88c8565c86aa4a8f491f6b8d6d3548c1d969f5a4606099ab
INSP-000195,FPS-0248,OFF-00038,2026-03-18,940,926,-14,0.98,LOW,AVERAGE,YES,NO,NORMAL,SEALED,EVID-1924,df52fbaef68dd331a65a34edf878838a2ed82b44857fa5c531efcede8144b61a
INSP-000196,FPS-0130,OFF-00062,2026-01-02,1932,1982,50,1.0,NORMAL,GOOD,NO,NO,NORMAL,DRAFT,EVID-2466,1155e3bf1faa9c18355b5a43ab64ba56712de7fe4f9caa95454680f35ca47c7e
INSP-000197,FPS-0152,OFF-00036,2026-02-12,1082,1105,23,0.98,LOW,POOR,NO,NO,NORMAL,SEALED,EVID-4960,707270fbefb537942c01aa22ce7548675f9df6c2582273ebe023f4eacebca4a2
INSP-000198,FPS-0077,OFF-00065,2026-03-22,1738,1697,-41,0.98,HIGH,POOR,YES,YES,NORMAL,SUBMITTED,EVID-6607,d027adbc808b886fd1094e20c4185b33c07d25f9989b8c47428cf49f78208410
INSP-000199,FPS-0135,OFF-00018,2026-02-08,1058,1087,29,0.98,NORMAL,POOR,YES,YES,NORMAL,SUBMITTED,EVID-7589,72ea8adde7450939da890e876ba728d7d97281c2b08aa598240054c43c711e16
INSP-000200,FPS-0448,OFF-00024,2026-02-20,2533,2596,63,0.98,NORMAL,POOR,YES,NO,NORMAL,SUBMITTED,EVID-4552,6f3700e58fda26e6435f41e8b85ee6aa1b41cc00464bc1f80fb9b5c0b2b76332
INSP-000201,FPS-0198,OFF-00021,2026-02-20,2459,2520,61,0.97,LOW,POOR,NO,YES,NORMAL,SEALED,EVID-2417,39a815a4f3991c048685179cc1d51f6005d7da1ec7d665675f1c09cb412bad72
INSP-000202,FPS-0110,OFF-00055,2026-02-01,1274,1304,30,0.97,HIGH,POOR,NO,YES,NORMAL,SEALED,EVID-2265,4c33b5d56e9bbee1d8e81d5c677b007dda135f6becaaa0993548e017192b5eb6
INSP-000203,FPS-0137,OFF-00063,2026-01-30,1291,1268,-23,0.97,LOW,AVERAGE,YES,NO,NORMAL,SUBMITTED,EVID-5613,af569bad664aa057906ef7c355721a84419ae8c0aa31b617d89cd63c1604b9b1
INSP-000204,FPS-0405,OFF-00050,2026-01-07,1039,1044,5,0.98,NORMAL,POOR,YES,YES,NORMAL,DRAFT,EVID-2674,ccfcafb249107abbc81815b387b5bf4c7d9b1ea254c7030b17b3123a8069f40f
INSP-000205,FPS-0228,OFF-00019,2026-02-17,876,870,-6,0.99,LOW,GOOD,YES,YES,NORMAL,DRAFT,EVID-5218,fcd8bb3fcdf6d9425887a7f2fc66488575fbec9d76d9a80d8705d6ff6fba6925
INSP-000206,FPS-0453,OFF-00031,2026-02-07,2926,2883,-43,0.98,HIGH,POOR,NO,NO,NORMAL,SEALED,EVID-3859,5de0feeb5372d1afe395af40fa6c746abf7c6721f9ebc583523a317e2d6f5ae9
INSP-000207,FPS-0197,OFF-00028,2026-01-11,660,662,2,0.99,NORMAL,AVERAGE,NO,YES,NORMAL,SEALED,EVID-8074,9eb4340d1a60d4f3119750376376d87b7f414dfd970e7b071ac32a77fc00d895
INSP-000208,FPS-0114,OFF-00024,2026-03-17,2537,2535,-2,0.98,NORMAL,AVERAGE,YES,NO,NORMAL,SUBMITTED,EVID-5779,18a95036845e1ada2e3b9142edfa3a78fcb8c65c0b5a72a10968826a9cec8526
INSP-000209,FPS-0248,OFF-00023,2026-02-23,1079,1103,24,0.98,LOW,AVERAGE,YES,YES,NORMAL,SEALED,EVID-1367,b87fb0632a410c57a928d66f22719b2ce591e8b8a553528115222303f6780b26
INSP-000210,FPS-0018,OFF-00030,2026-02-09,942,946,4,0.99,LOW,GOOD,YES,YES,NORMAL,DRAFT,EVID-1000,4b6a2476340fa078ae3c6aeeff3d4d94120493cde11a413c0592dceffcaeade4
INSP-000211,FPS-0169,OFF-00043,2026-01-24,1646,1689,43,0.99,NORMAL,POOR,NO,NO,NORMAL,SUBMITTED,EVID-8504,764e8a9bdfa85c446acf2d486ae3df4316c2f5ba38e4d88227b12d417a9e89d7
INSP-000212,FPS-0282,OFF-00058,2026-01-07,1076,1072,-4,1.0,NORMAL,POOR,NO,YES,NORMAL,SUBMITTED,EVID-9471,8c8e70a949f28b97c0399b4a4b40b2c24ed2449da0bd4328dbced0d49b18f92a
INSP-000213,FPS-0530,OFF-00047,2026-01-17,1016,935,-81,0.98,NORMAL,POOR,YES,NO,STOCK_VARIANCE,SUBMITTED,EVID-6252,ac83305fb712a2aad52cb15ecde15176ba5cc331e232e3471019f2c50138bfdd
INSP-000214,FPS-0380,OFF-00043,2026-03-16,1064,1031,-33,0.99,LOW,POOR,YES,YES,NORMAL,SUBMITTED,EVID-6550,c6cc8b3f1a16eaa38f655431b039fcb9d0ba8b23efc5590f185c335bc89d42ca
INSP-000215,FPS-0075,OFF-00011,2026-02-12,531,533,2,1.0,LOW,AVERAGE,YES,YES,NORMAL,SUBMITTED,EVID-6927,d590b54974f0c42c3fd23c4b1d904b14003c5ec0506b426ec21648d47fec8e9d
INSP-000216,FPS-0520,OFF-00025,2026-02-24,1901,1860,-41,0.99,HIGH,POOR,NO,YES,NORMAL,SEALED,EVID-8546,85bce8a4f8670d666a7ea65a9e2864273bab2142d857fc18e7325cff1cac40ae
INSP-000217,FPS-0212,OFF-00056,2026-02-25,1277,1244,-33,1.0,NORMAL,POOR,YES,NO,NORMAL,SUBMITTED,EVID-9831,923c56d4a6011a73c689b910e10994e7cec0a3f2750dd348ec0ad80f02cae731
INSP-000218,FPS-0144,OFF-00061,2026-01-15,1368,1381,13,1.0,HIGH,GOOD,YES,NO,NORMAL,SEALED,EVID-5313,6ae5dedac5629face9a3b8c1c38a54dab86e68a200421b134e9926fd81a477ee
INSP-000219,FPS-0132,OFF-00042,2026-02-26,966,963,-3,0.98,HIGH,GOOD,NO,NO,NORMAL,SUBMITTED,EVID-7545,73267dc3fc52c6d08aed0973eed94c139b00c4bb46af1085819d62417dc40752
INSP-000220,FPS-0567,OFF-00021,2026-01-25,1173,1173,0,0.98,NORMAL,AVERAGE,NO,YES,NORMAL,SEALED,EVID-2619,1dbab585539a7cb7466698fa4d8d36e89018606c4251d1232cc0a650bde9ddad
INSP-000221,FPS-0267,OFF-00026,2026-03-13,2498,2469,-29,1.0,LOW,AVERAGE,NO,YES,NORMAL,SUBMITTED,EVID-3752,228fd216e53bfe37c192d45f1f8dc13fca4c4c1f76649ebd8ac05f1a87942b2b
INSP-000222,FPS-0542,OFF-00020,2026-02-09,1557,1569,12,0.98,LOW,GOOD,YES,NO,NORMAL,SUBMITTED,EVID-2966,12de9840c1b42f38dbc9f2f106709ff0571de24be97b50b290f0be1dbe259e31
INSP-000223,FPS-0227,OFF-00058,2026-03-10,1964,1923,-41,0.99,LOW,GOOD,YES,NO,NORMAL,SUBMITTED,EVID-9030,8ec5bf13f16f98537c9701a726c1d86a2ee8aef55462c73d921ad0cfc66cd9c1
INSP-000224,FPS-0116,OFF-00025,2026-01-28,858,845,-13,1.0,LOW,AVERAGE,NO,YES,NORMAL,SEALED,EVID-7543,de0058593bbd7716600e119be1fc577312d0f331612617057c717e809be52e8c
INSP-000225,FPS-0509,OFF-00007,2026-02-08,813,770,-43,1.0,LOW,AVERAGE,NO,NO,STOCK_VARIANCE,SEALED,EVID-8979,2277531118bed38950d8a91fba9d653080f8a1bb5486b18103785830984727b3
INSP-000226,FPS-0410,OFF-00025,2026-01-27,1176,1203,27,0.98,HIGH,POOR,YES,NO,NORMAL,SEALED,EVID-4938,7b1d8efa008de9ec0804468fb8b4754432997996482173766c29802ff5d87d0c
INSP-000227,FPS-0425,OFF-00018,2026-03-15,1116,1127,11,1.0,HIGH,AVERAGE,NO,YES,NORMAL,SEALED,EVID-9065,b06c11feae6044b8558758d091dc2016ca17e39ef34a4ac41b99448c6e3a5979
INSP-000228,FPS-0045,OFF-00050,2026-01-06,1619,1653,34,0.99,HIGH,GOOD,NO,YES,NORMAL,SUBMITTED,EVID-1781,b7b4ce8f00c340bdceb11c707103f5bf01ddcbac929e85432dac0ceea09f3107
INSP-000229,FPS-0209,OFF-00021,2026-03-22,1346,1445,99,1.0,LOW,GOOD,YES,NO,STOCK_VARIANCE,SUBMITTED,EVID-3098,5d2d6fa0d3c91d9fce757c2056abe0a4687ca0e45dc6ae1d37db71d858553966
INSP-000230,FPS-0001,OFF-00035,2026-02-22,524,513,-11,0.99,HIGH,AVERAGE,YES,NO,NORMAL,SUBMITTED,EVID-7095,2e4d5ea7ad49e3b7fc9006a8c70cd8d8e5f6875b059f470724c87a4b6442155d
INSP-000231,FPS-0108,OFF-00061,2026-01-18,2914,2943,29,0.99,NORMAL,GOOD,NO,YES,NORMAL,SEALED,EVID-7374,c00a156ea1abb45045694186946d577d07b4d4626c11df524f696c8657185fee
INSP-000232,FPS-0022,OFF-00040,2026-01-15,1437,1434,-3,0.98,HIGH,AVERAGE,YES,YES,NORMAL,SEALED,EVID-1253,a723dcc8c9db9912fff2ed231171827ac31fb029f8186cf97c4c5f37073d133e
INSP-000233,FPS-0177,OFF-00060,2026-03-03,1889,1839,-50,0.99,LOW,GOOD,NO,NO,NORMAL,SUBMITTED,EVID-7653,7241d9f6514e73f1cde1a158af1d955eb53f847e511d7045998e6a169b723115
INSP-000234,FPS-0332,OFF-00062,2026-01-13,2257,2304,47,0.99,HIGH,POOR,YES,NO,NORMAL,SEALED,EVID-7404,40b8050a8bd46bd83c3db2e503b6c7fff7ec9539c10a1ca1a50e2333bbc3e572
INSP-000235,FPS-0272,OFF-00049,2026-01-18,813,812,-1,0.98,LOW,POOR,YES,YES,NORMAL,SUBMITTED,EVID-3243,4f5d398b6402bc4cecafaee8f6e8b38c5ac11354c46f0f3b08dc7aa418535044
INSP-000236,FPS-0170,OFF-00031,2026-02-01,1613,1710,97,1.0,HIGH,GOOD,YES,YES,STOCK_VARIANCE,SUBMITTED,EVID-2211,d24f99bdbd5037bbe790c5fdf126e6a50b633cece960daac594de261bf97aabb
INSP-000237,FPS-0400,OFF-00020,2026-01-09,1190,1203,13,0.99,NORMAL,GOOD,YES,NO,NORMAL,SEALED,EVID-9274,9120c4548a8dbaca642726a55d3e54cace5501ab72821d133be06b3fe49a71f1
INSP-000238,FPS-0003,OFF-00064,2026-03-11,1868,1893,25,0.99,HIGH,GOOD,YES,NO,NORMAL,DRAFT,EVID-8331,37ffed6fe213eb7ea90d3c1955725b6b12a41c76632a0fe7f0f2ca5d7ae6a0e3
INSP-000239,FPS-0461,OFF-00064,2026-03-08,791,767,-24,1.0,LOW,AVERAGE,YES,YES,NORMAL,SEALED,EVID-1440,0fa0401aa71a5222ba3206422acd476545fa0ecc96b7776a69eefc1b34bcebf5
INSP-000240,FPS-0053,OFF-00054,2026-02-12,938,920,-18,0.98,LOW,POOR,YES,YES,NORMAL,SUBMITTED,EVID-4974,1e5da1245c37f1210dc8e0462be8c0351a7d97511a22cae3262296bb2068e7cf
INSP-000241,FPS-0401,OFF-00017,2026-01-05,1370,1366,-4,0.98,NORMAL,POOR,YES,YES,NORMAL,SEALED,EVID-6871,4d55010369c2e37f8392c3473d3cf11e90aa267ec0d769071005c18b7520b146
INSP-000242,FPS-0136,OFF-00057,2026-01-14,1578,1618,40,0.98,LOW,AVERAGE,NO,YES,NORMAL,SUBMITTED,EVID-8042,427622f9e1516efc1c7b893322f86c4bbaef2c64e2995cd1e1ffa8e7171efcdc
INSP-000243,FPS-0209,OFF-00057,2026-01-13,1554,1527,-27,0.99,NORMAL,AVERAGE,NO,NO,NORMAL,SEALED,EVID-2096,77b1d50259f04f730e35156469f3ee479548265b3c496eea45e153bde8729d36
INSP-000244,FPS-0093,OFF-00011,2026-02-07,1055,1026,-29,1.0,NORMAL,POOR,NO,YES,NORMAL,SEALED,EVID-2905,699d420b75d87d23d7811edd869f2aa7c28545f02377b531c94ea590e5b96d44
INSP-000245,FPS-0415,OFF-00038,2026-02-05,2441,2409,-32,0.98,HIGH,AVERAGE,NO,YES,NORMAL,DRAFT,EVID-1508,dd9a1aa7e28a7e38eeace134083f28797b57592bc06bf69c7f79c68cad2c30c5
INSP-000246,FPS-0227,OFF-00021,2026-01-20,1646,1673,27,0.98,NORMAL,POOR,NO,NO,NORMAL,SEALED,EVID-7538,018dea6899bb8132eb9f029c68f5d981d7c6ec9f6c03ddc95bdeb3c879b012dd
INSP-000247,FPS-0441,OFF-00054,2026-01-18,1452,1478,26,0.99,LOW,AVERAGE,NO,YES,NORMAL,SEALED,EVID-2466,a8a3e77a8de6cc606c90a438d9c36310365b1ebc835a58dd812bad2c7a8a11ea
INSP-000248,FPS-0439,OFF-00052,2026-02-14,1559,1566,7,0.99,HIGH,AVERAGE,NO,NO,NORMAL,SEALED,EVID-7279,a43ef6db4ba9fb2ea168ceb2a68f24c03fe88dddf94e8455b1e28915ef860531
INSP-000249,FPS-0107,OFF-00033,2026-02-22,1097,1077,-20,0.99,HIGH,POOR,NO,NO,NORMAL,SUBMITTED,EVID-5209,f549bc02cfbe9345bec669ce64c1142a867b365c97583350a74d0ca269dbb93b
INSP-000250,FPS-0395,OFF-00059,2026-03-03,796,800,4,0.97,LOW,POOR,YES,NO,NORMAL,SEALED,EVID-9040,a9b70408835767bd9b9ae01f5682c24946b0d1afa43e9c99b85a77c86b996d2b
INSP-000251,FPS-0324,OFF-00040,2026-03-21,1488,1528,40,1.0,LOW,AVERAGE,NO,NO,NORMAL,SUBMITTED,EVID-4042,7a190f6502f883cc7e57aabf9ae386d442067b09a94763f0af184d1c8d9be71a
INSP-000252,FPS-0122,OFF-00051,2026-03-03,1679,1701,22,0.97,LOW,AVERAGE,NO,YES,NORMAL,SEALED,EVID-9983,f233514aaaaaaeae336cd61c797891cadde762fcb6d02cdf98be5b30402a3a8b
INSP-000253,FPS-0569,OFF-00013,2026-01-06,1720,1683,-37,0.99,NORMAL,GOOD,YES,YES,NORMAL,SEALED,EVID-3823,33b595720aa10d1f52c870e98ab38c4b57e2e5c197524d992cde45967701ade4
INSP-000254,FPS-0549,OFF-00061,2026-03-20,1500,1481,-19,0.98,LOW,POOR,NO,NO,NORMAL,SEALED,EVID-9103,4f114bceee62b9c37b3ddbc6036e669abfab202888672f9355629b1a6bae684e
INSP-000255,FPS-0367,OFF-00048,2026-02-19,1191,1163,-28,0.99,HIGH,GOOD,NO,NO,NORMAL,SEALED,EVID-3213,d2c9400574b9609002f020d40869db0e2395d8d3b1b68609d1ec24ec0c220c35
INSP-000256,FPS-0375,OFF-00033,2026-03-22,1037,1057,20,0.99,HIGH,AVERAGE,YES,YES,NORMAL,SUBMITTED,EVID-5629,93e4890ed5d28aa1c23fb9633a7b4615dae4c00bbbbe644e7bdfc72f8c836692
INSP-000257,FPS-0135,OFF-00048,2026-03-22,1155,1138,-17,0.97,HIGH,AVERAGE,NO,NO,NORMAL,SEALED,EVID-5053,3e5c87ea0a444f8d8212ebe4324741e295c1ba2cca69af6955588b05a30abeca
INSP-000258,FPS-0007,OFF-00056,2026-01-31,1890,1872,-18,0.98,LOW,AVERAGE,NO,YES,NORMAL,DRAFT,EVID-4004,8b29a1cb2e6f72c6f86eca1e45cb7c6111a7111eb9a399bc0d840bd716764378
INSP-000259,FPS-0163,OFF-00052,2026-01-19,1109,1117,8,0.99,NORMAL,AVERAGE,NO,YES,NORMAL,SUBMITTED,EVID-3821,da2f2b3f11d8dfb53058906ec6bdc9d02b3365e61ca343381fe976fbe19856d2
INSP-000260,FPS-0232,OFF-00027,2026-01-13,830,818,-12,0.97,LOW,POOR,NO,NO,NORMAL,SEALED,EVID-1578,0131d61774a7c9c8b1491acaad2c9025bba82708c40e3deac177cb01bbfcf0a9
INSP-000261,FPS-0112,OFF-00028,2026-02-05,638,628,-10,0.99,HIGH,GOOD,YES,YES,NORMAL,SEALED,EVID-1081,2c3ef0fcb8200b7338463915739499264172bbd651ac8a79a0f9f3a715dfcf40
INSP-000262,FPS-0386,OFF-00039,2026-01-10,1984,1966,-18,0.98,HIGH,GOOD,YES,YES,NORMAL,SEALED,EVID-8633,11e9bb81486fa4126876601220f565ce6c55d2597b21e24c47f8d78753eb9dd8
INSP-000263,FPS-0107,OFF-00026,2026-03-10,877,900,23,1.0,LOW,GOOD,NO,NO,NORMAL,SEALED,EVID-3345,ca74e10b689d3515c19ba6970fcb7a41896dd32a1c131966590861840fe9f7ea
INSP-000264,FPS-0363,OFF-00047,2026-02-09,2024,2073,49,0.98,LOW,POOR,YES,YES,NORMAL,SEALED,EVID-7002,193ca12a0f4c92f77ffcbeaf82942df449d76be91c6218a4c5865fe662550c7a
INSP-000265,FPS-0095,OFF-00060,2026-03-18,1239,1240,1,0.97,LOW,AVERAGE,YES,YES,NORMAL,DRAFT,EVID-9677,5ac551f73bc15f2ce4eb56fc3cc5e16698ea3eb7d0777cde677df6708fad0f3b
INSP-000266,FPS-0180,OFF-00023,2026-03-21,1088,1198,110,0.99,NORMAL,AVERAGE,YES,YES,STOCK_VARIANCE,SEALED,EVID-3468,e6922efbbdeed09b1522c1c3480bacc000bc68f3882e3483658978aa7fddf04f
INSP-000267,FPS-0029,OFF-00032,2026-03-03,1107,1090,-17,0.99,NORMAL,AVERAGE,YES,NO,NORMAL,SEALED,EVID-3686,6f47d8642597fd899c74e92288ad97d3bb9758a1352e658375c7da2edfbc0d9f
INSP-000268,FPS-0344,OFF-00052,2026-02-08,1042,1048,6,0.99,LOW,POOR,NO,YES,NORMAL,SUBMITTED,EVID-1871,3cf5340731f1945ff2d8063c92e81a433b423ad257b38a70da8fe16a7ffd5bac
INSP-000269,FPS-0028,OFF-00013,2026-02-27,1889,1905,16,0.97,NORMAL,GOOD,YES,NO,NORMAL,SEALED,EVID-3104,c3427e531c93fae78663e7b88a476ce405ddcc1dbde12d23db4bf76e823e8551
INSP-000270,FPS-0413,OFF-00049,2026-01-09,1496,1499,3,0.98,NORMAL,POOR,YES,YES,NORMAL,DRAFT,EVID-8419,5b2787176cd34d95e3fa7c00e70d90ec12919c5fc227bd78efe074faf0bb3f23
INSP-000271,FPS-0458,OFF-00034,2026-02-07,1388,1377,-11,0.98,HIGH,AVERAGE,NO,NO,NORMAL,SUBMITTED,EVID-9735,c1f8d6a114b71750d10f0abe6f2a7e43966a67fd9fac058a84ecf8307b855468
INSP-000272,FPS-0409,OFF-00010,2026-01-20,2119,2076,-43,0.98,LOW,GOOD,YES,YES,NORMAL,SUBMITTED,EVID-5195,adac5700da1f6ad5961ad0877ec220a5eecdeff3b0090f5d6764be1e6e384d61
INSP-000273,FPS-0214,OFF-00063,2026-01-19,1114,1132,18,1.0,LOW,GOOD,YES,NO,NORMAL,SUBMITTED,EVID-2795,2d765bdb436bab4ad6a48c75af74c05851d1e991b9b493af18033207f13da333
INSP-000274,FPS-0354,OFF-00044,2026-02-20,2560,2486,-74,1.0,NORMAL,POOR,YES,NO,NORMAL,SUBMITTED,EVID-3925,37501f127ddfd866778525bf12b848e03d64bda9ee8e46a7082b0c2e1ea3f823
INSP-000275,FPS-0286,OFF-00029,2026-03-13,800,808,8,0.98,NORMAL,AVERAGE,YES,YES,NORMAL,SEALED,EVID-9666,38e9d49832e54ebf14a4b1b85495ea0afc6108ef162eef830b14149aba06fe4e
INSP-000276,FPS-0288,OFF-00066,2026-01-20,1687,1636,-51,0.97,LOW,POOR,YES,NO,NORMAL,SEALED,EVID-5012,37a370b2e3d8d5de72bb7a1062e70e8d33d6570458ab1b44b318058552d0ce9d
INSP-000277,FPS-0217,OFF-00042,2026-02-25,1736,1765,29,0.98,HIGH,GOOD,NO,YES,NORMAL,SUBMITTED,EVID-5909,148077d91d8790ae0c82ce438e939c765a27ed997a46d18a93c657a05da9953b
INSP-000278,FPS-0169,OFF-00026,2026-01-19,1374,1377,3,1.0,NORMAL,AVERAGE,YES,NO,NORMAL,SEALED,EVID-4094,4166d9ebf4892e4051be02773882a7f2098774faaa9c8b89452c5300c99d76c9
INSP-000279,FPS-0583,OFF-00064,2026-01-25,1638,1589,-49,1.0,HIGH,GOOD,NO,NO,NORMAL,SEALED,EVID-6130,a6ca9c243651f25f62ad47ef933bee6e6fbd019f1e9cebfbc2540936d7b24883
INSP-000280,FPS-0380,OFF-00048,2026-03-05,1087,1089,2,0.99,NORMAL,AVERAGE,YES,NO,NORMAL,SEALED,EVID-6229,4056c556acdfee3772eaac1babb8ffe0352d70c89b53c9feadc3143a62112a06
INSP-000281,FPS-0107,OFF-00051,2026-02-22,1013,1040,27,0.98,NORMAL,GOOD,NO,YES,NORMAL,SUBMITTED,EVID-3414,b711002ac297299d3859f7f4c27c064c5b094a338dc1660709f0896fb08bfd9a
INSP-000282,FPS-0379,OFF-00012,2026-01-02,767,788,21,0.99,LOW,AVERAGE,NO,YES,NORMAL,SEALED,EVID-6164,74b40d86563f7f69f00882f0f758d0805ef7a7e1c54add93b4f21ec5f2236b94
INSP-000283,FPS-0460,OFF-00052,2026-02-17,1066,1071,5,0.99,HIGH,POOR,YES,NO,NORMAL,SEALED,EVID-8215,fcfec3e9e6dc5124c1b6abe1b69659e43fefb0f8fb2b3128367cfb76a58aa1ad
INSP-000284,FPS-0395,OFF-00053,2026-01-18,829,839,10,0.99,NORMAL,POOR,YES,YES,NORMAL,SEALED,EVID-2210,7f25f18b9665fb53fafd76511792c3890cce285c1a69163b9ceae3587b7d516a
INSP-000285,FPS-0203,OFF-00046,2026-02-15,1817,1842,25,0.98,NORMAL,POOR,NO,NO,NORMAL,SEALED,EVID-4626,07c486f29314783a11ca4988c9533850e186ffcfedf7ac52b9c92005750228ab
INSP-000286,FPS-0105,OFF-00043,2026-01-13,2117,2103,-14,0.99,HIGH,GOOD,NO,NO,NORMAL,SUBMITTED,EVID-5333,87686e781fef03ce6d413dccad443d001d1f2af80598a076f501a14921689483
INSP-000287,FPS-0052,OFF-00049,2026-02-08,1204,1217,13,0.98,NORMAL,AVERAGE,YES,NO,NORMAL,SUBMITTED,EVID-9488,0b5c59cac7519ca59a995bdf24a5bded4b25550a0be3020a6d0acd3113952133
INSP-000288,FPS-0037,OFF-00061,2026-01-09,1317,1315,-2,0.98,LOW,AVERAGE,YES,YES,NORMAL,SEALED,EVID-5285,97342898aec8de64268863a8aa0c9de09a7d7c770004e3cbbb51b69a08f68247
INSP-000289,FPS-0305,OFF-00056,2026-01-18,1840,1792,-48,0.99,HIGH,AVERAGE,YES,YES,NORMAL,SUBMITTED,EVID-5141,5536f53801ed9bdf497941938edc08fc2598e89843c9089e4bee564162cc8ea3
INSP-000290,FPS-0177,OFF-00009,2026-03-12,1406,1366,-40,0.98,NORMAL,GOOD,NO,NO,NORMAL,SEALED,EVID-1944,0bfbd0310b1caba61011513c35f044998e09df86890729dce1cff79d1d8ef11d
INSP-000291,FPS-0564,OFF-00042,2026-02-16,1622,1670,48,1.0,NORMAL,POOR,YES,YES,NORMAL,SEALED,EVID-5765,6063777f4574a3109b010cf438b814a7a366442726836e7047e7c4459ee6911b
INSP-000292,FPS-0258,OFF-00023,2026-01-03,779,794,15,0.97,NORMAL,AVERAGE,YES,NO,NORMAL,SEALED,EVID-7549,9ce5b01c0f95dbc40bc42f70d9d87aa89e0a9bd722968c49df35e8c8f3c72c10
INSP-000293,FPS-0532,OFF-00029,2026-01-10,1162,1138,-24,0.98,HIGH,AVERAGE,NO,YES,NORMAL,SEALED,EVID-3881,3d9b3f8f37d4c89a947a1bb2c49d8a84213ed495087081d04edb12a953977bef
INSP-000294,FPS-0229,OFF-00035,2026-02-16,983,1004,21,0.97,LOW,AVERAGE,NO,YES,NORMAL,DRAFT,EVID-3025,3a028a13e805c510308237b50e264296797a2bdc6b014e86a22ec862135d0de3
INSP-000295,FPS-0213,OFF-00035,2026-03-05,1072,1087,15,1.0,NORMAL,GOOD,YES,YES,NORMAL,SEALED,EVID-6924,1ebbcf728ba38f3871bf394d4c3a140cce785aa29ba4b1fb148b8595558877cd
INSP-000296,FPS-0378,OFF-00019,2026-03-06,1680,1696,16,0.98,NORMAL,GOOD,YES,YES,NORMAL,SEALED,EVID-9303,ae99a242f914c65f4f2b14118b77904cd8a273323eb7060b7dc606efac335c99
INSP-000297,FPS-0414,OFF-00020,2026-01-15,2031,1986,-45,0.99,NORMAL,POOR,YES,YES,NORMAL,SEALED,EVID-5622,cfbdb73b89b79f505881bd2ed1d12d9e893af3e490357dee1c1f9886fa6f30bd
INSP-000298,FPS-0436,OFF-00044,2026-01-05,1473,1461,-12,0.98,LOW,POOR,YES,YES,NORMAL,SEALED,EVID-3044,7d289e87f1427d9c14b2107a4f723097bdb7c328126b76cbbd0e8cb5fdc4c883
INSP-000299,FPS-0555,OFF-00049,2026-01-02,1989,1957,-32,0.98,LOW,AVERAGE,YES,YES,NORMAL,SUBMITTED,EVID-7984,081d2276a0a659762be6d5e11d244f3b93c270b71cce3bccac54782679dc8cc7
INSP-000300,FPS-0097,OFF-00012,2026-03-19,862,849,-13,1.0,HIGH,POOR,NO,YES,NORMAL,SUBMITTED,EVID-6637,e5c005b058a2b1b68cf9039cba2e06eef6707c4365083d8e4a768c3bdfde86ac
INSP-000301,FPS-0082,OFF-00062,2026-02-10,1269,1304,35,0.99,HIGH,POOR,NO,YES,NORMAL,SEALED,EVID-1463,a6ba86c1338ff1ce5dd819efd99d25358c2b295f02ef219c1859dd4a4122a029
INSP-000302,FPS-0457,OFF-00053,2026-01-27,1088,1061,-27,0.99,HIGH,POOR,YES,YES,NORMAL,SEALED,EVID-2810,b41cae21469c9d450e12da1b6197d42e209cb42ba05ee87d201ce879ec376523
INSP-000303,FPS-0251,OFF-00011,2026-01-02,1490,1516,26,0.98,NORMAL,GOOD,NO,YES,NORMAL,SEALED,EVID-1980,f59749c766146caee41171b1d816fe590c220fc5526d3592e88ce7a3c9faa3ca
INSP-000304,FPS-0552,OFF-00011,2026-02-15,1476,1432,-44,1.0,HIGH,GOOD,YES,YES,NORMAL,SEALED,EVID-3727,3dbc403a64f8acb0732d2a0d88bbf4ae62f8b4e74767eca58e7ac0edee45ca0c
INSP-000305,FPS-0179,OFF-00059,2026-01-08,1645,1692,47,0.99,NORMAL,POOR,YES,YES,NORMAL,SEALED,EVID-7056,55ab125c279674d5ba9658517bb47a53d25753b084ff4e555ea22a739f1b5686
INSP-000306,FPS-0158,OFF-00033,2026-01-07,843,852,9,0.98,LOW,AVERAGE,YES,NO,NORMAL,SEALED,EVID-4668,91cef91f8c992263bb6f676430764d913cdf7836a2f504a800bf657e29c22bfc
INSP-000307,FPS-0104,OFF-00043,2026-02-23,1557,1536,-21,0.99,LOW,AVERAGE,NO,YES,NORMAL,SUBMITTED,EVID-7041,278f9fc2888866d72775dabab68ff36dd1e51561b251564c1ff2cfe6f7629938
INSP-000308,FPS-0004,OFF-00039,2026-01-11,1875,1906,31,0.97,NORMAL,GOOD,NO,YES,NORMAL,SEALED,EVID-1738,dbdfde483e1e06673e5b741fffb43830a298afdc1afc8211d240f19ac7b299b3
INSP-000309,FPS-0417,OFF-00037,2026-01-25,1266,1255,-11,0.98,NORMAL,POOR,NO,YES,NORMAL,SEALED,EVID-6339,24dda7f10982056456f98e4df329794613032cd19c5ae5eabd07fd5792f614a1
INSP-000310,FPS-0395,OFF-00014,2026-01-20,870,849,-21,1.0,HIGH,GOOD,NO,YES,NORMAL,SEALED,EVID-8861,0f9325fbd96410b76c3a7f170dcd4ccecb2543296a36c7f6d2a558ece32429cd
INSP-000311,FPS-0477,OFF-00045,2026-02-02,1330,1380,50,0.97,NORMAL,POOR,YES,YES,NORMAL,SEALED,EVID-5704,1364d3966f3372497b7ba64e0db45982afc13b8ffdcf057023a268d7483434d4
INSP-000312,FPS-0390,OFF-00040,2026-01-15,750,741,-9,1.0,NORMAL,POOR,NO,NO,NORMAL,SEALED,EVID-6003,7ec8c164a927a3d743847e3252566b1eba0e12567ecb6a01a17c4bb891e1ccbd
INSP-000313,FPS-0303,OFF-00046,2026-01-26,733,753,20,0.99,LOW,POOR,NO,YES,NORMAL,SEALED,EVID-5481,60407b9c43ad83decaafe930c92a323556715d77b436b2147dcd9f7f15cfbef3
INSP-000314,FPS-0029,OFF-00007,2026-01-19,1584,1645,61,0.97,HIGH,GOOD,YES,NO,NORMAL,SEALED,EVID-7619,5412fb56ded97cc9fd4445e189481e975acdd990056efd23fc166784d8a4acda
INSP-000315,FPS-0358,OFF-00014,2026-02-18,1325,1322,-3,0.99,LOW,AVERAGE,NO,NO,NORMAL,SEALED,EVID-5479,c0923bf37bb2eef0561737f4f37bd2490625e4afb703e3b2e121f8939448b443
INSP-000316,FPS-0077,OFF-00007,2026-03-12,1274,1248,-26,0.98,LOW,POOR,YES,NO,NORMAL,SEALED,EVID-1041,029f11b1eb61762d301282ffd0759a0065e4f2e1857cc8143db71e6e76897dd4
INSP-000317,FPS-0429,OFF-00056,2026-02-23,1874,1889,15,1.0,LOW,GOOD,NO,NO,NORMAL,DRAFT,EVID-4670,0ca9e460d1fba0fdd91b6565cdc6c2181ee2602a549acd146f60fd6fdbd3fa9c
INSP-000318,FPS-0204,OFF-00059,2026-01-05,835,846,11,0.99,LOW,POOR,YES,YES,NORMAL,SEALED,EVID-9173,4420f6e0ef568b559d8b256ae86094d9229f71dc14fa8c17f65fef3e5120e5cb
INSP-000319,FPS-0359,OFF-00017,2026-03-05,1451,1445,-6,0.97,NORMAL,POOR,YES,YES,NORMAL,SEALED,EVID-4239,4a2b36525f250ac524e60a32b54509df6cbdffbbc0c97304fbabdf8c8d572c3e
INSP-000320,FPS-0286,OFF-00050,2026-02-27,897,889,-8,0.97,LOW,GOOD,NO,YES,NORMAL,SUBMITTED,EVID-4818,0dab6b82d7aac9a99420ecb1cc8bac036fdb0f972859a393e588242d1a7cdc92
INSP-000321,FPS-0011,OFF-00034,2026-01-12,2095,1851,-244,0.99,LOW,POOR,NO,YES,STOCK_VARIANCE,DRAFT,EVID-5314,699ac549317ee6411430b02689f3169c095f168a3a3645b706b573bbaf7e6c89
INSP-000322,FPS-0165,OFF-00053,2026-01-05,1803,1821,18,0.98,HIGH,AVERAGE,NO,NO,NORMAL,SEALED,EVID-9629,8576ed5e569ad1abd49708d3d6bc7a70a810508db31479dd3c1e0bee5dd8931f
INSP-000323,FPS-0106,OFF-00064,2026-01-28,1644,1601,-43,0.98,LOW,AVERAGE,YES,YES,NORMAL,SUBMITTED,EVID-5604,3d29268216f753dc681b9e9115537fc1a0d58c5b19b10fb5582292d5798bdcb6
INSP-000324,FPS-0538,OFF-00033,2026-02-14,1666,1616,-50,0.97,LOW,AVERAGE,NO,NO,NORMAL,SEALED,EVID-2801,9889b466476f813b200daf2afda0048bd08f5fa844123db26bc9ee47a2b4585c
INSP-000325,FPS-0270,OFF-00064,2026-02-24,1007,1022,15,1.0,LOW,POOR,NO,NO,NORMAL,SEALED,EVID-5275,a3a21a46fec26c26a285f7403085c1e929419302104a36ee8ce9de2fa96a5236
INSP-000326,FPS-0567,OFF-00040,2026-01-24,1595,1610,15,0.98,NORMAL,AVERAGE,YES,YES,NORMAL,SEALED,EVID-2851,123ce59df81ba456b6417f116c93d978c386cb5039a43bc72bec96d2cc1a3c9c
INSP-000327,FPS-0419,OFF-00024,2026-02-05,2267,2245,-22,0.98,NORMAL,GOOD,YES,NO,NORMAL,SEALED,EVID-7975,03b047e74ac48454f1639bc6049727937b456d915a617ae515f972b7b2fef732
INSP-000328,FPS-0079,OFF-00007,2026-03-02,1983,1953,-30,0.98,HIGH,AVERAGE,NO,NO,NORMAL,SEALED,EVID-1832,ecf27d0600cbff7c3c7c228958e6333afe806660093e8c9716783bf025a0b465
INSP-000329,FPS-0378,OFF-00041,2026-02-12,1601,1602,1,0.98,NORMAL,POOR,YES,NO,NORMAL,SUBMITTED,EVID-1762,e4e46f2de51e788a7cad17457d748ddcb277db4594e27c58cb297d87ac86e40b
INSP-000330,FPS-0093,OFF-00025,2026-03-08,1141,1133,-8,0.97,LOW,AVERAGE,NO,NO,NORMAL,SUBMITTED,EVID-8423,2a140ef8dd41209e4f53868071da00db0adf824e091b10d9f232c7a3bcde0555
INSP-000331,FPS-0275,OFF-00055,2026-03-22,1081,1091,10,0.99,HIGH,GOOD,NO,NO,NORMAL,SEALED,EVID-4933,0674853a87e6734672353a88ae80c5421c27efae669d15d26a0ac63fdd81fc97
INSP-000332,FPS-0541,OFF-00010,2026-03-09,1055,1056,1,0.97,NORMAL,POOR,YES,YES,NORMAL,SEALED,EVID-8085,773ff0a060900b240fbe18abc73b9a218e3fc3089d3553342d47c2b947ea77de
INSP-000333,FPS-0194,OFF-00037,2026-01-28,1606,1563,-43,0.99,NORMAL,POOR,NO,NO,NORMAL,SEALED,EVID-3188,f54adac2768495558c62006056099aea52e84e9cbeabecd798dc2189758dd9c5
INSP-000334,FPS-0093,OFF-00020,2026-02-05,996,1012,16,0.98,LOW,GOOD,YES,YES,NORMAL,SEALED,EVID-3965,01b8bf2cec8b7f0ad12d86312df00ba8faf0040d5f705fb6a260f81997c5b6ef
INSP-000335,FPS-0449,OFF-00046,2026-03-06,1393,1415,22,0.98,HIGH,GOOD,NO,NO,NORMAL,SUBMITTED,EVID-5500,bb161fe8316e55bb9857ae821c3e1bc84b5d36d8921e786164be1801fa8033fd
INSP-000336,FPS-0189,OFF-00066,2026-02-12,1477,1460,-17,1.0,NORMAL,POOR,NO,YES,NORMAL,SEALED,EVID-4393,f4a3e079586fafb322f1b6875d45f70d265f421587da4a1d41fd56c8e227e5fd
INSP-000337,FPS-0115,OFF-00041,2026-01-28,1066,1010,-56,0.98,HIGH,GOOD,YES,YES,STOCK_VARIANCE,SEALED,EVID-3061,490d827a405b31d5269a6ec931c9054e893051ea785653d3683bd131a7afb4fa
INSP-000338,FPS-0257,OFF-00039,2026-01-31,1633,1746,113,0.97,NORMAL,GOOD,NO,YES,STOCK_VARIANCE,SUBMITTED,EVID-9856,76f14f6ad76d105f9cc07d005442ba7e060010baba287a2f8b1470fca89d445f
INSP-000339,FPS-0475,OFF-00045,2026-01-17,1752,1721,-31,0.98,HIGH,GOOD,NO,YES,NORMAL,SUBMITTED,EVID-2676,45721c1ab7f1a997032103c04f9d76d464a96e65946696e9ff779575b84c0725
INSP-000340,FPS-0044,OFF-00009,2026-01-30,1660,1643,-17,0.99,LOW,POOR,YES,NO,NORMAL,SEALED,EVID-3121,937d30437ad65c286ea3241c3489c10ba98d755b8228521a73e46878bd40f7bc
INSP-000341,FPS-0396,OFF-00026,2026-02-06,1195,1210,15,0.98,HIGH,AVERAGE,NO,YES,NORMAL,SEALED,EVID-1090,868760accf9c375fe7c0fc07fccd8e537c65212e28ec2bc21e5c2b7db70f6b07
INSP-000342,FPS-0202,OFF-00040,2026-01-15,1114,1090,-24,0.99,NORMAL,GOOD,NO,YES,NORMAL,SEALED,EVID-9095,c3c6289d27866aefab018f60dfb657d4e6ea052223d0163c7d22121eb2befa03
INSP-000343,FPS-0192,OFF-00050,2026-02-10,1648,1666,18,1.0,LOW,AVERAGE,YES,YES,NORMAL,SEALED,EVID-2435,abce09e108e7a71963e6189a0c3887789f1bbb3c15286ff7a0eb937c09977a9f
INSP-000344,FPS-0223,OFF-00060,2026-02-25,862,862,0,0.99,LOW,GOOD,YES,NO,NORMAL,SEALED,EVID-9803,a762de0d7fa9aa054e377588633e5ec14cf5cc0a5749847c786e3864d7ea21fc
INSP-000345,FPS-0022,OFF-00022,2026-02-01,1923,1925,2,0.98,LOW,POOR,NO,NO,NORMAL,SUBMITTED,EVID-8216,d5201b03236635fb96fd696f754ef679d273069458c41bf3afb03237c58f1652
INSP-000346,FPS-0284,OFF-00044,2026-01-15,770,749,-21,0.98,HIGH,POOR,NO,YES,NORMAL,SUBMITTED,EVID-1677,1b26f0ac58650c1a2889347fc7be0a64f9061f00728c7378705b0aa17e49ddda
INSP-000347,FPS-0317,OFF-00056,2026-01-16,1552,1562,10,1.0,LOW,AVERAGE,YES,YES,NORMAL,SEALED,EVID-6010,cfccd3e45b99fb40c16d3a4b6c89c0423d8a47ac38a87d75e97fd2a4418a4406
INSP-000348,FPS-0300,OFF-00065,2026-02-08,1257,1286,29,0.99,HIGH,POOR,NO,YES,NORMAL,SUBMITTED,EVID-6915,972047c356f110baa8eaeb7c3334086b7382894ba0f26b6212807dd69f9c74f9
INSP-000349,FPS-0452,OFF-00023,2026-03-07,1816,1831,15,1.0,HIGH,AVERAGE,YES,NO,NORMAL,SEALED,EVID-5850,959e604295b82353445068d9e803c620ca4996707fba11ec958313b784e58cd5
INSP-000350,FPS-0539,OFF-00013,2026-02-22,812,827,15,0.98,LOW,GOOD,NO,YES,NORMAL,SUBMITTED,EVID-6188,cd23f00f52aa81a52e63a566a7e4710cee8ea8090af1605973c1998dde2601e5
INSP-000351,FPS-0482,OFF-00038,2026-01-14,584,643,59,0.99,NORMAL,AVERAGE,NO,YES,STOCK_VARIANCE,SEALED,EVID-4897,4c479a4cec6806f653d98af140f0a1a4d657cdcd2424c344b4618cfde7aaa083
INSP-000352,FPS-0571,OFF-00045,2026-03-06,1756,1709,-47,0.97,LOW,AVERAGE,YES,YES,NORMAL,SEALED,EVID-5587,a90697fd520001309c978da317260c4d3eb020e17ba10f9c3e1995a915a8ea19
INSP-000353,FPS-0001,OFF-00038,2026-02-23,729,719,-10,0.98,LOW,GOOD,YES,YES,NORMAL,SUBMITTED,EVID-3446,c6799d0adb347a9ffb28691190a2ef6efadc96d186e7c6ff2e5fe770c04d5ed9
INSP-000354,FPS-0399,OFF-00053,2026-03-04,1116,1092,-24,1.0,HIGH,POOR,NO,NO,NORMAL,SEALED,EVID-3754,5e9636e6a1921487fa72fe480894c9254882449b1968dadce7825736a5b4edf5
INSP-000355,FPS-0226,OFF-00010,2026-01-28,1151,1164,13,0.97,LOW,AVERAGE,YES,YES,NORMAL,SUBMITTED,EVID-4344,c6f6bf17a85d32c5c3ed99a16f8d8cedb775dfeb8617a4efc8dd4c47a0610e8f
INSP-000356,FPS-0174,OFF-00046,2026-03-04,2621,2609,-12,0.98,LOW,AVERAGE,NO,NO,NORMAL,SEALED,EVID-5949,b77f036ee9600675aad3f0053e2ca96ccf0d05e2b52e67073b911011109fe46b
INSP-000357,FPS-0079,OFF-00021,2026-03-05,1290,1277,-13,0.99,HIGH,AVERAGE,NO,NO,NORMAL,SUBMITTED,EVID-7853,12ffc2daae242b777e3ad949053bb6bd9402298c0c5d5443cd476fda33315156
INSP-000358,FPS-0522,OFF-00066,2026-02-02,1518,1519,1,0.99,NORMAL,GOOD,YES,YES,NORMAL,SUBMITTED,EVID-7690,5cfb9043a6ecc1197cd00f4ec6e4460f4d1579862670e69008bf6497efe848ce
INSP-000359,FPS-0227,OFF-00051,2026-03-02,1445,1456,11,1.0,HIGH,GOOD,YES,YES,NORMAL,SUBMITTED,EVID-7983,1ec65c16b5b363ed6b8c1a4fea9b3497ea4fe74c27a9df4da373b5154dbb37f0
INSP-000360,FPS-0363,OFF-00009,2026-01-28,2081,2078,-3,0.99,LOW,POOR,YES,NO,NORMAL,SUBMITTED,EVID-1991,c2ac60ea3e0837673a18a08c6f2f853033862fef05db0e7143dc3fcea63cc895
INSP-000361,FPS-0105,OFF-00053,2026-02-18,1506,1507,1,0.97,LOW,AVERAGE,NO,NO,NORMAL,SEALED,EVID-3459,02cdc0614a289a3ddb20a3607a970a49e9291eff1c563f80105ba76f3b985b01
INSP-000362,FPS-0117,OFF-00049,2026-01-17,949,968,19,0.99,HIGH,POOR,NO,NO,NORMAL,SUBMITTED,EVID-7471,3b7f31362f5ac2c1e30eb6a50e97bc49bfc601ee3b9f236c2dd9c67a5a86505b
INSP-000363,FPS-0249,OFF-00045,2026-01-31,1031,1023,-8,1.0,HIGH,GOOD,NO,NO,NORMAL,SUBMITTED,EVID-9953,0df4c36808b84817d69a7c207eb4b9228edbfb546c397662a7ea42cb93ab39c6
INSP-000364,FPS-0500,OFF-00043,2026-02-03,1034,1019,-15,0.97,NORMAL,GOOD,YES,YES,NORMAL,SEALED,EVID-1811,b58400d96d0c84a1d370a92979163d30720260d103c45551665d9621575f4356
INSP-000365,FPS-0204,OFF-00042,2026-03-03,1157,1138,-19,0.99,NORMAL,AVERAGE,YES,YES,NORMAL,SEALED,EVID-3822,1d2250e0a556bcb543a1500ffb441201a058cc0fb937b92fcd3dfa56b4d9b743
INSP-000366,FPS-0232,OFF-00012,2026-02-25,1035,979,-56,0.99,HIGH,POOR,YES,NO,STOCK_VARIANCE,SUBMITTED,EVID-1487,f12d2bf8f7a55b6a46fc00dbda5f6d2b2f6a2d64a79223970e94adbd61c38e90
INSP-000367,FPS-0197,OFF-00060,2026-02-24,602,587,-15,0.98,HIGH,POOR,YES,YES,NORMAL,SEALED,EVID-8980,2d8d22f57b8a65ec377c6b631298e3a1337efaf0e964adaff1831eea4ed9d744
INSP-000368,FPS-0266,OFF-00050,2026-02-13,1271,1253,-18,0.99,HIGH,POOR,NO,NO,NORMAL,SEALED,EVID-4469,f2385818af3af2d33fa56b76c296050a4f417054a1598fc188c751625342af60
INSP-000369,FPS-0017,OFF-00015,2026-02-01,1400,1420,20,0.97,HIGH,POOR,YES,NO,NORMAL,SEALED,EVID-8300,b5a175b8f0b1061714810b2c298d91c7b767bfd5e4f83bf29bf2ce33102382bc
INSP-000370,FPS-0076,OFF-00025,2026-02-14,1905,1923,18,1.0,NORMAL,POOR,NO,YES,NORMAL,SEALED,EVID-3496,6597261f18d47e08c6e5ce1504802452e49d2448400bd20ef9952c9e21e6c820
INSP-000371,FPS-0187,OFF-00031,2026-02-13,1126,1112,-14,0.99,NORMAL,GOOD,NO,YES,NORMAL,SEALED,EVID-7925,d3beed8a11802ed0de322cd0dd99fc0fc5411697119d0f8ca309f3e5a9770177
INSP-000372,FPS-0488,OFF-00033,2026-02-22,2444,2397,-47,1.0,LOW,POOR,NO,YES,NORMAL,SUBMITTED,EVID-8488,47aa603d7cee6ef2d0128e50ff163007a8d74a9a0bf4178a4db9c50fa4ceafe9
INSP-000373,FPS-0486,OFF-00030,2026-02-13,1964,1984,20,0.98,NORMAL,GOOD,YES,NO,NORMAL,SUBMITTED,EVID-4739,b450a12badc437f2bd994c18ee0169b96e1dec5c87fb7ca4b4600691d1b9f785
INSP-000374,FPS-0585,OFF-00015,2026-03-10,1356,1374,18,0.98,HIGH,GOOD,NO,YES,NORMAL,SEALED,EVID-1979,1e74bf855182153447944f9994c04a5442aa836df5ca73e912a72f514efe8d84
INSP-000375,FPS-0333,OFF-00009,2026-03-03,1163,1156,-7,0.97,LOW,AVERAGE,YES,YES,NORMAL,SUBMITTED,EVID-2506,218cacc4b3b44b1bdc1a41567e4d362b2a9bb592a0c9a5cb3ff76b24b8ee872a
INSP-000376,FPS-0354,OFF-00013,2026-02-01,2554,2356,-198,0.99,LOW,AVERAGE,YES,YES,STOCK_VARIANCE,SUBMITTED,EVID-2748,d0d7b0caedbcabe4d13a5f15371c0563619b161f1400e1f82b133baf5c5f573b
INSP-000377,FPS-0183,OFF-00055,2026-03-02,847,860,13,1.0,NORMAL,GOOD,NO,YES,NORMAL,DRAFT,EVID-2053,86e1435c0743401b13689a99c0d566397f0a0a6107324c49f59357a3e34e2c4c
INSP-000378,FPS-0075,OFF-00037,2026-01-28,532,532,0,0.97,LOW,POOR,YES,YES,NORMAL,SUBMITTED,EVID-8077,11ea261256cf0ee62450351d4ec6bec2954258f32902c17ff5c3059de13599f3
INSP-000379,FPS-0397,OFF-00019,2026-02-27,1009,999,-10,0.97,NORMAL,GOOD,YES,NO,NORMAL,SEALED,EVID-3823,4da0c6a997e6556040e2a509326123da3246823bd85f3c9bb4177eb4ca4c61d3
INSP-000380,FPS-0108,OFF-00026,2026-01-09,2038,1996,-42,0.97,LOW,GOOD,NO,YES,NORMAL,SEALED,EVID-9577,218b9509e57d4f8ca37190fb9f6dee6809cab1bbdc113c8894df1847c090ce19
INSP-000381,FPS-0371,OFF-00066,2026-03-01,746,744,-2,0.97,LOW,GOOD,NO,NO,NORMAL,SUBMITTED,EVID-2781,09fe3eb30c8e8755c4a83f199a2307ec5d2fc22919e3c9ce1a4be82b04a761fe
INSP-000382,FPS-0331,OFF-00015,2026-03-16,904,920,16,0.99,NORMAL,GOOD,YES,YES,NORMAL,SEALED,EVID-8868,75c4992cd6f9951c2f2d206b6b5b84e2f2c073d435ac3a9077f212492d5bc01c
INSP-000383,FPS-0537,OFF-00049,2026-02-03,1607,1565,-42,1.0,LOW,AVERAGE,YES,NO,NORMAL,SEALED,EVID-1724,20d6ad1531f9d483a3c015d92d0fc6bb87294cc2110ae38fb3abcabbb943b929
INSP-000384,FPS-0254,OFF-00023,2026-03-13,1843,1703,-140,0.99,NORMAL,AVERAGE,YES,YES,STOCK_VARIANCE,SEALED,EVID-5337,f50c125c18f2616f0dbe5590af54b20fc3278959426bed383e7e33ef87a8be89
INSP-000385,FPS-0367,OFF-00012,2026-02-02,1204,1233,29,0.98,NORMAL,POOR,YES,YES,NORMAL,SEALED,EVID-8767,8c03e1532796371979c21179457cb9b5662bbbf62f6022c0391ceb2eea3c316b
INSP-000386,FPS-0332,OFF-00060,2026-01-05,1766,1769,3,0.99,HIGH,POOR,NO,NO,NORMAL,SEALED,EVID-6217,ae1a70281b3d8aaaefe60ea6d740145837c31b6db67e3f4b1f4ecc820a36b9d9
INSP-000387,FPS-0466,OFF-00022,2026-03-19,973,1000,27,0.99,LOW,AVERAGE,YES,NO,NORMAL,SEALED,EVID-8947,361a86f065c1a89ed32e61f1a7c4b02aada96e02032d2f9570677177975bf8d4
INSP-000388,FPS-0527,OFF-00030,2026-03-06,1834,1799,-35,0.98,HIGH,AVERAGE,YES,YES,NORMAL,SEALED,EVID-2902,333d75f5654bada79392d8320972a0d7c6d1c9db068e37c001896950c729a156
INSP-000389,FPS-0154,OFF-00055,2026-01-19,1322,1409,87,0.98,NORMAL,POOR,YES,YES,STOCK_VARIANCE,SUBMITTED,EVID-1927,430adbac994207e6304ea9cc9e2d1de4549cde2b1e4b476fac4198cdad9ea115
INSP-000390,FPS-0278,OFF-00042,2026-03-04,1452,1444,-8,0.99,HIGH,POOR,YES,NO,NORMAL,DRAFT,EVID-3320,2de3c43d5544230714f28b8704bce1584e8e57976f0761737acca08a967e3fe1
INSP-000391,FPS-0453,OFF-00009,2026-01-03,2654,2731,77,0.97,HIGH,GOOD,NO,YES,NORMAL,SEALED,EVID-7636,df6cbfa733c4bc1c1200a204f68bff22046343954beb1e18fde5ca15c039ff31
INSP-000392,FPS-0163,OFF-00031,2026-03-01,1054,1054,0,0.98,HIGH,GOOD,YES,YES,NORMAL,SEALED,EVID-4713,254f5222c9e36582ec94e07228f7035fb25cc4e6942ee80ed7a8bb4f0e6cfd69
INSP-000393,FPS-0275,OFF-00016,2026-02-17,1193,1182,-11,1.0,LOW,POOR,NO,YES,NORMAL,SEALED,EVID-7993,515406ab9fd08c875ca00321185dcc36d65c4e746c5a3742b7f07e418fc5494a
INSP-000394,FPS-0176,OFF-00061,2026-02-23,1681,1716,35,0.98,HIGH,AVERAGE,YES,NO,NORMAL,SEALED,EVID-2123,581523e011b2d6a16516e9d38a34cf1cbbac27741eea79f387a110838125330b
INSP-000395,FPS-0570,OFF-00035,2026-02-04,1353,1239,-114,0.99,HIGH,GOOD,NO,NO,STOCK_VARIANCE,SUBMITTED,EVID-9314,a8e6962ac9a6cd79bb12e0b39604f2a27207aaf26470f044cc8f4fe44b19d948
INSP-000396,FPS-0314,OFF-00019,2026-02-03,719,701,-18,0.97,LOW,AVERAGE,NO,NO,NORMAL,SEALED,EVID-5243,23990ace0f301d9ab1823b88ef2b20cbc24e2c477284ab7b671b6dd90a67b48c
INSP-000397,FPS-0206,OFF-00010,2026-02-22,1539,1529,-10,1.0,NORMAL,GOOD,NO,NO,NORMAL,SUBMITTED,EVID-6536,eae5d62972daa8a2c9ff9ecb79c73ed31d5be50c49b0438dcbb1bb52ee9cad00
INSP-000398,FPS-0254,OFF-00013,2026-01-25,1828,1858,30,0.99,LOW,POOR,YES,NO,NORMAL,SEALED,EVID-5558,c4c3558ec1cc9e2f95eb3855236878b76b4080f4371fab57b759eb5ffbd4a8f4
INSP-000399,FPS-0074,OFF-00038,2026-02-10,1006,1029,23,0.98,NORMAL,POOR,YES,NO,NORMAL,SUBMITTED,EVID-5836,96169ae1db494a5415c24a76276021cc1d66e967450e2235908f497909dc1160
INSP-000400,FPS-0061,OFF-00042,2026-01-13,1485,1595,110,0.99,NORMAL,POOR,NO,NO,STOCK_VARIANCE,SEALED,EVID-7262,5fd72b2afd89886531a8f43badb9da2ff97c2d076ce9ab75471258a06f93d8ca
