manifest_id,cycle,warehouse_id,vehicle_id,manifest_status,total_kg,route_distance_km,route_duration_min,constraint_status,created_by,created_at,locked_by,locked_at,sha256_hash,qr_payload
MAN-000001,2026-01,WH-001,VEH-0101,LOCKED,1776,137.09,301,READY,OFF-00001,2026-01-05T10:00:00,OFF-00001,2026-01-06T14:00:00,517b60c7ff3d3825f4e3df45d38b06464afed117867294ae5a80a6415eaa8cd4,MAN-000001|517b60c7ff3d3825
MAN-000002,2026-01,WH-001,VEH-0101,LOCKED,1764,147.36,324,READY,OFF-00001,2026-01-05T10:00:00,OFF-00001,2026-01-06T14:00:00,850279bec63902b77965b74d9e6166c79fc7e54e05a3b04aa0ab9106707a26ed,MAN-000002|850279bec63902b7
MAN-000003,2026-01,WH-001,VEH-0101,LOCKED,1869,135.5,298,READY,OFF-00001,2026-01-05T10:00:00,OFF-00001,2026-01-06T14:00:00,f7cf9206d025263a973f70446bfd97734686b3e8ff4c9a6b94d104a7135c458e,MAN-000003|f7cf9206d025263a
MAN-000004,2026-01,WH-001,VEH-0051,DRAFT,1949,125.76,276,BLOCKED,OFF-00001,2026-01-05T10:00:00,,,26825a8e14f2514724d54f30e88c16c9c5a9d7e37d9ff9fe065fe46cf3934562,MAN-000004|26825a8e14f25147
MAN-000005,2026-01,WH-002,VEH-0002,LOCKED,1864,136.11,299,READY,OFF-00001,2026-01-05T10:00:00,OFF-00001,2026-01-06T14:00:00,a27e497ed4f2afcfb786e2b91510c44838d19d6bf39478b75876561a6fa5e4c1,MAN-000005|a27e497ed4f2afcf
MAN-000006,2026-01,WH-002,VEH-0077,LOCKED,1772,118.65,261,READY,OFF-00001,2026-01-05T10:00:00,OFF-00001,2026-01-06T14:00:00,8a8cfdea75d2a77543455d0e56fcb6d53791620f438c56ee7cf3779f704a3240,MAN-000006|8a8cfdea75d2a775
MAN-000007,2026-01,WH-002,VEH-0127,DRAFT,1607,122.61,269,BLOCKED,OFF-00001,2026-01-05T10:00:00,,,3083bb91a6434686e898e6e84f4a3d1904b3e1a4ed5e304f9f1e6d0e00c6af30,MAN-000007|3083bb91a6434686
MAN-000008,2026-01,WH-002,VEH-0002,LOCKED,1729,121.56,267,READY,OFF-00001,2026-01-05T10:00:00,OFF-00001,2026-01-06T14:00:00,901b60159cdbe0c4fdbe56a5d138f79c0d258f032deaed9d0d9cc208f9eb9fee,MAN-000008|901b60159cdbe0c4
MAN-000009,2026-01,WH-003,VEH-0078,VALIDATED,1928,85.85,188,BLOCKED,OFF-00001,2026-01-05T10:00:00,,,8ace9c188baf6f023b0e4d2e6ecd4472d61d24e07d29e0b0f14e73e8897d1dab,MAN-000009|8ace9c188baf6f02
MAN-000010,2026-01,WH-003,VEH-0128,LOCKED,1947,69.65,153,READY,OFF-00001,2026-01-05T10:00:00,OFF-00001,2026-01-06T14:00:00,691d3a6701b9a4b3fccfe368322b8c083a9162192f9d565bfe76b7596b0770f1,MAN-000010|691d3a6701b9a4b3
MAN-000011,2026-01,WH-003,VEH-0128,VALIDATED,1883,138.21,304,READY,OFF-00001,2026-01-05T10:00:00,,,f7db358453ae20b10c066f5a66fcabae9c9d633da9fb5e8c60f758a225a03c2c,MAN-000011|f7db358453ae20b1
MAN-000012,2026-01,WH-003,VEH-0053,DRAFT,1567,128.34,282,BLOCKED,OFF-00001,2026-01-05T10:00:00,,,c6b0c3bb1b9ad6c9ff40f538f0a2c9189551542f3d48405b99746bb2f3dc383f,MAN-000012|c6b0c3bb1b9ad6c9
MAN-000013,2026-01,WH-004,VEH-0104,VALIDATED,1899,87.63,192,BLOCKED,OFF-00001,2026-01-05T10:00:00,,,ad1a9a05ec14946b631f78deb1852e553618226dc1b1193ef1f583226da8e218,MAN-000013|ad1a9a05ec14946b
MAN-000014,2026-01,WH-004,VEH-0129,DRAFT,1818,130.35,286,BLOCKED,OFF-00001,2026-01-05T10:00:00,,,bb79981c29a68ded776614080f010cb969b45b25e48e57376831fb342d9d6d46,MAN-000014|bb79981c29a68ded
MAN-000015,2026-01,WH-004,VEH-0129,VALIDATED,1800,109.26,240,BLOCKED,OFF-00001,2026-01-05T10:00:00,,,669b4012e6847f9c39f1753816c103c79fbfbd9dba64086fdb56c02b64ec3766,MAN-000015|669b4012e6847f9c
MAN-000016,2026-01,WH-004,VEH-0104,LOCKED,1755,151.41,333,READY,OFF-00001,2026-01-05T10:00:00,OFF-00001,2026-01-06T14:00:00,2ac2ad651e7c673a7b264a9a8c962d2b727cfc603ef9c9f38c886a50f4f726d1,MAN-000016|2ac2ad651e7c673a
MAN-000017,2026-01,WH-005,VEH-0055,VALIDATED,1883,101.74,223,READY,OFF-00001,2026-01-05T10:00:00,,,5541db02d8322421bed265c7e7583aabc0117aec038a92ee11cb75b185c538c8,MAN-000017|5541db02d8322421
MAN-000018,2026-01,WH-005,VEH-0130,VALIDATED,1353,120.29,264,BLOCKED,OFF-00001,2026-01-05T10:00:00,,,1ffddf4cf892c04fff06f544e07a8a8b1e05ba908a7bfb75dc79752cb1baee3f,MAN-000018|1ffddf4cf892c04f
MAN-000019,2026-01,WH-005,VEH-0055,VALIDATED,2073,124.15,273,BLOCKED,OFF-00001,2026-01-05T10:00:00,,,766394886a8d40bb46a54f52582e4f422fb9a980a5ca6309ed90fc4366f9e05b,MAN-000019|766394886a8d40bb
MAN-000020,2026-01,WH-005,VEH-0030,VALIDATED,1808,117.18,257,BLOCKED,OFF-00001,2026-01-05T10:00:00,,,8e9d44e0457e9976ae8b2c0bdf55217bbf67b711722a8d6d39f20e7703c8b73b,MAN-000020|8e9d44e0457e9976
MAN-000021,2026-01,WH-006,VEH-0106,VALIDATED,1846,114.72,252,BLOCKED,OFF-00001,2026-01-05T10:00:00,,,819a71520141494d3a69cd245541a182cf88b1b473ba79f80326787534828079,MAN-000021|819a71520141494d
MAN-000022,2026-01,WH-006,VEH-0056,VALIDATED,1607,125.16,275,READY,OFF-00001,2026-01-05T10:00:00,,,87ff6046761f8ae38bd99c4c90b33ed2f535ec24f02d23c50691ede6fbad3491,MAN-000022|87ff6046761f8ae3
MAN-000023,2026-01,WH-006,VEH-0006,VALIDATED,1785,162.19,356,BLOCKED,OFF-00001,2026-01-05T10:00:00,,,75e3f8db258268715ee45bed9f4c721ab3f5de0058d42e7746e36ff9c7d542e9,MAN-000023|75e3f8db25826871
MAN-000024,2026-01,WH-006,VEH-0031,DRAFT,1937,136.91,301,BLOCKED,OFF-00001,2026-01-05T10:00:00,,,b584b8e19db4d590d394e0d2740f589356c58ec59aca13f94aecbf42ed0ad871,MAN-000024|b584b8e19db4d590
MAN-000025,2026-01,WH-007,VEH-0132,DRAFT,1996,121.15,266,BLOCKED,OFF-00001,2026-01-05T10:00:00,,,7366334af265f1e35ea7f83377288ff5624fa5e93990146a8fa9d732379e98c7,MAN-000025|7366334af265f1e3
MAN-000026,2026-01,WH-007,VEH-0032,DRAFT,1680,98.17,215,BLOCKED,OFF-00001,2026-01-05T10:00:00,,,9059c187314c3268d8ebc2ed915de11df772f55ccaa8192e987073ee008f7856,MAN-000026|9059c187314c3268
MAN-000027,2026-01,WH-007,VEH-0007,LOCKED,1713,115.0,253,READY,OFF-00001,2026-01-05T10:00:00,OFF-00001,2026-01-06T14:00:00,480d27356fdc330d0cb8ed36b84a2db339ccc0c4b19f21d3d7c7ee3ffccd9b1f,MAN-000027|480d27356fdc330d
MAN-000028,2026-01,WH-007,VEH-0082,DRAFT,2120,132.23,290,BLOCKED,OFF-00001,2026-01-05T10:00:00,,,3a98ca2f4b094e9b7ebe8417f1a29d3c985846d0df0343119d4877d6f69d01bd,MAN-000028|3a98ca2f4b094e9b
MAN-000029,2026-01,WH-008,VEH-0108,DRAFT,1624,136.27,299,BLOCKED,OFF-00001,2026-01-05T10:00:00,,,742d84902868c33d503bb8efd1f88558ddc252cc480cbcaad6bdad985f4e8967,MAN-000029|742d84902868c33d
MAN-000030,2026-01,WH-008,VEH-0108,DRAFT,2087,131.79,289,BLOCKED,OFF-00001,2026-01-05T10:00:00,,,35b380a4a3dc72cc5d8ffd5908b991c16f5fe02df01e3f0d229569bb9137d5e5,MAN-000030|35b380a4a3dc72cc
MAN-000031,2026-01,WH-008,VEH-0008,VALIDATED,1945,114.92,252,BLOCKED,OFF-00001,2026-01-05T10:00:00,,,441d60a2d357433323676b058079ca0ec18a2ef80d929577cc5c37efd976bf64,MAN-000031|441d60a2d3574333
MAN-000032,2026-01,WH-008,VEH-0133,LOCKED,1693,133.78,294,READY,OFF-00001,2026-01-05T10:00:00,OFF-00001,2026-01-06T14:00:00,dd194fdff7f9e2aae38ceebe18e20e86649a002d3c2f577e7d6c055cbdca2dfb,MAN-000032|dd194fdff7f9e2aa
MAN-000033,2026-01,WH-009,VEH-0034,LOCKED,1810,112.47,247,READY,OFF-00001,2026-01-05T10:00:00,OFF-00001,2026-01-06T14:00:00,e3510d793a96bea7f470255edd9daa7d7e1a7ced7598c5fc354ca06a7d213aaa,MAN-000033|e3510d793a96bea7
MAN-000034,2026-01,WH-009,VEH-0109,DRAFT,1783,117.15,257,BLOCKED,OFF-00001,2026-01-05T10:00:00,,,549c27ad51d8d9d1ae074c619f40e90f22d5fb5a05c9c63196a07e75eedf5832,MAN-000034|549c27ad51d8d9d1
MAN-000035,2026-01,WH-009,VEH-0009,DRAFT,1870,97.88,215,BLOCKED,OFF-00001,2026-01-05T10:00:00,,,5a5d68bc5ce0e41c89311d13707ace5ee4ef8a9545a67714b71e399e76dcf181,MAN-000035|5a5d68bc5ce0e41c
MAN-000036,2026-01,WH-009,VEH-0009,VALIDATED,2002,161.23,354,BLOCKED,OFF-00001,2026-01-05T10:00:00,,,5cb35b8228f2f4ab1105064de0a8f1f2a68255d9e2a6b205bd2e1e4817a4c8c2,MAN-000036|5cb35b8228f2f4ab
MAN-000037,2026-01,WH-010,VEH-0010,VALIDATED,1847,120.6,265,BLOCKED,OFF-00001,2026-01-05T10:00:00,,,da3a1c012429328b084a8c64dd0ed8921263b10bed7ae50100941ed3ef05344e,MAN-000037|da3a1c012429328b
MAN-000038,2026-01,WH-010,VEH-0085,DRAFT,1677,133.67,294,BLOCKED,OFF-00001,2026-01-05T10:00:00,,,6d73359a5b8425896bcfab62a6b3e4c7f47add50287df95ec4cc18f28c7e5ea4,MAN-000038|6d73359a5b842589
MAN-000039,2026-01,WH-010,VEH-0085,DRAFT,1896,137.44,302,BLOCKED,OFF-00001,2026-01-05T10:00:00,,,6c23c259ff43c15706ab1f7784490a7887fea702a71e9f1fc5f2bb06e21b6a4b,MAN-000039|6c23c259ff43c157
MAN-000040,2026-01,WH-010,VEH-0060,DRAFT,2078,125.24,275,BLOCKED,OFF-00001,2026-01-05T10:00:00,,,1bd9ec3769be3269348551352bd62d4b4dc1ae5a2d432bf4bb216dfe0f0607f1,MAN-000040|1bd9ec3769be3269
MAN-000041,2026-01,WH-011,VEH-0111,DRAFT,1643,107.9,237,BLOCKED,OFF-00001,2026-01-05T10:00:00,,,06a63c914f646b88063b258b513717a7dce42bd9b63bd9cc01b9d50789912024,MAN-000041|06a63c914f646b88
MAN-000042,2026-01,WH-011,VEH-0011,DRAFT,2001,109.62,241,BLOCKED,OFF-00001,2026-01-05T10:00:00,,,5fcf99341a9939ab7cd4f2ce2b28184423d125995e20f808cfee1b250b411d2f,MAN-000042|5fcf99341a9939ab
MAN-000043,2026-01,WH-011,VEH-0111,VALIDATED,1889,83.07,182,BLOCKED,OFF-00001,2026-01-05T10:00:00,,,9bac025f8c9b285cf32824590cf984d553a8d82ae75d20bb7f88a425dccfdcc1,MAN-000043|9bac025f8c9b285c
MAN-000044,2026-01,WH-011,VEH-0136,LOCKED,1781,113.37,249,READY,OFF-00001,2026-01-05T10:00:00,OFF-00001,2026-01-06T14:00:00,f1a262ac6eb321fb26e609c92baf7a6ce41ee12777d20b59d15f050bcd009822,MAN-000044|f1a262ac6eb321fb
MAN-000045,2026-01,WH-012,VEH-0012,DRAFT,1664,106.91,235,BLOCKED,OFF-00001,2026-01-05T10:00:00,,,ad6f4b79cffa46cafdf95e5fdbe0fd351dff4cdcb9a77eb3fd49930c59798455,MAN-000045|ad6f4b79cffa46ca
MAN-000046,2026-01,WH-012,VEH-0062,VALIDATED,1811,127.43,280,BLOCKED,OFF-00001,2026-01-05T10:00:00,,,c34f736ec3c4a7f0aa603e6896b10d2c68ad16530f347aaabca6cdcf58c10671,MAN-000046|c34f736ec3c4a7f0
MAN-000047,2026-01,WH-012,VEH-0037,VALIDATED,3200,161.69,355,BLOCKED,OFF-00001,2026-01-05T10:00:00,,,29987ecec119f6f7a38797da97cc7db6a2b0f872535333b58e43294ab22bc2be,MAN-000047|29987ecec119f6f7
MAN-000048,2026-01,WH-012,VEH-0062,DRAFT,1870,112.64,247,BLOCKED,OFF-00001,2026-01-05T10:00:00,,,c54548e1ad8345a2da42841b942ac923320950ce52860482b2a617d34a9eb18e,MAN-000048|c54548e1ad8345a2
MAN-000049,2026-01,WH-013,VEH-0013,VALIDATED,1758,89.3,196,BLOCKED,OFF-00001,2026-01-05T10:00:00,,,10fafc0f56a1f6ca8641e8693aff20e8f9ba423abbaa5d0fdcffb9863759e652,MAN-000049|10fafc0f56a1f6ca
MAN-000050,2026-01,WH-013,VEH-0113,DRAFT,1707,94.12,207,BLOCKED,OFF-00001,2026-01-05T10:00:00,,,0dae8fd5badb34aecb8fc8d8be7b63d5174f43d49097412a2f9bd73a5cc35241,MAN-000050|0dae8fd5badb34ae
MAN-000051,2026-01,WH-013,VEH-0138,VALIDATED,1924,77.52,170,READY,OFF-00001,2026-01-05T10:00:00,,,c64b58d23c294d3cb638a73907bd09371d0a79a25c91979c628a8d3e7206fdb9,MAN-000051|c64b58d23c294d3c
MAN-000052,2026-01,WH-013,VEH-0063,DRAFT,1895,129.62,285,BLOCKED,OFF-00001,2026-01-05T10:00:00,,,ad527bb7e6cbb42fb9dc50dcba98a548dbd003ca0cf603ad7ce9c8359d3fe121,MAN-000052|ad527bb7e6cbb42f
MAN-000053,2026-01,WH-014,VEH-0089,DRAFT,1690,129.42,284,BLOCKED,OFF-00001,2026-01-05T10:00:00,,,5548c01c418f0bd39c57b87f06a8571f278185fcf768ed774aee48766dd0ec7a,MAN-000053|5548c01c418f0bd3
MAN-000054,2026-01,WH-014,VEH-0014,DRAFT,1815,143.93,316,BLOCKED,OFF-00001,2026-01-05T10:00:00,,,9fba58ba1bcf54ab51df83afbd23b81789ff8abf71e2710549ff32207a997002,MAN-000054|9fba58ba1bcf54ab
MAN-000055,2026-01,WH-014,VEH-0014,DRAFT,1914,124.09,272,BLOCKED,OFF-00001,2026-01-05T10:00:00,,,4e870f25be0a8a99793362df66988ce05554b55fa08f2bbbbba672a9171f4aaa,MAN-000055|4e870f25be0a8a99
MAN-000056,2026-01,WH-014,VEH-0114,VALIDATED,1697,113.71,250,BLOCKED,OFF-00001,2026-01-05T10:00:00,,,9ad7f3b108a2d7a87657e96ae45e9360baa60399a32108e3d315a37cda2c392b,MAN-000056|9ad7f3b108a2d7a8
MAN-000057,2026-01,WH-015,VEH-0140,DRAFT,1764,83.56,183,BLOCKED,OFF-00001,2026-01-05T10:00:00,,,9b9f99e5e918cc9d214077d7dd6298f20ac378590e2033120eaf67ea9c87a299,MAN-000057|9b9f99e5e918cc9d
MAN-000058,2026-01,WH-015,VEH-0015,VALIDATED,1905,94.88,208,BLOCKED,OFF-00001,2026-01-05T10:00:00,,,858fa85725522b9e00890848e9549a4a7f67a5d9e3461538863d7397d5f991b1,MAN-000058|858fa85725522b9e
MAN-000059,2026-01,WH-015,VEH-0090,DRAFT,1754,99.13,218,BLOCKED,OFF-00001,2026-01-05T10:00:00,,,ab22c6293ebcb5266153b6a538cfe1785608e53880cc5fe7a3c4f8c12422a000,MAN-000059|ab22c6293ebcb526
MAN-000060,2026-01,WH-015,VEH-0115,LOCKED,1659,87.85,193,READY,OFF-00001,2026-01-05T10:00:00,OFF-00001,2026-01-06T14:00:00,c1be844c6e5d24bf1ef0cf7281a869ad6f2b548f27446ca6dc49438175ea5501,MAN-000060|c1be844c6e5d24bf
MAN-000061,2026-01,WH-016,VEH-0016,VALIDATED,1624,102.67,225,BLOCKED,OFF-00001,2026-01-05T10:00:00,,,61d17f8d8519a67b7656b00a3af73f2a91b21c0be494eb98113f6614e855a6ef,MAN-000061|61d17f8d8519a67b
MAN-000062,2026-01,WH-016,VEH-0116,LOCKED,1856,85.47,188,READY,OFF-00001,2026-01-05T10:00:00,OFF-00001,2026-01-06T14:00:00,c7d651ce38c611fd0a8e54e30d2c2eb87c0282ec772f7e90a949da341080fdaf,MAN-000062|c7d651ce38c611fd
MAN-000063,2026-01,WH-016,VEH-0016,LOCKED,1861,99.46,218,READY,OFF-00001,2026-01-05T10:00:00,OFF-00001,2026-01-06T14:00:00,76aaf5594e40ec75afb6ee435d655182684d0d4cef723113c6be8230204dfccc,MAN-000063|76aaf5594e40ec75
MAN-000064,2026-01,WH-016,VEH-0091,LOCKED,1711,117.7,258,READY,OFF-00001,2026-01-05T10:00:00,OFF-00001,2026-01-06T14:00:00,3772e5dca2f7ac80287afcc35f0b9751a8a6472a6f96d6483ad059f188c5c85e,MAN-000064|3772e5dca2f7ac80
MAN-000065,2026-01,WH-017,VEH-0117,LOCKED,1609,112.23,246,READY,OFF-00001,2026-01-05T10:00:00,OFF-00001,2026-01-06T14:00:00,bbb16d1c52ca203bda52ee9c064ad60f17ecd53fb3818e37f0e78b3463fdb520,MAN-000065|bbb16d1c52ca203b
MAN-000066,2026-01,WH-017,VEH-0092,DRAFT,1782,126.66,278,BLOCKED,OFF-00001,2026-01-05T10:00:00,,,1dafc1a54ac68d8c7f8db4dc39097842b6cb083c1849cc6618fdecd8082f1791,MAN-000066|1dafc1a54ac68d8c
MAN-000067,2026-01,WH-017,VEH-0092,DRAFT,1994,111.7,245,BLOCKED,OFF-00001,2026-01-05T10:00:00,,,ca5f5b421b6d818a56356b5a654985fc1d0274ef661942384f0cffe395f410eb,MAN-000067|ca5f5b421b6d818a
MAN-000068,2026-01,WH-017,VEH-0142,LOCKED,1635,132.76,292,READY,OFF-00001,2026-01-05T10:00:00,OFF-00001,2026-01-06T14:00:00,698e9b78296b5b5d80401e0da221575fc4ab683d1dde50e28fd92a7ceebbdf43,MAN-000068|698e9b78296b5b5d
MAN-000069,2026-01,WH-018,VEH-0093,VALIDATED,1792,114.0,250,BLOCKED,OFF-00001,2026-01-05T10:00:00,,,58721e8c68d5f4a442a8b44bb15433ea1e5a1cb5c2a2fbadc2cdb20be36aee2b,MAN-000069|58721e8c68d5f4a4
MAN-000070,2026-01,WH-018,VEH-0143,VALIDATED,1821,112.51,247,READY,OFF-00001,2026-01-05T10:00:00,,,e82c80ff7c964c545eb179b307a70bc59423e71b57b8130ddd6e6e5091a6101f,MAN-000070|e82c80ff7c964c54
MAN-000071,2026-01,WH-018,VEH-0093,LOCKED,1857,125.12,275,READY,OFF-00001,2026-01-05T10:00:00,OFF-00001,2026-01-06T14:00:00,f6458c37e733530f8fe09cf2b219b8ad5c77d8ec9743f1c96dc4b8a8f209f441,MAN-000071|f6458c37e733530f
MAN-000072,2026-01,WH-018,VEH-0068,VALIDATED,1998,167.18,367,BLOCKED,OFF-00001,2026-01-05T10:00:00,,,9626f442d93a5aec0d1f598b1cc2d000fe6f08bd0303bf9a5a61d3d84dd386c0,MAN-000072|9626f442d93a5aec
MAN-000073,2026-01,WH-019,VEH-0019,LOCKED,1825,131.72,289,READY,OFF-00001,2026-01-05T10:00:00,OFF-00001,2026-01-06T14:00:00,880842c052abd5bcef7eea0969f9582b8b363d2995966fd7c82d106d2a839ae0,MAN-000073|880842c052abd5bc
MAN-000074,2026-01,WH-019,VEH-0019,LOCKED,1779,100.76,221,READY,OFF-00001,2026-01-05T10:00:00,OFF-00001,2026-01-06T14:00:00,79603d2e933416861f58cfc44c5c4b73b355d9216fb97d6705cb65255bd50de4,MAN-000074|79603d2e93341686
MAN-000075,2026-01,WH-019,VEH-0069,LOCKED,1730,101.72,223,READY,OFF-00001,2026-01-05T10:00:00,OFF-00001,2026-01-06T14:00:00,97b3d740660647d26c9da71ba0fd5c628d417313c973748c2b3718affacd8e7d,MAN-000075|97b3d740660647d2
MAN-000076,2026-01,WH-019,VEH-0094,VALIDATED,1994,131.43,289,READY,OFF-00001,2026-01-05T10:00:00,,,344219fe9fe39518fbfecf82c90fd1272cc4a96f2dc8616ea762a81655fc9450,MAN-000076|344219fe9fe39518
MAN-000077,2026-01,WH-020,VEH-0120,LOCKED,1862,139.58,307,READY,OFF-00001,2026-01-05T10:00:00,OFF-00001,2026-01-06T14:00:00,bf9121debff900fe68625680c1d7119f6eb62e35251168b1cfcf4f5e80317c49,MAN-000077|bf9121debff900fe
MAN-000078,2026-01,WH-020,VEH-0095,DRAFT,1574,99.08,217,BLOCKED,OFF-00001,2026-01-05T10:00:00,,,ffdfac3cd223baf55c957767789c0dad11b36a52343913cd82f84886ae01f1c0,MAN-000078|ffdfac3cd223baf5
MAN-000079,2026-01,WH-020,VEH-0045,DRAFT,1567,118.59,260,BLOCKED,OFF-00001,2026-01-05T10:00:00,,,6b570fddeb8e89b0b02a412372a59bfdb9bb0a75c120870a113a7356ee62d59a,MAN-000079|6b570fddeb8e89b0
MAN-000080,2026-01,WH-020,VEH-0120,DRAFT,1842,97.99,215,BLOCKED,OFF-00001,2026-01-05T10:00:00,,,b05bb086974d5dd6470fcaf2c6c8da0013470fc9bddb18902efa35b67845fa8b,MAN-000080|b05bb086974d5dd6
MAN-000081,2026-01,WH-021,VEH-0071,VALIDATED,1809,153.37,337,READY,OFF-00001,2026-01-05T10:00:00,,,e44f4eb6e6afe79e85c1b87f9e9d736993d412e13a27e94ef5e7b12c67d08a65,MAN-000081|e44f4eb6e6afe79e
MAN-000082,2026-01,WH-021,VEH-0021,VALIDATED,1704,116.85,257,BLOCKED,OFF-00001,2026-01-05T10:00:00,,,39dcffbee05a2c1ea401320c4a81097b16703874a5382e8b508a24dcfe095eda,MAN-000082|39dcffbee05a2c1e
MAN-000083,2026-01,WH-021,VEH-0096,LOCKED,1866,158.51,348,READY,OFF-00001,2026-01-05T10:00:00,OFF-00001,2026-01-06T14:00:00,ee5816e2a689c442951360f45b12819f833d0e5d961ec849598453bc17036939,MAN-000083|ee5816e2a689c442
MAN-000084,2026-01,WH-021,VEH-0146,LOCKED,2119,117.31,258,READY,OFF-00001,2026-01-05T10:00:00,OFF-00001,2026-01-06T14:00:00,592ed3de669f01eef4adde8a22fffa09c5571f209d3002819b8285381b4e828f,MAN-000084|592ed3de669f01ee
MAN-000085,2026-01,WH-022,VEH-0022,VALIDATED,2160,137.99,303,BLOCKED,OFF-00001,2026-01-05T10:00:00,,,a4a7db36ff6ba263ad8b9f9a38e8f05e5feb527e42bbdb79e5237c971f3ff853,MAN-000085|a4a7db36ff6ba263
MAN-000086,2026-01,WH-022,VEH-0072,VALIDATED,1941,133.28,293,BLOCKED,OFF-00001,2026-01-05T10:00:00,,,e8822071a31631bf1e974922174deb1454967d633985641763555edeb70f5b44,MAN-000086|e8822071a31631bf
MAN-000087,2026-01,WH-022,VEH-0047,DRAFT,1882,132.15,290,BLOCKED,OFF-00001,2026-01-05T10:00:00,,,754b02ebb74531215db50063479e337e0afd3120d9f45460e84074bdf84d7a9f,MAN-000087|754b02ebb7453121
MAN-000088,2026-01,WH-022,VEH-0147,DRAFT,2025,88.99,195,BLOCKED,OFF-00001,2026-01-05T10:00:00,,,3fee3fcd3e79f3bcdf405515c8fa178a2255078dfc4b5a3f3ef25fe778de91b9,MAN-000088|3fee3fcd3e79f3bc
MAN-000089,2026-01,WH-023,VEH-0073,LOCKED,2004,158.93,349,READY,OFF-00001,2026-01-05T10:00:00,OFF-00001,2026-01-06T14:00:00,53e150e720334b7c1fa549135b426111592b0d3135db527f7617133ec687c780,MAN-000089|53e150e720334b7c
MAN-000090,2026-01,WH-023,VEH-0048,LOCKED,1781,125.98,277,READY,OFF-00001,2026-01-05T10:00:00,OFF-00001,2026-01-06T14:00:00,fab67ced3db3275a628b3bdda3017b66419cd7f5aa43ddd8d08cfa60be3d613a,MAN-000090|fab67ced3db3275a
MAN-000091,2026-01,WH-023,VEH-0023,DRAFT,1825,123.26,271,BLOCKED,OFF-00001,2026-01-05T10:00:00,,,f9f47e9f6a8ee3d5b8766ee5e529f39b558619fdc4cd753534ce48b727690cf9,MAN-000091|f9f47e9f6a8ee3d5
MAN-000092,2026-01,WH-023,VEH-0123,LOCKED,1948,82.04,180,READY,OFF-00001,2026-01-05T10:00:00,OFF-00001,2026-01-06T14:00:00,041f3cca8ff71e3b4f96031d1fc00a09c57e2609726bf022d734ad8c1c8f749d,MAN-000092|041f3cca8ff71e3b
MAN-000093,2026-01,WH-024,VEH-0099,VALIDATED,1775,107.04,235,BLOCKED,OFF-00001,2026-01-05T10:00:00,,,52ca20fd5dbde565933c543f9e3ee72308b065ab2b80e35b789d9181ee38c988,MAN-000093|52ca20fd5dbde565
MAN-000094,2026-01,WH-024,VEH-0074,LOCKED,1640,142.79,314,READY,OFF-00001,2026-01-05T10:00:00,OFF-00001,2026-01-06T14:00:00,01d1c7d68b5be9be11ba4bf8577cbc832b84fac758360d779122f79b87fa9ab8,MAN-000094|01d1c7d68b5be9be
MAN-000095,2026-01,WH-024,VEH-0024,VALIDATED,2144,126.93,279,BLOCKED,OFF-00001,2026-01-05T10:00:00,,,fb4cb71cae502b8a924374962a6074a35bb5418cf6116591713f19870d0e4a06,MAN-000095|fb4cb71cae502b8a
MAN-000096,2026-01,WH-024,VEH-0149,LOCKED,1913,92.71,203,READY,OFF-00001,2026-01-05T10:00:00,OFF-00001,2026-01-06T14:00:00,2d54d33e5b50337ac1971f1a7640815c3c862039ca53d3823eee4e379ba7db54,MAN-000096|2d54d33e5b50337a
MAN-000097,2026-01,WH-025,VEH-0100,DRAFT,1696,140.89,309,BLOCKED,OFF-00001,2026-01-05T10:00:00,,,5c09aa980d745d0e110d0639d61d5b5b0c0be9d8b641ca02f30d39405da05174,MAN-000097|5c09aa980d745d0e
MAN-000098,2026-01,WH-025,VEH-0125,VALIDATED,1954,110.01,242,BLOCKED,OFF-00001,2026-01-05T10:00:00,,,b340ec16b467956ea9e59d2da504d55fe60c1b4d3e879b2ffd776f06d29ce326,MAN-000098|b340ec16b467956e
MAN-000099,2026-01,WH-025,VEH-0050,DRAFT,1687,95.78,210,BLOCKED,OFF-00001,2026-01-05T10:00:00,,,c4df673990210b94ccb497783209f59a6bc17d04b574a6243ff34275b98c0ee2,MAN-000099|c4df673990210b94
MAN-000100,2026-01,WH-025,VEH-0150,LOCKED,2016,154.07,338,READY,OFF-00001,2026-01-05T10:00:00,OFF-00001,2026-01-06T14:00:00,df03a7c085127a292b8c8e79925263850281218382fdfab8743f1dbd2c194aed,MAN-000100|df03a7c085127a29
MAN-000101,2026-02,WH-001,VEH-0076,LOCKED,804,141.01,310,READY,OFF-00001,2026-02-05T10:00:00,OFF-00001,2026-02-06T14:00:00,68fc183ff50f02a20e61403c6df860086b535d876ed9ea6de3f801a1af85cc25,MAN-000101|68fc183ff50f02a2
MAN-000102,2026-02,WH-001,VEH-0001,DRAFT,14185,144.5,317,BLOCKED,OFF-00001,2026-02-05T10:00:00,,,2010fdab41bb51bdd81994ef139026e2181d545b3278cc90327cc5ffee90411a,MAN-000102|2010fdab41bb51bd
MAN-000103,2026-02,WH-001,VEH-0076,LOCKED,808,139.24,306,READY,OFF-00001,2026-02-05T10:00:00,OFF-00001,2026-02-06T14:00:00,d128f8c8749aac9fca0a94c11de4b8d4ab7ae42b22558a4b65948320c3e624dd,MAN-000103|d128f8c8749aac9f
MAN-000104,2026-02,WH-001,VEH-0001,DRAFT,821,114.73,252,BLOCKED,OFF-00001,2026-02-05T10:00:00,,,93861e94f25d1949d46242071478b05b2bde5717efc0b5ff65f222b2d9730569,MAN-000104|93861e94f25d1949
MAN-000105,2026-02,WH-002,VEH-0027,LOCKED,1775,76.92,169,READY,OFF-00001,2026-02-05T10:00:00,OFF-00001,2026-02-06T14:00:00,bc94e2bddab769da0bff8614201d6f5763baadf00b5ff60010022f6660747724,MAN-000105|bc94e2bddab769da
MAN-000106,2026-02,WH-002,VEH-0102,LOCKED,1791,93.09,204,READY,OFF-00001,2026-02-05T10:00:00,OFF-00001,2026-02-06T14:00:00,3c0b0c7ef4757dea171cff9b213da60b133f8e7b3e5d4bf2b3c8d4b25a72f093,MAN-000106|3c0b0c7ef4757dea
MAN-000107,2026-02,WH-002,VEH-0027,VALIDATED,1636,122.3,269,READY,OFF-00001,2026-02-05T10:00:00,,,7f8efc7910c34d7c64bedc3baa20e1a125c6b2101cf2d7e127823d443e7a7dfa,MAN-000107|7f8efc7910c34d7c
MAN-000108,2026-02,WH-002,VEH-0002,VALIDATED,1698,137.37,302,READY,OFF-00001,2026-02-05T10:00:00,,,b85c5db6386f45953a05f486679a54bc072cfe4fa261c9611ea09c72c236095a,MAN-000108|b85c5db6386f4595
MAN-000109,2026-02,WH-003,VEH-0003,DRAFT,1773,106.93,235,BLOCKED,OFF-00001,2026-02-05T10:00:00,,,a41a63deec1423575b54b6ae1b0ff4f9ac5fda3f2b1235e41e98b40eec3e3df2,MAN-000109|a41a63deec142357
MAN-000110,2026-02,WH-003,VEH-0053,VALIDATED,1904,108.52,238,READY,OFF-00001,2026-02-05T10:00:00,,,a1e1d40ae85fda03724d619a16d238993f3294862ac16f7df81eac7159b39fc7,MAN-000110|a1e1d40ae85fda03
MAN-000111,2026-02,WH-003,VEH-0103,VALIDATED,1977,65.01,143,BLOCKED,OFF-00001,2026-02-05T10:00:00,,,167be7ca90639136c2f53cee8e8fc07d90947abe5f73f54c9439215b6bb98c65,MAN-000111|167be7ca90639136
MAN-000112,2026-02,WH-003,VEH-0103,DRAFT,1754,124.0,272,BLOCKED,OFF-00001,2026-02-05T10:00:00,,,0bbc77e86f546cd3a2cf80f6fa5452358ff9f509eee89ae8a26cc468baaa0c90,MAN-000112|0bbc77e86f546cd3
MAN-000113,2026-02,WH-004,VEH-0129,DRAFT,1910,130.69,287,BLOCKED,OFF-00001,2026-02-05T10:00:00,,,44a235191d3a6e0c122bbbd6b71e5c23a5fb00211c4b988bc5c1fd141b7924fb,MAN-000113|44a235191d3a6e0c
MAN-000114,2026-02,WH-004,VEH-0129,DRAFT,1908,119.55,263,BLOCKED,OFF-00001,2026-02-05T10:00:00,,,39fa06d7c4918e8c742ec7015b4d228ecdaa35bd53122b988581aaa1024bb2a7,MAN-000114|39fa06d7c4918e8c
MAN-000115,2026-02,WH-004,VEH-0004,DRAFT,1776,114.77,252,BLOCKED,OFF-00001,2026-02-05T10:00:00,,,8b472480c4136a6787ed1f35a2f64faee6a728982c34e4572716f071b270531c,MAN-000115|8b472480c4136a67
MAN-000116,2026-02,WH-004,VEH-0004,LOCKED,1589,131.44,289,READY,OFF-00001,2026-02-05T10:00:00,OFF-00001,2026-02-06T14:00:00,ecb8207f4ff5a7a50fd1e84a6c49b8df1a45204c725db7b108d60c08d866b39a,MAN-000116|ecb8207f4ff5a7a5
MAN-000117,2026-02,WH-005,VEH-0030,DRAFT,1786,99.16,218,BLOCKED,OFF-00001,2026-02-05T10:00:00,,,05f3d9cb78cd077dd055da1338b7bf737bced0adc2155efdbada790d5b540217,MAN-000117|05f3d9cb78cd077d
MAN-000118,2026-02,WH-005,VEH-0005,DRAFT,1787,128.24,282,BLOCKED,OFF-00001,2026-02-05T10:00:00,,,4606cf6445bd642f1340f769d23cb9f00c150f3e701d95cb8c34de287431a0d5,MAN-000118|4606cf6445bd642f
MAN-000119,2026-02,WH-005,VEH-0055,LOCKED,1713,154.37,339,READY,OFF-00001,2026-02-05T10:00:00,OFF-00001,2026-02-06T14:00:00,4642573b136ca74f1cd98fccb8b9cf1ee38deb4d49a09307bef326fc6e9b2d02,MAN-000119|4642573b136ca74f
MAN-000120,2026-02,WH-005,VEH-0005,VALIDATED,2151,137.93,303,BLOCKED,OFF-00001,2026-02-05T10:00:00,,,fc167dd70aa5178c5a9722d5fbe5e15850ffd85b001bf02444df2c85a59fad9a,MAN-000120|fc167dd70aa5178c
MAN-000121,2026-02,WH-006,VEH-0031,DRAFT,1979,109.51,240,BLOCKED,OFF-00001,2026-02-05T10:00:00,,,2407a49ef7d31987e5e4c33d03de672f801eb3881108be4db03c17e551eb630f,MAN-000121|2407a49ef7d31987
MAN-000122,2026-02,WH-006,VEH-0106,VALIDATED,1727,117.82,259,BLOCKED,OFF-00001,2026-02-05T10:00:00,,,1fb9e20355ccfe6d039c35b96a9ca57d886ae100272176e75a961606816457c3,MAN-000122|1fb9e20355ccfe6d
MAN-000123,2026-02,WH-006,VEH-0056,LOCKED,1824,100.57,221,READY,OFF-00001,2026-02-05T10:00:00,OFF-00001,2026-02-06T14:00:00,eff3291f0cf2934809426c61af0e383bc818489e3d1d11370d54083c8ab56403,MAN-000123|eff3291f0cf29348
MAN-000124,2026-02,WH-006,VEH-0056,LOCKED,1777,93.09,204,READY,OFF-00001,2026-02-05T10:00:00,OFF-00001,2026-02-06T14:00:00,1b5113edb362d5ccf33415faa7efea7d05ae88d401b08ddf3744440172fc5e98,MAN-000124|1b5113edb362d5cc
MAN-000125,2026-02,WH-007,VEH-0057,LOCKED,1696,80.6,177,READY,OFF-00001,2026-02-05T10:00:00,OFF-00001,2026-02-06T14:00:00,c19d30d0615fd525048ef8efc521dd5f33ae3f835f8b0a7986d0b243b16bc3a8,MAN-000125|c19d30d0615fd525
MAN-000126,2026-02,WH-007,VEH-0007,LOCKED,1854,130.99,288,READY,OFF-00001,2026-02-05T10:00:00,OFF-00001,2026-02-06T14:00:00,ff33bb1948bbde5128e222818644e3417301bb945f28894868057c4f9c7d8bfa,MAN-000126|ff33bb1948bbde51
MAN-000127,2026-02,WH-007,VEH-0007,VALIDATED,1976,95.44,209,BLOCKED,OFF-00001,2026-02-05T10:00:00,,,3b3c9f767efa406d62f4dd4a31676670431b1a52ff464586c69340e16d223134,MAN-000127|3b3c9f767efa406d
MAN-000128,2026-02,WH-007,VEH-0007,VALIDATED,1989,126.99,279,READY,OFF-00001,2026-02-05T10:00:00,,,d04e50ffe2997657159e8510a2664b7e1beb3267c4682c0de859aa6d923e3c45,MAN-000128|d04e50ffe2997657
MAN-000129,2026-02,WH-008,VEH-0083,DRAFT,1783,120.93,266,BLOCKED,OFF-00001,2026-02-05T10:00:00,,,6433c442810b60d2d92815bf65f53dc0116851766bafa9df8b428e8761715195,MAN-000129|6433c442810b60d2
MAN-000130,2026-02,WH-008,VEH-0033,DRAFT,2026,109.33,240,BLOCKED,OFF-00001,2026-02-05T10:00:00,,,6c7d8e98fb8db49ba10c7045aa2493d5c5faf09471ed3a6301dcd302047a7771,MAN-000130|6c7d8e98fb8db49b
MAN-000131,2026-02,WH-008,VEH-0133,VALIDATED,1759,144.94,318,READY,OFF-00001,2026-02-05T10:00:00,,,ce118467bd6f70891c466fa680ec67021cd44dc77ff15bc1bb96e92f8de880ff,MAN-000131|ce118467bd6f7089
MAN-000132,2026-02,WH-008,VEH-0133,DRAFT,1953,143.46,315,BLOCKED,OFF-00001,2026-02-05T10:00:00,,,87da54dc3bcba647f300ced22fc2a60db2a865c1d5945a02dc8b501eb5ac9233,MAN-000132|87da54dc3bcba647
MAN-000133,2026-02,WH-009,VEH-0134,LOCKED,1888,134.78,296,READY,OFF-00001,2026-02-05T10:00:00,OFF-00001,2026-02-06T14:00:00,f1fb464415923ed607eb5983553e3942c21d5daa7e53572a4bbbbbe3fa13eb41,MAN-000133|f1fb464415923ed6
MAN-000134,2026-02,WH-009,VEH-0009,VALIDATED,1808,92.98,204,BLOCKED,OFF-00001,2026-02-05T10:00:00,,,7ecee0c462a89a1ab99692370a2a3880d19aecd3da7571ce858cf25b185c78d1,MAN-000134|7ecee0c462a89a1a
MAN-000135,2026-02,WH-009,VEH-0109,VALIDATED,1897,135.78,298,BLOCKED,OFF-00001,2026-02-05T10:00:00,,,330e9eff02c4b76f8bd685762765a31a8d94b33fb9120ce51075597dcd23a04a,MAN-000135|330e9eff02c4b76f
MAN-000136,2026-02,WH-009,VEH-0109,DRAFT,1767,87.85,193,BLOCKED,OFF-00001,2026-02-05T10:00:00,,,3bf883a0edda091afc4d972a368d98d899e581d4f2b86e7e4ef71db66b845b9e,MAN-000136|3bf883a0edda091a
MAN-000137,2026-02,WH-010,VEH-0035,VALIDATED,1856,153.67,338,BLOCKED,OFF-00001,2026-02-05T10:00:00,,,eaedf1cca0a7bcd3144db39604abf05b54322c9aab84ea6fdffb5deecefaf661,MAN-000137|eaedf1cca0a7bcd3
MAN-000138,2026-02,WH-010,VEH-0010,DRAFT,1674,109.81,241,BLOCKED,OFF-00001,2026-02-05T10:00:00,,,2802da91680926a7a2bd119c2b75a4b8b786d10e4d716e957fb6392966f2d0a9,MAN-000138|2802da91680926a7
MAN-000139,2026-02,WH-010,VEH-0085,DRAFT,1993,133.77,294,BLOCKED,OFF-00001,2026-02-05T10:00:00,,,3d3de19fd3e76bad4d024fd8dc33da95397dae6e766ae4db78a1f07db87bba79,MAN-000139|3d3de19fd3e76bad
MAN-000140,2026-02,WH-010,VEH-0035,DRAFT,1767,114.69,252,BLOCKED,OFF-00001,2026-02-05T10:00:00,,,24f5157970f95f5ef347438eecbe98e2c768dfcd4d1beaa4fa3bdb9a12f472da,MAN-000140|24f5157970f95f5e
MAN-000141,2026-02,WH-011,VEH-0011,VALIDATED,1827,140.4,308,BLOCKED,OFF-00001,2026-02-05T10:00:00,,,498b2a4e3b0a19caa2cab6ab245b80c6dc5d7f34768e151336e84b9add7b015d,MAN-000141|498b2a4e3b0a19ca
MAN-000142,2026-02,WH-011,VEH-0011,VALIDATED,1886,90.53,199,BLOCKED,OFF-00001,2026-02-05T10:00:00,,,8fca7145cda7d74b6d6f937687b7e8150f107edd1c995fbb15dee1d70e2cf1ca,MAN-000142|8fca7145cda7d74b
MAN-000143,2026-02,WH-011,VEH-0136,LOCKED,1829,132.74,292,READY,OFF-00001,2026-02-05T10:00:00,OFF-00001,2026-02-06T14:00:00,b4e69ebfe1e09a4a1a268aaee0baae514558f842614573a2ccf1317afb47e5b7,MAN-000143|b4e69ebfe1e09a4a
MAN-000144,2026-02,WH-011,VEH-0036,VALIDATED,1781,108.78,239,BLOCKED,OFF-00001,2026-02-05T10:00:00,,,f09a4bb9f637042263b6c2ea49dab361792ccfa5e8923ba71390786e1814cec4,MAN-000144|f09a4bb9f6370422
MAN-000145,2026-02,WH-012,VEH-0112,LOCKED,1837,133.15,292,READY,OFF-00001,2026-02-05T10:00:00,OFF-00001,2026-02-06T14:00:00,bff0012fbc40ef290531687552dc29df8b220dc4da9c24b60776e4bbde852649,MAN-000145|bff0012fbc40ef29
MAN-000146,2026-02,WH-012,VEH-0112,LOCKED,1740,93.81,206,READY,OFF-00001,2026-02-05T10:00:00,OFF-00001,2026-02-06T14:00:00,788af4517088bb9ce7ac9f9f74000061d1d71ca9e828d62c092b243a459e6610,MAN-000146|788af4517088bb9c
MAN-000147,2026-02,WH-012,VEH-0137,LOCKED,1930,135.66,298,READY,OFF-00001,2026-02-05T10:00:00,OFF-00001,2026-02-06T14:00:00,e9e469e6f6acdce28024f6ef374e0432fe57e64ea91bd36d1fd279c0d60ed526,MAN-000147|e9e469e6f6acdce2
MAN-000148,2026-02,WH-012,VEH-0112,LOCKED,1899,93.36,205,READY,OFF-00001,2026-02-05T10:00:00,OFF-00001,2026-02-06T14:00:00,2c45b071f33e8425ea9105a62eda7ac6ed0bd3f4e978ec49b273de08231c2510,MAN-000148|2c45b071f33e8425
MAN-000149,2026-02,WH-013,VEH-0088,DRAFT,1783,103.19,227,BLOCKED,OFF-00001,2026-02-05T10:00:00,,,1154c13b824bea735276cf26a97eecba0cfaba9573c8232d6620ba7d64f0627e,MAN-000149|1154c13b824bea73
MAN-000150,2026-02,WH-013,VEH-0138,LOCKED,1976,140.02,308,READY,OFF-00001,2026-02-05T10:00:00,OFF-00001,2026-02-06T14:00:00,2158dff56b43bfaf5f1f6c3569df8c6288f528e1ed655563ed895fdd0c389c03,MAN-000150|2158dff56b43bfaf
MAN-000151,2026-02,WH-013,VEH-0013,DRAFT,1866,115.26,253,BLOCKED,OFF-00001,2026-02-05T10:00:00,,,ff4f77bd7c15e9f8e4c4638535ca026c5ff66af994d981835429ce2b85261a01,MAN-000151|ff4f77bd7c15e9f8
MAN-000152,2026-02,WH-013,VEH-0113,DRAFT,1742,102.79,226,BLOCKED,OFF-00001,2026-02-05T10:00:00,,,3e49cfa297728bb509d20892a2f5a737e09f5a1a1a955f0c964b6d3c98a11c21,MAN-000152|3e49cfa297728bb5
MAN-000153,2026-02,WH-014,VEH-0064,LOCKED,1685,139.32,306,READY,OFF-00001,2026-02-05T10:00:00,OFF-00001,2026-02-06T14:00:00,426cf1ad4240aae257a25274fc3760ac86f751ec3b9afae5babcd8d73ce9af76,MAN-000153|426cf1ad4240aae2
MAN-000154,2026-02,WH-014,VEH-0039,LOCKED,1792,137.01,301,READY,OFF-00001,2026-02-05T10:00:00,OFF-00001,2026-02-06T14:00:00,0b795759d9f7f5771e2587fef67fd76319468a8e403c3050d8714f7696a5fbf4,MAN-000154|0b795759d9f7f577
MAN-000155,2026-02,WH-014,VEH-0114,DRAFT,1738,124.58,274,BLOCKED,OFF-00001,2026-02-05T10:00:00,,,62b495c8f8e077282b0bce47b1ceebe2e5ce51ffd9ea845bcd8379037f97e886,MAN-000155|62b495c8f8e07728
MAN-000156,2026-02,WH-014,VEH-0014,VALIDATED,1826,110.76,243,BLOCKED,OFF-00001,2026-02-05T10:00:00,,,c447df74e421ea7a2ecf1e1c319ac0306a458014bc894af84a45d74afbe0ad03,MAN-000156|c447df74e421ea7a
MAN-000157,2026-02,WH-015,VEH-0140,LOCKED,1619,105.82,232,READY,OFF-00001,2026-02-05T10:00:00,OFF-00001,2026-02-06T14:00:00,b346e708b4af3ad7f76a05d31cc4d5164a25d2197a013e7a23ebd6e75cf6ca3f,MAN-000157|b346e708b4af3ad7
MAN-000158,2026-02,WH-015,VEH-0115,VALIDATED,1885,113.61,249,READY,OFF-00001,2026-02-05T10:00:00,,,668b7f0415520de111c713ac16a140f9606d1a76ab79797e4dfcbe8979afe0c6,MAN-000158|668b7f0415520de1
MAN-000159,2026-02,WH-015,VEH-0015,DRAFT,1603,126.33,277,BLOCKED,OFF-00001,2026-02-05T10:00:00,,,c9795a1a9df79f4c52ed3b21ae32c2ff389119dcec22bc670158ef0b5dc8d3cb,MAN-000159|c9795a1a9df79f4c
MAN-000160,2026-02,WH-015,VEH-0140,LOCKED,1804,158.13,347,READY,OFF-00001,2026-02-05T10:00:00,OFF-00001,2026-02-06T14:00:00,094897e0616823ea17b0e24648e9795d82fd576730f4f920b921c6d9731bf70f,MAN-000160|094897e0616823ea
MAN-000161,2026-02,WH-016,VEH-0091,LOCKED,1832,89.79,197,READY,OFF-00001,2026-02-05T10:00:00,OFF-00001,2026-02-06T14:00:00,d04d38eb74a10fb7327ababdad5796ced7e9b87b98b966858938505295e94291,MAN-000161|d04d38eb74a10fb7
MAN-000162,2026-02,WH-016,VEH-0141,VALIDATED,1629,109.87,241,BLOCKED,OFF-00001,2026-02-05T10:00:00,,,8e40bee6a1b48bf5ae58089989be7f66e718b65b5cad9816438d5173340fd8ca,MAN-000162|8e40bee6a1b48bf5
MAN-000163,2026-02,WH-016,VEH-0091,LOCKED,1676,128.7,283,READY,OFF-00001,2026-02-05T10:00:00,OFF-00001,2026-02-06T14:00:00,404da08d8f43ccb131bcdd1dbbc353eb79060ee17197d2a4e5c932739a7790a8,MAN-000163|404da08d8f43ccb1
MAN-000164,2026-02,WH-016,VEH-0016,VALIDATED,1814,113.98,250,READY,OFF-00001,2026-02-05T10:00:00,,,1d28a11f52c5640ff8640b38c138401d6bf29920091fc613677f72e25de10e24,MAN-000164|1d28a11f52c5640f
MAN-000165,2026-02,WH-017,VEH-0117,LOCKED,1725,99.7,219,READY,OFF-00001,2026-02-05T10:00:00,OFF-00001,2026-02-06T14:00:00,cb50a9f8af4a49e8350adc8545f6cd64cd8c9b7cc102bf839424eec4b3908bac,MAN-000165|cb50a9f8af4a49e8
MAN-000166,2026-02,WH-017,VEH-0067,VALIDATED,1698,119.07,261,BLOCKED,OFF-00001,2026-02-05T10:00:00,,,f984de2e71a40417a8f6cca4579e0eb222df340a3a6da7e6b09c2302fb922cd8,MAN-000166|f984de2e71a40417
MAN-000167,2026-02,WH-017,VEH-0017,DRAFT,1911,110.32,242,BLOCKED,OFF-00001,2026-02-05T10:00:00,,,28c34d0907e6ee19cee2359394ed67922089f2aec788db98c604c757ebfcaef3,MAN-000167|28c34d0907e6ee19
MAN-000168,2026-02,WH-017,VEH-0017,VALIDATED,1679,94.77,208,BLOCKED,OFF-00001,2026-02-05T10:00:00,,,8075e628b468b2fe2d8114a07ae40a9adef16fb8d772e64cb5c726510440f21e,MAN-000168|8075e628b468b2fe
MAN-000169,2026-02,WH-018,VEH-0068,VALIDATED,1849,138.94,305,BLOCKED,OFF-00001,2026-02-05T10:00:00,,,662c094264bf617a8161f21114e09b9d3ecab6f19a4ffc987579084129e8cfd3,MAN-000169|662c094264bf617a
MAN-000170,2026-02,WH-018,VEH-0018,DRAFT,1940,126.95,279,BLOCKED,OFF-00001,2026-02-05T10:00:00,,,8fabdde47e4606bd8e948a38319b45b2b96afaeaac33a0b812e24a686a86781b,MAN-000170|8fabdde47e4606bd
MAN-000171,2026-02,WH-018,VEH-0143,LOCKED,1856,133.4,293,READY,OFF-00001,2026-02-05T10:00:00,OFF-00001,2026-02-06T14:00:00,6fa92c1f08358e63c6973912fa1dd2976cfca0589a261abe991006ea571aee6e,MAN-000171|6fa92c1f08358e63
MAN-000172,2026-02,WH-018,VEH-0118,DRAFT,1938,153.24,337,BLOCKED,OFF-00001,2026-02-05T10:00:00,,,7eba8746032e571937e849c51d1ff1fe46e2470644832c7fc713b8f765fb0de0,MAN-000172|7eba8746032e5719
MAN-000173,2026-02,WH-019,VEH-0019,VALIDATED,1854,124.09,272,BLOCKED,OFF-00001,2026-02-05T10:00:00,,,5240a4b5a20478bd6472c5ad771251c6d6ce0bd1b28d29269f32f4f1f7dd1ab0,MAN-000173|5240a4b5a20478bd
MAN-000174,2026-02,WH-019,VEH-0144,LOCKED,1819,97.39,214,READY,OFF-00001,2026-02-05T10:00:00,OFF-00001,2026-02-06T14:00:00,71d401fda737ef169305ab0586a88cc396b6f7a5467434998967d09de8e3ea05,MAN-000174|71d401fda737ef16
MAN-000175,2026-02,WH-019,VEH-0044,VALIDATED,1919,86.51,190,BLOCKED,OFF-00001,2026-02-05T10:00:00,,,8d1c306228a63f3ad1096f447f5bdf7e3b81e9f9f267868168dadd666c018556,MAN-000175|8d1c306228a63f3a
MAN-000176,2026-02,WH-019,VEH-0069,LOCKED,1684,134.86,296,READY,OFF-00001,2026-02-05T10:00:00,OFF-00001,2026-02-06T14:00:00,eb9057089502dc0fa6de3533c10fb8caf8576bd750dde9b7e1ad58fc7d6fb79c,MAN-000176|eb9057089502dc0f
MAN-000177,2026-02,WH-020,VEH-0070,LOCKED,1855,137.04,301,READY,OFF-00001,2026-02-05T10:00:00,OFF-00001,2026-02-06T14:00:00,1307ca1dc16e0de5579706326ec7110e5fa8cd3b756acbd537af98cce235cdb7,MAN-000177|1307ca1dc16e0de5
MAN-000178,2026-02,WH-020,VEH-0145,DRAFT,1658,97.79,215,BLOCKED,OFF-00001,2026-02-05T10:00:00,,,82f2f3f796e79b065f381b2c429ff7e6cca5a138e7d2d3f9e32037d30e513a62,MAN-000178|82f2f3f796e79b06
MAN-000179,2026-02,WH-020,VEH-0145,DRAFT,1655,135.41,297,BLOCKED,OFF-00001,2026-02-05T10:00:00,,,00f9d740b30929743ee6ae3182b36e5b811a0bcbea1ead7f8d1dc347c2ee069a,MAN-000179|00f9d740b3092974
MAN-000180,2026-02,WH-020,VEH-0120,LOCKED,1683,94.16,207,READY,OFF-00001,2026-02-05T10:00:00,OFF-00001,2026-02-06T14:00:00,a2e0ac1cd83ad93405accd25fb34893c5de92af81f52b892e5376abbf8f3b3dc,MAN-000180|a2e0ac1cd83ad934
MAN-000181,2026-02,WH-021,VEH-0146,LOCKED,1663,126.2,277,READY,OFF-00001,2026-02-05T10:00:00,OFF-00001,2026-02-06T14:00:00,3a20c72805141a12321fabc501508f0d22e86a9acf8cf70f6bc80c1ff66cdc65,MAN-000181|3a20c72805141a12
MAN-000182,2026-02,WH-021,VEH-0021,VALIDATED,1875,113.16,248,BLOCKED,OFF-00001,2026-02-05T10:00:00,,,f29f819377c15d6dea1ebe98c7d05b674a96d023ec3858752803f1d7f33f15bb,MAN-000182|f29f819377c15d6d
MAN-000183,2026-02,WH-021,VEH-0146,VALIDATED,2015,102.98,226,BLOCKED,OFF-00001,2026-02-05T10:00:00,,,dc304f86b620b0ec63c696e7520f00faee3eb0687c38241800a19fe7e2c2d872,MAN-000183|dc304f86b620b0ec
MAN-000184,2026-02,WH-021,VEH-0021,DRAFT,1818,197.81,435,BLOCKED,OFF-00001,2026-02-05T10:00:00,,,1c5f9eae57f296085ce17a03a53fe5a829d79b8d2ea393b4ab2dd9cd97166cbb,MAN-000184|1c5f9eae57f29608
MAN-000185,2026-02,WH-022,VEH-0022,VALIDATED,1917,110.56,243,BLOCKED,OFF-00001,2026-02-05T10:00:00,,,93cd4d8c3e4cbc5d9711310e5658df51826730ba735858ab493990af6588595d,MAN-000185|93cd4d8c3e4cbc5d
MAN-000186,2026-02,WH-022,VEH-0147,VALIDATED,1839,139.58,307,BLOCKED,OFF-00001,2026-02-05T10:00:00,,,de5464c52e17d5cea85aec1ca9c144ac77fe42fa3d77ecfa942c884a88d409c9,MAN-000186|de5464c52e17d5ce
MAN-000187,2026-02,WH-022,VEH-0147,VALIDATED,2203,122.13,268,BLOCKED,OFF-00001,2026-02-05T10:00:00,,,020159c008b3090e37237decf9ffc117986d2ce11d5d651df1b3a8cbcc155669,MAN-000187|020159c008b3090e
MAN-000188,2026-02,WH-022,VEH-0097,VALIDATED,1898,121.97,268,READY,OFF-00001,2026-02-05T10:00:00,,,60c1228d7f092a730e67be60e989fce9bec0af2c65d2591590521b62dca09980,MAN-000188|60c1228d7f092a73
MAN-000189,2026-02,WH-023,VEH-0148,VALIDATED,1782,112.04,246,BLOCKED,OFF-00001,2026-02-05T10:00:00,,,2f99a414122cba8dc56c2d35998f7476121c04920425a645a0d73490713ffd10,MAN-000189|2f99a414122cba8d
MAN-000190,2026-02,WH-023,VEH-0073,LOCKED,1734,132.86,292,READY,OFF-00001,2026-02-05T10:00:00,OFF-00001,2026-02-06T14:00:00,4ecd0d172bdbec4595fa5bfa22a42e6ddce3ec4d33a1f39dbcd0fa5be58f468c,MAN-000190|4ecd0d172bdbec45
MAN-000191,2026-02,WH-023,VEH-0123,LOCKED,2167,93.38,205,READY,OFF-00001,2026-02-05T10:00:00,OFF-00001,2026-02-06T14:00:00,d62d71777cb51b0a4de5351cd6e14e6fc72c2224b5435b5d492ad959f3a21c9c,MAN-000191|d62d71777cb51b0a
MAN-000192,2026-02,WH-023,VEH-0098,DRAFT,1883,141.63,311,BLOCKED,OFF-00001,2026-02-05T10:00:00,,,d83ed8e23a3a61ecc74212963a566e41281372bde182517c9118adcf014378b1,MAN-000192|d83ed8e23a3a61ec
MAN-000193,2026-02,WH-024,VEH-0074,LOCKED,1629,149.41,328,READY,OFF-00001,2026-02-05T10:00:00,OFF-00001,2026-02-06T14:00:00,4f3a2a74cca1a8f6ca8a689cd9f398d771a9895f554205ff260f1f9c36e0bde1,MAN-000193|4f3a2a74cca1a8f6
MAN-000194,2026-02,WH-024,VEH-0074,LOCKED,1892,88.5,194,READY,OFF-00001,2026-02-05T10:00:00,OFF-00001,2026-02-06T14:00:00,4adfc3b20e62a554d7b956ba10ff6aa4e6b6289c14f001df43a7f187d705926a,MAN-000194|4adfc3b20e62a554
MAN-000195,2026-02,WH-024,VEH-0124,DRAFT,2105,145.06,319,BLOCKED,OFF-00001,2026-02-05T10:00:00,,,009b35665d55ebdff4711b12d1ec9fb261c676233acb001b611368a313fbe8a9,MAN-000195|009b35665d55ebdf
MAN-000196,2026-02,WH-024,VEH-0024,LOCKED,1832,118.49,260,READY,OFF-00001,2026-02-05T10:00:00,OFF-00001,2026-02-06T14:00:00,5784546677db65eca992bfadb745a08d2e2aa514f9a1f125e0cd041b10fb1faa,MAN-000196|5784546677db65ec
MAN-000197,2026-02,WH-025,VEH-0075,DRAFT,1820,107.24,235,BLOCKED,OFF-00001,2026-02-05T10:00:00,,,b5baa28c6fd0cf39fc9c290503db248d303e8fe493b8e61c4884bfca23ed36f9,MAN-000197|b5baa28c6fd0cf39
MAN-000198,2026-02,WH-025,VEH-0125,DRAFT,1627,122.63,269,BLOCKED,OFF-00001,2026-02-05T10:00:00,,,c880ecb1f5cb4e1f06b544bb39e46d63e5df0d62dc5298c23f1d159ced4cc71a,MAN-000198|c880ecb1f5cb4e1f
MAN-000199,2026-02,WH-025,VEH-0025,DRAFT,1834,109.01,239,BLOCKED,OFF-00001,2026-02-05T10:00:00,,,19aff8f3ebd152036687dfae5d4f6f443c4a4d4adef3c3a63237c9b4fef430c3,MAN-000199|19aff8f3ebd15203
MAN-000200,2026-02,WH-025,VEH-0050,LOCKED,1846,101.72,223,READY,OFF-00001,2026-02-05T10:00:00,OFF-00001,2026-02-06T14:00:00,5b99196778fee1fd7fe222041800f8398147a6e7fc5f9feef151c226315d25b6,MAN-000200|5b99196778fee1fd
MAN-000201,2026-03,WH-001,VEH-0026,LOCKED,2374,130.38,286,READY,OFF-00001,2026-03-05T10:00:00,OFF-00001,2026-03-06T14:00:00,45d61d54cbe6d9c51fa3173e69f9c0ad2dbfd91dec927d5ac5bf47f2e224912c,MAN-000201|45d61d54cbe6d9c5
MAN-000202,2026-03,WH-001,VEH-0076,LOCKED,2473,89.21,196,READY,OFF-00001,2026-03-05T10:00:00,OFF-00001,2026-03-06T14:00:00,4095bc6e14a43a4e746bd5b96e9a2d36e514a2534b00c3d7faf8a0a7a569534c,MAN-000202|4095bc6e14a43a4e
MAN-000203,2026-03,WH-001,VEH-0076,LOCKED,2442,151.94,334,READY,OFF-00001,2026-03-05T10:00:00,OFF-00001,2026-03-06T14:00:00,7a0c5248cfc4b4e3b8c88efb0fa8c9a25361d9e9356944e4dde6f1c874027ce8,MAN-000203|7a0c5248cfc4b4e3
MAN-000204,2026-03,WH-001,VEH-0051,DRAFT,2405,161.96,356,BLOCKED,OFF-00001,2026-03-05T10:00:00,,,113f6df7fa0da1dd997250de71b45adf5686cbb39f4ceb5fc4741116fb244ae6,MAN-000204|113f6df7fa0da1dd
MAN-000205,2026-03,WH-002,VEH-0027,LOCKED,2386,109.11,240,READY,OFF-00001,2026-03-05T10:00:00,OFF-00001,2026-03-06T14:00:00,c3898cd50b26be0e2bddb20608d8697f0c227b6edfbe55ad129ce06a2d1f60cf,MAN-000205|c3898cd50b26be0e
MAN-000206,2026-03,WH-002,VEH-0052,LOCKED,2404,119.87,263,READY,OFF-00001,2026-03-05T10:00:00,OFF-00001,2026-03-06T14:00:00,b56ab9eaee789e0c3cbb39ea40672bb878aacca39af9ae747c5ac66531058bec,MAN-000206|b56ab9eaee789e0c
MAN-000207,2026-03,WH-002,VEH-0127,LOCKED,2380,105.87,232,READY,OFF-00001,2026-03-05T10:00:00,OFF-00001,2026-03-06T14:00:00,bccebc9a2ee2bafc11acaafe3c0567518bf7bf237731b1cad0dc5ef88471b210,MAN-000207|bccebc9a2ee2bafc
MAN-000208,2026-03,WH-002,VEH-0102,LOCKED,2325,118.56,260,READY,OFF-00001,2026-03-05T10:00:00,OFF-00001,2026-03-06T14:00:00,5a842ebe7beb599401b649024677394b3672edc5a349b27ce6069d13dfef09e5,MAN-000208|5a842ebe7beb5994
MAN-000209,2026-03,WH-003,VEH-0128,LOCKED,2571,69.23,152,READY,OFF-00001,2026-03-05T10:00:00,OFF-00001,2026-03-06T14:00:00,357d001295b69855fb5934b784e6eeb09ef7fe2c7f088ddb2286d2032ad4933c,MAN-000209|357d001295b69855
MAN-000210,2026-03,WH-003,VEH-0103,VALIDATED,2378,104.92,230,BLOCKED,OFF-00001,2026-03-05T10:00:00,,,48775408b4768b22031e459383b6bf1476b089dea36d395ba5b08989918939d3,MAN-000210|48775408b4768b22
MAN-000211,2026-03,WH-003,VEH-0103,VALIDATED,2389,111.41,245,BLOCKED,OFF-00001,2026-03-05T10:00:00,,,9baaf06f1b47869a0dafc1a58d1339ae0b971d3a837cb1a0975c40e75b860101,MAN-000211|9baaf06f1b47869a
MAN-000212,2026-03,WH-003,VEH-0103,DRAFT,2391,79.2,174,BLOCKED,OFF-00001,2026-03-05T10:00:00,,,b69b9bc92d27a2b4649440480377430cfb3d4a0bbd4e1cd5912840a8763da7a1,MAN-000212|b69b9bc92d27a2b4
MAN-000213,2026-03,WH-004,VEH-0104,LOCKED,2454,134.36,295,READY,OFF-00001,2026-03-05T10:00:00,OFF-00001,2026-03-06T14:00:00,b17963188179fb6e262523055354facd63af9106a918aca4e85298727b98ec4c,MAN-000213|b17963188179fb6e
MAN-000214,2026-03,WH-004,VEH-0054,VALIDATED,2358,128.86,283,BLOCKED,OFF-00001,2026-03-05T10:00:00,,,84525aa3262e3401a15df51c6cb0c7afff0ef37911f5589c72f5e9f80568b7c9,MAN-000214|84525aa3262e3401
MAN-000215,2026-03,WH-004,VEH-0129,DRAFT,2390,126.47,278,BLOCKED,OFF-00001,2026-03-05T10:00:00,,,7bc43343fa45bfa72a24fb110725e299e90169c537113912f6e9607a7e9a4b2c,MAN-000215|7bc43343fa45bfa7
MAN-000216,2026-03,WH-004,VEH-0004,LOCKED,2458,154.4,339,READY,OFF-00001,2026-03-05T10:00:00,OFF-00001,2026-03-06T14:00:00,1f501c61ec6997c8b4e5ce1744acea865ca256f5a4aa44ed2bae1cea67dd631f,MAN-000216|1f501c61ec6997c8
MAN-000217,2026-03,WH-005,VEH-0080,VALIDATED,2399,94.44,207,BLOCKED,OFF-00001,2026-03-05T10:00:00,,,22e203a4e8fef00875bada0aee02b6934d2230439adae8862c69107ba33dbb0f,MAN-000217|22e203a4e8fef008
MAN-000218,2026-03,WH-005,VEH-0130,VALIDATED,2385,136.23,299,BLOCKED,OFF-00001,2026-03-05T10:00:00,,,d5a66f6e2e69ca5142040327a233fb2e624d923dcd3b5da117a63ac2ecb9f394,MAN-000218|d5a66f6e2e69ca51
MAN-000219,2026-03,WH-005,VEH-0005,VALIDATED,2569,162.64,357,BLOCKED,OFF-00001,2026-03-05T10:00:00,,,6c59e1c8687e5a9d820ee2f259a28bbb2285983dfd0a3fc3ab74978656f42c2c,MAN-000219|6c59e1c8687e5a9d
MAN-000220,2026-03,WH-005,VEH-0055,LOCKED,2337,94.55,208,READY,OFF-00001,2026-03-05T10:00:00,OFF-00001,2026-03-06T14:00:00,ba261fa84fe96597734effbd956fd6587ccbe054ebbd412b42886ade3af1e497,MAN-000220|ba261fa84fe96597
MAN-000221,2026-03,WH-006,VEH-0006,DRAFT,2347,165.42,363,BLOCKED,OFF-00001,2026-03-05T10:00:00,,,7a853433b4ac351d47b6be5a4ac6fc3ebffd5033ad8750937e62a9ac0475cc29,MAN-000221|7a853433b4ac351d
MAN-000222,2026-03,WH-006,VEH-0031,DRAFT,2457,136.41,300,BLOCKED,OFF-00001,2026-03-05T10:00:00,,,f1813372a26849f11dfc03457bf907049d7acf5e4069a13fa8fda42677af788a,MAN-000222|f1813372a26849f1
MAN-000223,2026-03,WH-006,VEH-0081,VALIDATED,2394,156.23,343,BLOCKED,OFF-00001,2026-03-05T10:00:00,,,ee68e5b53993f6c74de1e7476a64616a897a643c8ef4448862470e861af29d2b,MAN-000223|ee68e5b53993f6c7
MAN-000224,2026-03,WH-006,VEH-0056,DRAFT,2396,68.04,149,BLOCKED,OFF-00001,2026-03-05T10:00:00,,,87273db6a080139701b7f4592e43a14c0a567ffee81a67f7865a116cdbbb7e28,MAN-000224|87273db6a0801397
MAN-000225,2026-03,WH-007,VEH-0107,DRAFT,2457,116.81,256,BLOCKED,OFF-00001,2026-03-05T10:00:00,,,ff306da8ddbe480626e6dcc48541f9bf3e78259a0a986468db3863aec1df7b81,MAN-000225|ff306da8ddbe4806
MAN-000226,2026-03,WH-007,VEH-0082,LOCKED,2400,126.21,277,READY,OFF-00001,2026-03-05T10:00:00,OFF-00001,2026-03-06T14:00:00,63fc70e944cebc387856b4d5cbe5ecf20ea2a50adf5f890e095f165b9124ee2f,MAN-000226|63fc70e944cebc38
MAN-000227,2026-03,WH-007,VEH-0057,LOCKED,2647,134.31,295,READY,OFF-00001,2026-03-05T10:00:00,OFF-00001,2026-03-06T14:00:00,8f5680513c4ff81cd1e0ec63c0203e324bdb4e24452b512b1cda0215c62565ca,MAN-000227|8f5680513c4ff81c
MAN-000228,2026-03,WH-007,VEH-0057,VALIDATED,2381,91.92,202,READY,OFF-00001,2026-03-05T10:00:00,,,4bf7b8bcbbbb6235d516e12ed41c6f6b807d76afc6cc34e0a557bb930841a56c,MAN-000228|4bf7b8bcbbbb6235
MAN-000229,2026-03,WH-008,VEH-0133,LOCKED,2614,126.31,277,READY,OFF-00001,2026-03-05T10:00:00,OFF-00001,2026-03-06T14:00:00,87c4e73b33bbc53794eed5412127d6737a9947c1075c83e9d02492f9eff6d0a6,MAN-000229|87c4e73b33bbc537
MAN-000230,2026-03,WH-008,VEH-0058,VALIDATED,2330,115.88,254,READY,OFF-00001,2026-03-05T10:00:00,,,869eb8cb5f48e8a4a93281c46c5b0a99691739abe4877fde5d84f4637b492632,MAN-000230|869eb8cb5f48e8a4
MAN-000231,2026-03,WH-008,VEH-0033,VALIDATED,2420,84.53,185,BLOCKED,OFF-00001,2026-03-05T10:00:00,,,7edcea9bfbc7edbaa6af5045c4fddc4f6ee2906e589c8d74f087e4ae98db69d0,MAN-000231|7edcea9bfbc7edba
MAN-000232,2026-03,WH-008,VEH-0108,DRAFT,2397,86.25,189,BLOCKED,OFF-00001,2026-03-05T10:00:00,,,7579bbf0c1b30c33049a2a9ebafb3cd150441d50698735ab6f37053f377766b2,MAN-000232|7579bbf0c1b30c33
MAN-000233,2026-03,WH-009,VEH-0009,DRAFT,2415,121.31,266,BLOCKED,OFF-00001,2026-03-05T10:00:00,,,6646d83cbfb3957c0d8beb94a593935e5757499213042b1e01f1ca99154c6084,MAN-000233|6646d83cbfb3957c
MAN-000234,2026-03,WH-009,VEH-0034,LOCKED,2566,125.58,276,READY,OFF-00001,2026-03-05T10:00:00,OFF-00001,2026-03-06T14:00:00,c09cdeba8b712adf86524a8ea3334dd3ca4876a9bff60ae0363d65349d781098,MAN-000234|c09cdeba8b712adf
MAN-000235,2026-03,WH-009,VEH-0084,LOCKED,2396,151.12,332,READY,OFF-00001,2026-03-05T10:00:00,OFF-00001,2026-03-06T14:00:00,ea3d7d1544f98ba1a2642669295fd8097d756e1c6a594f1b8b3684441cac7383,MAN-000235|ea3d7d1544f98ba1
MAN-000236,2026-03,WH-009,VEH-0134,VALIDATED,2431,134.32,295,READY,OFF-00001,2026-03-05T10:00:00,,,a1e5f03af6b9eda99e54024099ce94c7e31665f4f6c40da475ed51baa3e3bf63,MAN-000236|a1e5f03af6b9eda9
MAN-000237,2026-03,WH-010,VEH-0110,LOCKED,2452,125.94,277,READY,OFF-00001,2026-03-05T10:00:00,OFF-00001,2026-03-06T14:00:00,2e9ce3c89abf3f1f9ad35b13c8e80be258d431fa64bc483f11a9842b8a95ba75,MAN-000237|2e9ce3c89abf3f1f
MAN-000238,2026-03,WH-010,VEH-0085,VALIDATED,2422,108.23,238,BLOCKED,OFF-00001,2026-03-05T10:00:00,,,a95492e85c53cfad69749120961d4c13f039dd9736aeaf1e0ce57e97fda7c453,MAN-000238|a95492e85c53cfad
MAN-000239,2026-03,WH-010,VEH-0085,VALIDATED,2400,84.87,186,BLOCKED,OFF-00001,2026-03-05T10:00:00,,,9c7b5582917223e7c68ddb2e13c220e6e21044dbacbdea7dd3e8b1970445ea71,MAN-000239|9c7b5582917223e7
MAN-000240,2026-03,WH-010,VEH-0135,VALIDATED,2537,137.85,303,BLOCKED,OFF-00001,2026-03-05T10:00:00,,,9abb7f2a207b39504b6d9019ffaa2f2cfd3ade92611f954f84812686f8683142,MAN-000240|9abb7f2a207b3950
MAN-000241,2026-03,WH-011,VEH-0136,LOCKED,2400,123.63,271,READY,OFF-00001,2026-03-05T10:00:00,OFF-00001,2026-03-06T14:00:00,67c270c719d6f9768ef7fa7a672c1a3af3a12837c56e6ad5d414e2e71a307caa,MAN-000241|67c270c719d6f976
MAN-000242,2026-03,WH-011,VEH-0011,VALIDATED,2438,73.86,162,BLOCKED,OFF-00001,2026-03-05T10:00:00,,,650978a7a2bd4daee4566b94804a492100a60229fecfc5cd55ab08683b181706,MAN-000242|650978a7a2bd4dae
MAN-000243,2026-03,WH-011,VEH-0111,DRAFT,2418,152.02,334,BLOCKED,OFF-00001,2026-03-05T10:00:00,,,4f4b44def722d44e9e38330c5e39512d4041640ffd5026c747858d9b7b6781ef,MAN-000243|4f4b44def722d44e
MAN-000244,2026-03,WH-011,VEH-0036,DRAFT,2338,106.31,233,BLOCKED,OFF-00001,2026-03-05T10:00:00,,,7d6052e138c58b901db485d1c72c673efba0836937085fff282273cad78efa0b,MAN-000244|7d6052e138c58b90
MAN-000245,2026-03,WH-012,VEH-0012,VALIDATED,2474,90.74,199,READY,OFF-00001,2026-03-05T10:00:00,,,9f6136353fe37c3d8e7990df11a41cedcbc6dfbbafa9390f82a4b05d5b6ae303,MAN-000245|9f6136353fe37c3d
MAN-000246,2026-03,WH-012,VEH-0137,LOCKED,2362,116.71,256,READY,OFF-00001,2026-03-05T10:00:00,OFF-00001,2026-03-06T14:00:00,4814ded5614851d96ee8acb4a5d45564889ae805ec50b2efcbdd231e15b09d40,MAN-000246|4814ded5614851d9
MAN-000247,2026-03,WH-012,VEH-0112,LOCKED,2259,103.51,227,READY,OFF-00001,2026-03-05T10:00:00,OFF-00001,2026-03-06T14:00:00,8fb9bb769e880d49eba6943d204e02ac541847737378566730174edf9f5dd299,MAN-000247|8fb9bb769e880d49
MAN-000248,2026-03,WH-012,VEH-0137,LOCKED,2585,135.42,297,READY,OFF-00001,2026-03-05T10:00:00,OFF-00001,2026-03-06T14:00:00,c68884585f9524ef9a0ba6e0293583655eef4fecf5cdc7ad58424f5e572ae20e,MAN-000248|c68884585f9524ef
MAN-000249,2026-03,WH-013,VEH-0113,VALIDATED,2388,94.38,207,BLOCKED,OFF-00001,2026-03-05T10:00:00,,,47ab041efa8e4e72b2ecf92926b6f05e4efdbd240ff28d5658b2d80ad9b398a0,MAN-000249|47ab041efa8e4e72
MAN-000250,2026-03,WH-013,VEH-0138,LOCKED,2589,97.53,214,READY,OFF-00001,2026-03-05T10:00:00,OFF-00001,2026-03-06T14:00:00,40179d64dd1faf251bee16a150eb779463c4108a2e5e92c11a26741c1e3cfd2a,MAN-000250|40179d64dd1faf25
MAN-000251,2026-03,WH-013,VEH-0038,LOCKED,2390,136.47,300,READY,OFF-00001,2026-03-05T10:00:00,OFF-00001,2026-03-06T14:00:00,5c1493688bb9ccee50a6a7a922065950dfea636b7a486d1dc7707b1eb0947cbe,MAN-000251|5c1493688bb9ccee
MAN-000252,2026-03,WH-013,VEH-0063,DRAFT,2358,97.95,215,BLOCKED,OFF-00001,2026-03-05T10:00:00,,,f43f72ee56897f71bda87395a0a5c27c3b5a03eaff7e629a21fa760c58ef22e1,MAN-000252|f43f72ee56897f71
MAN-000253,2026-03,WH-014,VEH-0039,LOCKED,2342,120.3,264,READY,OFF-00001,2026-03-05T10:00:00,OFF-00001,2026-03-06T14:00:00,640a2f8e294e31c0faa801ece1aa1ee6669138caf5912aaf8cf91657f11575db,MAN-000253|640a2f8e294e31c0
MAN-000254,2026-03,WH-014,VEH-0039,LOCKED,2396,128.74,283,READY,OFF-00001,2026-03-05T10:00:00,OFF-00001,2026-03-06T14:00:00,b280a9a64c85d1b30fc890f3d354a1de131fc04c6808955dfedf64fa04585719,MAN-000254|b280a9a64c85d1b3
MAN-000255,2026-03,WH-014,VEH-0114,VALIDATED,2433,113.08,248,BLOCKED,OFF-00001,2026-03-05T10:00:00,,,4d1a8381e91b65097caee1206bb0239ebef9637d91a90c81e44cae95d562ee80,MAN-000255|4d1a8381e91b6509
MAN-000256,2026-03,WH-014,VEH-0039,LOCKED,2351,167.77,369,READY,OFF-00001,2026-03-05T10:00:00,OFF-00001,2026-03-06T14:00:00,2858de14980c138d0153d823e2a3a75bad13b19bc5e786c02fc249f6b25e36a8,MAN-000256|2858de14980c138d
MAN-000257,2026-03,WH-015,VEH-0090,DRAFT,2339,97.83,215,BLOCKED,OFF-00001,2026-03-05T10:00:00,,,765fb3f57b85ef7d03a11a6ee946a35ad30adb7316572c2b0c140a5e57d232b8,MAN-000257|765fb3f57b85ef7d
MAN-000258,2026-03,WH-015,VEH-0090,VALIDATED,2394,87.27,191,BLOCKED,OFF-00001,2026-03-05T10:00:00,,,5d9b3b61b33a295217d3f2b1048f7e7072cc6d72f039a77467a49be549046864,MAN-000258|5d9b3b61b33a2952
MAN-000259,2026-03,WH-015,VEH-0015,DRAFT,2327,106.01,233,BLOCKED,OFF-00001,2026-03-05T10:00:00,,,a63c3f299d78b7d1df40e389c0f1e95eec121986a333cea9758826b6d44e005b,MAN-000259|a63c3f299d78b7d1
MAN-000260,2026-03,WH-015,VEH-0015,VALIDATED,2378,90.66,199,BLOCKED,OFF-00001,2026-03-05T10:00:00,,,90d7baae0b9fcdd254a9d5fc726c607a04259941a81da9c732e4fdca850182c0,MAN-000260|90d7baae0b9fcdd2
MAN-000261,2026-03,WH-016,VEH-0066,LOCKED,2264,106.4,234,READY,OFF-00001,2026-03-05T10:00:00,OFF-00001,2026-03-06T14:00:00,87cfb69ede5869d901e89819fa0f376b3a023f23876c3da57a44fa2c93ca410f,MAN-000261|87cfb69ede5869d9
MAN-000262,2026-03,WH-016,VEH-0116,LOCKED,2380,112.61,247,READY,OFF-00001,2026-03-05T10:00:00,OFF-00001,2026-03-06T14:00:00,1cfecb07de72bc0d734984d7c1244981ee9087c86bd31f6ec2a82a8290887eeb,MAN-000262|1cfecb07de72bc0d
MAN-000263,2026-03,WH-016,VEH-0141,VALIDATED,2468,111.05,244,BLOCKED,OFF-00001,2026-03-05T10:00:00,,,616efac4ea64ffdc39832bf2309103f86cec6e42b5b6aba135fb0997d38b3a1f,MAN-000263|616efac4ea64ffdc
MAN-000264,2026-03,WH-016,VEH-0116,VALIDATED,2319,119.24,262,BLOCKED,OFF-00001,2026-03-05T10:00:00,,,a0351885575e9bd15d9e1252e55a057f2ac4008c975a4ff5dcd89cdede4eb4f6,MAN-000264|a0351885575e9bd1
MAN-000265,2026-03,WH-017,VEH-0017,VALIDATED,2337,104.83,230,BLOCKED,OFF-00001,2026-03-05T10:00:00,,,9b2894ad4d56d81afc0a15556402ed3963b2030f201dfb4572558b5d562b73cf,MAN-000265|9b2894ad4d56d81a
MAN-000266,2026-03,WH-017,VEH-0092,DRAFT,2457,115.45,253,BLOCKED,OFF-00001,2026-03-05T10:00:00,,,5dc69e28b3b69705ef769032bcddf566742eaa8d32144f38ad408a86d0fbb295,MAN-000266|5dc69e28b3b69705
MAN-000267,2026-03,WH-017,VEH-0017,VALIDATED,2248,112.5,247,BLOCKED,OFF-00001,2026-03-05T10:00:00,,,51d30f3fbd4121e2a8448c2ccb06794a83f560226321ad8fd49f0c4d43b4a865,MAN-000267|51d30f3fbd4121e2
MAN-000268,2026-03,WH-017,VEH-0092,DRAFT,2404,70.76,155,BLOCKED,OFF-00001,2026-03-05T10:00:00,,,84cd8d0836ef205d68f26eb77b589e460e237e412d51ad668961eae0d5a94c31,MAN-000268|84cd8d0836ef205d
MAN-000269,2026-03,WH-018,VEH-0143,LOCKED,2334,100.18,220,READY,OFF-00001,2026-03-05T10:00:00,OFF-00001,2026-03-06T14:00:00,fcd0c4d179c2e8994f29ca0eeca9d2f8e169e15e8cba2d17661c4fbe5a70d7fb,MAN-000269|fcd0c4d179c2e899
MAN-000270,2026-03,WH-018,VEH-0068,VALIDATED,2640,102.48,225,BLOCKED,OFF-00001,2026-03-05T10:00:00,,,3cded6aa6d80e243ff0b36c41b2f4015623ed9a3a854740fb4e1658ad4ce90e5,MAN-000270|3cded6aa6d80e243
MAN-000271,2026-03,WH-018,VEH-0068,DRAFT,2313,100.97,222,BLOCKED,OFF-00001,2026-03-05T10:00:00,,,4b5c4cbbd61370660862e2c1e6dff1cd259f9ad98bd8e38e968f9e28050dc71c,MAN-000271|4b5c4cbbd6137066
MAN-000272,2026-03,WH-018,VEH-0118,DRAFT,2551,145.99,321,BLOCKED,OFF-00001,2026-03-05T10:00:00,,,f8ae417c10dcb5ff2f5afac65c9792c55ac93f360b6692d7237e2b6586153e4b,MAN-000272|f8ae417c10dcb5ff
MAN-000273,2026-03,WH-019,VEH-0144,VALIDATED,2398,151.84,334,READY,OFF-00001,2026-03-05T10:00:00,,,0134ab79cc26cbbeb795a6e41b60d63323fa1c77dc902d314c65419972ffe779,MAN-000273|0134ab79cc26cbbe
MAN-000274,2026-03,WH-019,VEH-0144,LOCKED,2455,128.35,282,READY,OFF-00001,2026-03-05T10:00:00,OFF-00001,2026-03-06T14:00:00,c574922b46baea9675049c9a9320af48d67690e2f273d43cd6e5e5be1bac5051,MAN-000274|c574922b46baea96
MAN-000275,2026-03,WH-019,VEH-0094,VALIDATED,2423,123.76,272,READY,OFF-00001,2026-03-05T10:00:00,,,031ba4198a6a7cb8aac9cbdc4f9fe95a00531197522972a02cacf3cdd749356a,MAN-000275|031ba4198a6a7cb8
MAN-000276,2026-03,WH-019,VEH-0019,VALIDATED,2381,81.49,179,READY,OFF-00001,2026-03-05T10:00:00,,,7d09060c6145a3d0c6373cbbc0fbbe323905676dfb3c61448286549a6cdba10e,MAN-000276|7d09060c6145a3d0
MAN-000277,2026-03,WH-020,VEH-0020,VALIDATED,2304,159.97,351,BLOCKED,OFF-00001,2026-03-05T10:00:00,,,36bce2bda78990b1c54c4e82ae3dc1c2a465c88ffc4b784570099785931765a2,MAN-000277|36bce2bda78990b1
MAN-000278,2026-03,WH-020,VEH-0145,DRAFT,2333,160.18,352,BLOCKED,OFF-00001,2026-03-05T10:00:00,,,12c31d90bf3163c9b79ca0a7b168576dd44a446f86672816797f70e21fe566c3,MAN-000278|12c31d90bf3163c9
MAN-000279,2026-03,WH-020,VEH-0145,VALIDATED,2539,101.05,222,BLOCKED,OFF-00001,2026-03-05T10:00:00,,,4b4bba7f6fd47d16a5369c47c011673e2bb707048fdfde02f70c4fb4a7f64a99,MAN-000279|4b4bba7f6fd47d16
MAN-000280,2026-03,WH-020,VEH-0095,VALIDATED,2377,80.6,177,READY,OFF-00001,2026-03-05T10:00:00,,,382d1330532541b76aaaf89a591bd75962a4c6de8c58f412c7e1ccf726330e8b,MAN-000280|382d1330532541b7
MAN-000281,2026-03,WH-021,VEH-0146,LOCKED,2331,126.77,278,READY,OFF-00001,2026-03-05T10:00:00,OFF-00001,2026-03-06T14:00:00,7e274ae381db0c37175aac8ee2d152d711ad56ad7092e78c6369263a16e967ac,MAN-000281|7e274ae381db0c37
MAN-000282,2026-03,WH-021,VEH-0146,VALIDATED,2299,168.17,369,BLOCKED,OFF-00001,2026-03-05T10:00:00,,,c3c72498bbe7c16642536f085ed6352a61198f967330682baa869592b6c1f40b,MAN-000282|c3c72498bbe7c166
MAN-000283,2026-03,WH-021,VEH-0071,LOCKED,2487,135.65,298,READY,OFF-00001,2026-03-05T10:00:00,OFF-00001,2026-03-06T14:00:00,8419dae45fdbed7e445c0c49baef3758be8b944cc5dce4e4fe156dee8bf87fe4,MAN-000283|8419dae45fdbed7e
MAN-000284,2026-03,WH-021,VEH-0096,LOCKED,2613,182.99,402,READY,OFF-00001,2026-03-05T10:00:00,OFF-00001,2026-03-06T14:00:00,e09bc8fc9ab019acbb41710d35a387ce61677eb7c1b13c5c030004bdd5494810,MAN-000284|e09bc8fc9ab019ac
MAN-000285,2026-03,WH-022,VEH-0022,VALIDATED,2913,93.81,206,BLOCKED,OFF-00001,2026-03-05T10:00:00,,,ccdb2816d894325904e961ad3d3661716e796bc32f93f7ac200c7c63fff56f2d,MAN-000285|ccdb2816d8943259
MAN-000286,2026-03,WH-022,VEH-0097,DRAFT,2444,160.6,353,BLOCKED,OFF-00001,2026-03-05T10:00:00,,,08e9828d50e8a7bfe552114a707ef1a6b5667f9912d222ffd17a16ae10f3d879,MAN-000286|08e9828d50e8a7bf
MAN-000287,2026-03,WH-022,VEH-0097,VALIDATED,2463,170.52,375,READY,OFF-00001,2026-03-05T10:00:00,,,1c67647a2963572bf93322cedb03c013050c39a0533d6cd6032306dbc2ec95fe,MAN-000287|1c67647a2963572b
MAN-000288,2026-03,WH-022,VEH-0047,DRAFT,2437,121.83,268,BLOCKED,OFF-00001,2026-03-05T10:00:00,,,5f189d8a4cd22cc9ac200d3c69d963ba4c34fa35c9031db229753431fe601589,MAN-000288|5f189d8a4cd22cc9
MAN-000289,2026-03,WH-023,VEH-0123,LOCKED,2330,95.87,210,READY,OFF-00001,2026-03-05T10:00:00,OFF-00001,2026-03-06T14:00:00,595a64caee0acf7cf6b39e21a9152a81ed1cc3eda25c3043604711f7bdeeb003,MAN-000289|595a64caee0acf7c
MAN-000290,2026-03,WH-023,VEH-0048,VALIDATED,2512,128.7,283,READY,OFF-00001,2026-03-05T10:00:00,,,82b4d9362359150d57d90ac6eaf8ede16be1327574c98a736cf6d7296c492c8d,MAN-000290|82b4d9362359150d
MAN-000291,2026-03,WH-023,VEH-0073,DRAFT,2448,160.68,353,BLOCKED,OFF-00001,2026-03-05T10:00:00,,,0a3d12a6ef60caf50246b5c04313c15e2b81cad40d55f9abaf6570fbeda7d801,MAN-000291|0a3d12a6ef60caf5
MAN-000292,2026-03,WH-023,VEH-0048,LOCKED,2595,110.66,243,READY,OFF-00001,2026-03-05T10:00:00,OFF-00001,2026-03-06T14:00:00,967ce42a6e0bd2365d4d499e9fb2a200f15066cfbcce9ba3215ea9479d1707e3,MAN-000292|967ce42a6e0bd236
MAN-000293,2026-03,WH-024,VEH-0049,VALIDATED,2362,134.0,294,BLOCKED,OFF-00001,2026-03-05T10:00:00,,,682d4e3bd3179458188f2191bbff6dd83ffc3ee641770f579c24f53bdc6b972d,MAN-000293|682d4e3bd3179458
MAN-000294,2026-03,WH-024,VEH-0074,VALIDATED,2416,48.24,106,BLOCKED,OFF-00001,2026-03-05T10:00:00,,,cdff8a790786a0721ca1a7fcceb72cb7a2ac96ad06050fb4781bfdb038c14662,MAN-000294|cdff8a790786a072
MAN-000295,2026-03,WH-024,VEH-0024,LOCKED,2611,135.76,298,READY,OFF-00001,2026-03-05T10:00:00,OFF-00001,2026-03-06T14:00:00,53d1e9b76a31263b4e19368ff8ab4e527e2cba004ba4883cdb6e9a49eb0386bc,MAN-000295|53d1e9b76a31263b
MAN-000296,2026-03,WH-024,VEH-0049,DRAFT,2409,131.94,290,BLOCKED,OFF-00001,2026-03-05T10:00:00,,,ca48a308c7a7b60f5239825b4b4e0bc3636c940582e2e02dc435a9930a13d6a1,MAN-000296|ca48a308c7a7b60f
MAN-000297,2026-03,WH-025,VEH-0100,LOCKED,2462,158.54,348,READY,OFF-00001,2026-03-05T10:00:00,OFF-00001,2026-03-06T14:00:00,8f896d07e0dbf4235f3202e63ba3f30ccbc4b3efd88ca2cac4468f463364ccf7,MAN-000297|8f896d07e0dbf423
MAN-000298,2026-03,WH-025,VEH-0100,LOCKED,2344,119.45,262,READY,OFF-00001,2026-03-05T10:00:00,OFF-00001,2026-03-06T14:00:00,6cca5e6d2193c2813f7937f8871405648ef0119483ee97c1b2f7e36888419072,MAN-000298|6cca5e6d2193c281
MAN-000299,2026-03,WH-025,VEH-0100,LOCKED,2417,68.34,150,READY,OFF-00001,2026-03-05T10:00:00,OFF-00001,2026-03-06T14:00:00,64d045105de684978139991c8417fe1ee01e8a9a3fda509a86f3a3484db6b4a9,MAN-000299|64d045105de68497
MAN-000300,2026-03,WH-025,VEH-0125,VALIDATED,2398,110.25,242,BLOCKED,OFF-00001,2026-03-05T10:00:00,,,8fba14471852de7c671de737a4f74bd7b67e1ab7f4306971e859fb05c60c76eb,MAN-000300|8fba14471852de7c
